AXFI004978
HFDTEDATE:050725
HFPLTPILOTINCHARGE:Serkan Kurd
HFCM2CREW2:NIL
HFGTYGLIDERTYPE:NKN
HFGIDGLIDERID:NKN
HFDTMGPSDATUM:WGS84
HFRFWFIRMWAREVERSION:2.03j
HFRHWHARDWAREVERSION:2.0
HFFTYFRTYPE:Flymaster,LIVESD,B311
HFGPSRECEIVER:UBLOX,CAM-M8Q,72,50000,GPS,GLO,GAL
HFPRSPRESSALTSENSOR:BOSCH,BMP280,9163
HFALGALTGPS:GEO
HFALPALTPRESSURE:ISA
LPLTFlymasterDesigner 2.04i
B1019084001872N03219696EA0106801130
B1019094001871N03219696EA0106801129
B1019104001871N03219696EA0106801129
B1019114001871N03219696EA0106801130
B1019124001871N03219696EA0106801130
B1019134001871N03219696EA0106801130
B1019144001872N03219696EA0106801130
B1019154001872N03219696EA0106801130
B1019164001872N03219696EA0106801130
B1019174001872N03219696EA0106801130
B1019184001872N03219694EA0106601129
B1019194001874N03219692EA0106501128
B1019204001875N03219688EA0106601127
B1019214001874N03219684EA0106501128
B1019224001874N03219680EA0106501130
B1019234001873N03219678EA0106701132
B1019244001872N03219676EA0106801132
B1019254001872N03219674EA0106801131
B1019264001873N03219671EA0106801130
B1019274001874N03219667EA0106601128
B1019284001875N03219663EA0106501127
B1019294001877N03219659EA0106401127
B1019304001880N03219655EA0106301126
B1019314001884N03219653EA0106301125
B1019324001890N03219651EA0106101123
B1019334001896N03219649EA0106001123
B1019344001902N03219645EA0106001124
B1019354001906N03219641EA0106201126
B1019364001910N03219637EA0106401129
B1019374001912N03219633EA0106701132
B1019384001914N03219630EA0106901134
B1019394001915N03219626EA0107101136
B1019404001917N03219623EA0107201136
B1019414001920N03219620EA0107201136
B1019424001924N03219617EA0107201136
B1019434001928N03219613EA0107201136
B1019444001931N03219608EA0107201136
B1019454001934N03219603EA0107301137
B1019464001936N03219597EA0107301137
B1019474001938N03219592EA0107301139
B1019484001941N03219587EA0107401139
B1019494001945N03219583EA0107501140
B1019504001949N03219578EA0107501140
B1019514001951N03219573EA0107501139
B1019524001953N03219568EA0107401139
B1019534001954N03219562EA0107401138
B1019544001955N03219557EA0107301139
B1019554001957N03219552EA0107401139
B1019564001960N03219547EA0107401139
B1019574001963N03219544EA0107401139
B1019584001967N03219541EA0107401138
B1019594001971N03219539EA0107301138
B1020004001976N03219537EA0107301137
B1020014001981N03219535EA0107301138
B1020024001986N03219532EA0107301138
B1020034001990N03219529EA0107301138
B1020044001993N03219524EA0107301139
B1020054001996N03219520EA0107401139
B1020064001998N03219517EA0107501140
B1020074002001N03219514EA0107501140
B1020084002004N03219512EA0107501140
B1020094002008N03219510EA0107501139
B1020104002012N03219508EA0107401139
B1020114002016N03219507EA0107401138
B1020124002021N03219504EA0107301138
B1020134002024N03219500EA0107401139
B1020144002028N03219496EA0107401139
B1020154002031N03219491EA0107501140
B1020164002034N03219487EA0107601142
B1020174002037N03219484EA0107801143
B1020184002041N03219481EA0107901145
B1020194002044N03219478EA0108001146
B1020204002047N03219475EA0108101146
B1020214002050N03219471EA0108201147
B1020224002053N03219466EA0108201148
B1020234002055N03219462EA0108301149
B1020244002059N03219458EA0108501150
B1020254002062N03219454EA0108601152
B1020264002064N03219450EA0108801154
B1020274002066N03219445EA0109001157
B1020284002067N03219440EA0109201159
B1020294002067N03219436EA0109401161
B1020304002067N03219432EA0109601163
B1020314002068N03219429EA0109801164
B1020324002071N03219426EA0109901165
B1020334002075N03219424EA0110101167
B1020344002079N03219423EA0110201169
B1020354002083N03219424EA0110401171
B1020364002088N03219427EA0110601172
B1020374002092N03219432EA0110801174
B1020384002095N03219440EA0111001176
B1020394002096N03219450EA0111201179
B1020404002095N03219460EA0111501181
B1020414002092N03219468EA0111701185
B1020424002088N03219474EA0112001187
B1020434002084N03219479EA0112101188
B1020444002079N03219482EA0112201189
B1020454002074N03219485EA0112301190
B1020464002068N03219488EA0112401191
B1020474002062N03219489EA0112601193
B1020484002057N03219487EA0112701195
B1020494002053N03219484EA0112901196
B1020504002051N03219480EA0113001197
B1020514002050N03219475EA0113101198
B1020524002049N03219471EA0113201200
B1020534002049N03219466EA0113401202
B1020544002049N03219462EA0113501203
B1020554002050N03219457EA0113701204
B1020564002051N03219452EA0113801205
B1020574002052N03219447EA0113901207
B1020584002054N03219441EA0114001209
B1020594002055N03219434EA0114201211
B1021004002056N03219428EA0114401214
B1021014002057N03219422EA0114801218
B1021024002058N03219415EA0115101221
B1021034002059N03219410EA0115401225
B1021044002060N03219404EA0115701228
B1021054002064N03219400EA0116101232
B1021064002068N03219398EA0116401234
B1021074002074N03219398EA0116601236
B1021084002081N03219401EA0116801237
B1021094002087N03219407EA0116901239
B1021104002091N03219416EA0117101241
B1021114002092N03219426EA0117401244
B1021124002091N03219436EA0117601247
B1021134002089N03219444EA0117901250
B1021144002086N03219452EA0118201252
B1021154002082N03219458EA0118401254
B1021164002078N03219465EA0118601256
B1021174002073N03219469EA0118801257
B1021184002067N03219472EA0118801258
B1021194002061N03219471EA0118801258
B1021204002056N03219467EA0118901259
B1021214002052N03219461EA0119101262
B1021224002050N03219455EA0119401266
B1021234002048N03219448EA0119801271
B1021244002048N03219441EA0120201275
B1021254002047N03219435EA0120701280
B1021264002046N03219430EA0121001284
B1021274002045N03219425EA0121501288
B1021284002046N03219421EA0121701289
B1021294002048N03219418EA0121801290
B1021304002050N03219415EA0121801289
B1021314002052N03219411EA0121701288
B1021324002054N03219407EA0121501286
B1021334002058N03219403EA0121401285
B1021344002064N03219400EA0121301285
B1021354002071N03219399EA0121401285
B1021364002078N03219400EA0121401286
B1021374002084N03219403EA0121401286
B1021384002090N03219409EA0121401285
B1021394002094N03219417EA0121401286
B1021404002097N03219426EA0121501286
B1021414002098N03219435EA0121501286
B1021424002097N03219444EA0121501286
B1021434002094N03219453EA0121601286
B1021444002091N03219461EA0121501287
B1021454002086N03219468EA0121601289
B1021464002081N03219474EA0121901293
B1021474002076N03219479EA0122201296
B1021484002072N03219482EA0122401298
B1021494002069N03219483EA0122701300
B1021504002066N03219484EA0122901302
B1021514002063N03219482EA0123001303
B1021524002059N03219480EA0123201305
B1021534002055N03219477EA0123401308
B1021544002053N03219473EA0123701311
B1021554002052N03219469EA0123901314
B1021564002053N03219465EA0124101315
B1021574002055N03219462EA0124201315
B1021584002059N03219459EA0124201315
B1021594002063N03219457EA0124201313
B1022004002069N03219455EA0124101313
B1022014002075N03219454EA0124001312
B1022024002082N03219455EA0123901311
B1022034002089N03219460EA0123901310
B1022044002096N03219466EA0123901310
B1022054002101N03219475EA0123901311
B1022064002104N03219484EA0124001313
B1022074002106N03219493EA0124201316
B1022084002107N03219502EA0124401318
B1022094002107N03219510EA0124601319
B1022104002106N03219519EA0124601319
B1022114002104N03219528EA0124701319
B1022124002102N03219537EA0124701319
B1022134002098N03219545EA0124701319
B1022144002094N03219552EA0124701320
B1022154002089N03219557EA0124701320
B1022164002082N03219560EA0124701320
B1022174002075N03219563EA0124801322
B1022184002069N03219564EA0125101325
B1022194002063N03219564EA0125301327
B1022204002058N03219563EA0125501330
B1022214002053N03219562EA0125801332
B1022224002049N03219559EA0126001335
B1022234002046N03219555EA0126301338
B1022244002043N03219551EA0126601340
B1022254002041N03219546EA0126801343
B1022264002041N03219541EA0127001345
B1022274002041N03219535EA0127201347
B1022284002043N03219530EA0127501350
B1022294002046N03219525EA0127801353
B1022304002051N03219521EA0128201357
B1022314002057N03219520EA0128401359
B1022324002064N03219522EA0128501359
B1022334002071N03219527EA0128601362
B1022344002075N03219534EA0128801364
B1022354002078N03219544EA0129001366
B1022364002078N03219554EA0129201369
B1022374002077N03219564EA0129501373
B1022384002075N03219571EA0129901377
B1022394002071N03219576EA0130301381
B1022404002066N03219577EA0130601382
B1022414002062N03219576EA0130701384
B1022424002058N03219573EA0130801385
B1022434002057N03219568EA0131001387
B1022444002056N03219563EA0131201389
B1022454002056N03219559EA0131501393
B1022464002057N03219556EA0131801396
B1022474002058N03219552EA0132101397
B1022484002060N03219548EA0132201399
B1022494002062N03219544EA0132401401
B1022504002063N03219540EA0132601403
B1022514002065N03219536EA0132701403
B1022524002068N03219532EA0132701404
B1022534002071N03219528EA0132701403
B1022544002075N03219525EA0132701402
B1022554002081N03219523EA0132501400
B1022564002087N03219524EA0132401399
B1022574002093N03219527EA0132301398
B1022584002099N03219532EA0132201397
B1022594002105N03219539EA0132201398
B1023004002109N03219547EA0132301399
B1023014002113N03219555EA0132401401
B1023024002115N03219564EA0132601403
B1023034002117N03219573EA0132801406
B1023044002118N03219582EA0133001407
B1023054002118N03219591EA0133101408
B1023064002118N03219599EA0133301409
B1023074002115N03219608EA0133401411
B1023084002111N03219616EA0133601413
B1023094002106N03219620EA0133901417
B1023104002100N03219622EA0134301421
B1023114002096N03219621EA0134601424
B1023124002092N03219617EA0134901428
B1023134002090N03219612EA0135201430
B1023144002090N03219605EA0135401433
B1023154002092N03219600EA0135701436
B1023164002096N03219597EA0136001439
B1023174002102N03219596EA0136301441
B1023184002108N03219597EA0136401441
B1023194002114N03219601EA0136501442
B1023204002120N03219608EA0136601443
B1023214002124N03219615EA0136801446
B1023224002127N03219623EA0137001449
B1023234002129N03219632EA0137201451
B1023244002128N03219640EA0137401452
B1023254002126N03219649EA0137501452
B1023264002122N03219657EA0137501453
B1023274002115N03219662EA0137701455
B1023284002109N03219663EA0138001459
B1023294002104N03219662EA0138301464
B1023304002100N03219661EA0138601468
B1023314002096N03219660EA0138901470
B1023324002093N03219660EA0139101471
B1023334002089N03219659EA0139201471
B1023344002084N03219656EA0139201471
B1023354002079N03219650EA0139301472
B1023364002075N03219644EA0139501476
B1023374002074N03219637EA0139701479
B1023384002075N03219632EA0140001480
B1023394002077N03219627EA0140001479
B1023404002081N03219624EA0140001478
B1023414002086N03219620EA0139801477
B1023424002091N03219616EA0139901478
B1023434002096N03219613EA0140001479
B1023444002101N03219613EA0140001480
B1023454002107N03219616EA0140101480
B1023464002112N03219621EA0140101481
B1023474002115N03219628EA0140201482
B1023484002117N03219636EA0140301483
B1023494002117N03219643EA0140301484
B1023504002117N03219651EA0140401484
B1023514002114N03219658EA0140501484
B1023524002110N03219664EA0140401484
B1023534002105N03219668EA0140501484
B1023544002100N03219671EA0140501486
B1023554002095N03219673EA0140601487
B1023564002089N03219674EA0140801488
B1023574002084N03219676EA0140901489
B1023584002079N03219677EA0140901490
B1023594002075N03219678EA0140901490
B1024004002070N03219677EA0140901489
B1024014002065N03219675EA0140701486
B1024024002061N03219670EA0140501482
B1024034002058N03219664EA0140201479
B1024044002055N03219658EA0139901475
B1024054002054N03219651EA0139501472
B1024064002054N03219644EA0139201468
B1024074002056N03219638EA0138701464
B1024084002058N03219632EA0138301459
B1024094002062N03219625EA0137801454
B1024104002066N03219620EA0137301448
B1024114002072N03219615EA0136801442
B1024124002078N03219611EA0136301437
B1024134002085N03219608EA0135801431
B1024144002093N03219607EA0135301425
B1024154002100N03219606EA0134701420
B1024164002108N03219606EA0134201415
B1024174002116N03219606EA0133701410
B1024184002124N03219606EA0133301406
B1024194002132N03219607EA0133001402
B1024204002140N03219609EA0132601399
B1024214002148N03219612EA0132301397
B1024224002155N03219615EA0132201396
B1024234002161N03219619EA0132101395
B1024244002167N03219623EA0132001393
B1024254002174N03219627EA0131901392
B1024264002181N03219630EA0131701391
B1024274002188N03219632EA0131701391
B1024284002196N03219633EA0131801392
B1024294002204N03219634EA0132001394
B1024304002212N03219636EA0132101397
B1024314002219N03219638EA0132301398
B1024324002227N03219641EA0132501400
B1024334002234N03219642EA0132701403
B1024344002240N03219642EA0132801404
B1024354002245N03219641EA0133001406
B1024364002250N03219640EA0133201407
B1024374002254N03219639EA0133301408
B1024384002259N03219640EA0133401408
B1024394002263N03219644EA0133301406
B1024404002268N03219650EA0133101404
B1024414002272N03219658EA0133001403
B1024424002275N03219668EA0132901403
B1024434002275N03219677EA0132901403
B1024444002272N03219686EA0132901403
B1024454002268N03219694EA0132801402
B1024464002263N03219699EA0132701400
B1024474002257N03219703EA0132601399
B1024484002252N03219709EA0132501399
B1024494002248N03219716EA0132501399
B1024504002245N03219725EA0132501400
B1024514002242N03219734EA0132601402
B1024524002239N03219742EA0132901405
B1024534002236N03219747EA0133101407
B1024544002233N03219750EA0133201408
B1024554002229N03219753EA0133301409
B1024564002226N03219754EA0133401409
B1024574002223N03219754EA0133401409
B1024584002220N03219752EA0133401409
B1024594002218N03219748EA0133401409
B1025004002216N03219743EA0133501410
B1025014002215N03219737EA0133601412
B1025024002215N03219729EA0133801414
B1025034002217N03219722EA0134001417
B1025044002219N03219716EA0134301421
B1025054002222N03219711EA0134701425
B1025064002225N03219708EA0134901426
B1025074002227N03219705EA0134901426
B1025084002229N03219700EA0134901426
B1025094002231N03219693EA0135001425
B1025104002233N03219685EA0135001426
B1025114002235N03219679EA0135101429
B1025124002239N03219675EA0135301431
B1025134002243N03219673EA0135401431
B1025144002248N03219674EA0135401429
B1025154002254N03219676EA0135201427
B1025164002259N03219678EA0135101424
B1025174002265N03219680EA0134801422
B1025184002271N03219683EA0134601421
B1025194002277N03219688EA0134601421
B1025204002282N03219695EA0134601420
B1025214002285N03219703EA0134501420
B1025224002286N03219712EA0134501420
B1025234002284N03219721EA0134501420
B1025244002282N03219729EA0134501420
B1025254002278N03219735EA0134401420
B1025264002273N03219740EA0134401420
B1025274002268N03219743EA0134401420
B1025284002263N03219744EA0134401419
B1025294002257N03219744EA0134301419
B1025304002252N03219742EA0134301418
B1025314002247N03219739EA0134201417
B1025324002242N03219734EA0134101416
B1025334002239N03219730EA0134001416
B1025344002237N03219725EA0133901415
B1025354002237N03219720EA0133801413
B1025364002238N03219713EA0133601410
B1025374002242N03219707EA0133301406
B1025384002247N03219700EA0133001403
B1025394002252N03219696EA0132801402
B1025404002257N03219694EA0132601401
B1025414002261N03219694EA0132501399
B1025424002266N03219696EA0132301396
B1025434002271N03219698EA0132001393
B1025444002277N03219700EA0131801390
B1025454002285N03219702EA0131601390
B1025464002292N03219703EA0131601391
B1025474002298N03219705EA0131601392
B1025484002304N03219708EA0131801393
B1025494002309N03219712EA0131901394
B1025504002314N03219716EA0132001395
B1025514002320N03219720EA0132001396
B1025524002325N03219724EA0132101396
B1025534002329N03219729EA0132101396
B1025544002334N03219736EA0132201397
B1025554002338N03219742EA0132201398
B1025564002343N03219747EA0132301400
B1025574002348N03219751EA0132501402
B1025584002353N03219754EA0132701403
B1025594002358N03219759EA0132801404
B1026004002362N03219765EA0132901404
B1026014002366N03219773EA0132901403
B1026024002369N03219782EA0132901403
B1026034002371N03219793EA0132901404
B1026044002373N03219805EA0133001407
B1026054002374N03219816EA0133301410
B1026064002375N03219827EA0133601414
B1026074002376N03219837EA0133901418
B1026084002378N03219847EA0134201420
B1026094002380N03219856EA0134401422
B1026104002381N03219866EA0134601423
B1026114002380N03219875EA0134701424
B1026124002378N03219884EA0134801424
B1026134002375N03219893EA0134701423
B1026144002370N03219901EA0134701423
B1026154002365N03219907EA0134601422
B1026164002359N03219911EA0134601422
B1026174002353N03219912EA0134501421
B1026184002349N03219911EA0134401420
B1026194002345N03219908EA0134301418
B1026204002344N03219903EA0134101416
B1026214002344N03219898EA0133901413
B1026224002347N03219894EA0133601409
B1026234002352N03219890EA0133201405
B1026244002359N03219887EA0132801400
B1026254002366N03219885EA0132401397
B1026264002374N03219885EA0132201397
B1026274002382N03219886EA0132201398
B1026284002389N03219889EA0132401401
B1026294002395N03219893EA0132801407
B1026304002400N03219896EA0133301413
B1026314002405N03219899EA0133801417
B1026324002409N03219902EA0134101420
B1026334002414N03219907EA0134401422
B1026344002418N03219914EA0134601423
B1026354002422N03219923EA0134701423
B1026364002425N03219934EA0134701423
B1026374002424N03219944EA0134701424
B1026384002422N03219954EA0134801424
B1026394002417N03219961EA0134801423
B1026404002410N03219964EA0134701422
B1026414002404N03219966EA0134701423
B1026424002398N03219965EA0134801426
B1026434002392N03219965EA0135001429
B1026444002388N03219965EA0135401433
B1026454002383N03219964EA0135801436
B1026464002380N03219963EA0136001438
B1026474002377N03219962EA0136101438
B1026484002374N03219962EA0136101436
B1026494002370N03219960EA0135901434
B1026504002368N03219957EA0135701433
B1026514002367N03219951EA0135601433
B1026524002367N03219945EA0135701434
B1026534002370N03219940EA0135801436
B1026544002373N03219936EA0135901436
B1026554002377N03219931EA0135901436
B1026564002381N03219926EA0135901435
B1026574002385N03219919EA0135801433
B1026584002390N03219913EA0135701432
B1026594002395N03219909EA0135501431
B1027004002400N03219907EA0135401430
B1027014002405N03219904EA0135301428
B1027024002411N03219899EA0135201427
B1027034002417N03219894EA0135201428
B1027044002422N03219890EA0135201430
B1027054002427N03219886EA0135401433
B1027064002432N03219883EA0135701435
B1027074002436N03219881EA0135901437
B1027084002441N03219881EA0136101439
B1027094002446N03219883EA0136201440
B1027104002451N03219884EA0136301440
B1027114002457N03219885EA0136301440
B1027124002462N03219884EA0136401441
B1027134002466N03219883EA0136501443
B1027144002468N03219881EA0136601444
B1027154002471N03219879EA0136701445
B1027164002473N03219878EA0136801444
B1027174002477N03219877EA0136801444
B1027184002481N03219877EA0136801443
B1027194002487N03219881EA0136701443
B1027204002493N03219886EA0136601443
B1027214002499N03219894EA0136701445
B1027224002503N03219902EA0136901448
B1027234002506N03219911EA0137101450
B1027244002508N03219921EA0137301452
B1027254002507N03219930EA0137401452
B1027264002506N03219940EA0137401452
B1027274002503N03219950EA0137301451
B1027284002500N03219959EA0137301451
B1027294002497N03219969EA0137301451
B1027304002494N03219977EA0137301451
B1027314002490N03219985EA0137401452
B1027324002486N03219992EA0137501454
B1027334002483N03219998EA0137701457
B1027344002479N03220003EA0137801459
B1027354002476N03220009EA0138001460
B1027364002472N03220014EA0138101461
B1027374002467N03220019EA0138101460
B1027384002462N03220024EA0138201461
B1027394002455N03220027EA0138301463
B1027404002449N03220029EA0138601466
B1027414002445N03220029EA0138801469
B1027424002442N03220029EA0138901469
B1027434002439N03220030EA0138901468
B1027444002436N03220031EA0138801466
B1027454002431N03220031EA0138601464
B1027464002427N03220030EA0138401461
B1027474002423N03220028EA0138201460
B1027484002418N03220026EA0138001457
B1027494002414N03220024EA0137801455
B1027504002409N03220022EA0137601454
B1027514002405N03220021EA0137401452
B1027524002402N03220020EA0137201449
B1027534002399N03220019EA0136901446
B1027544002395N03220018EA0136501441
B1027554002390N03220016EA0136101435
B1027564002384N03220012EA0135601431
B1027574002380N03220008EA0135301431
B1027584002377N03220005EA0135201431
B1027594002375N03220002EA0135101430
B1028004002373N03220000EA0135001428
B1028014002371N03219998EA0134701425
B1028024002368N03219996EA0134401421
B1028034002364N03219995EA0134001418
B1028044002359N03219996EA0133701414
B1028054002354N03220000EA0133401411
B1028064002350N03220005EA0133101409
B1028074002346N03220009EA0132901407
B1028084002341N03220011EA0132701405
B1028094002336N03220011EA0132501402
B1028104002331N03220010EA0132301400
B1028114002326N03220011EA0132101399
B1028124002322N03220012EA0132001399
B1028134002319N03220014EA0131901398
B1028144002315N03220013EA0131901398
B1028154002312N03220011EA0131701395
B1028164002308N03220006EA0131501394
B1028174002303N03220002EA0131601397
B1028184002300N03219999EA0131901403
B1028194002298N03219998EA0132401409
B1028204002297N03219997EA0132901410
B1028214002296N03219998EA0132901409
B1028224002293N03219998EA0132701406
B1028234002289N03219998EA0132201400
B1028244002283N03220001EA0131601397
B1028254002277N03220005EA0131501398
B1028264002274N03220007EA0131501399
B1028274002271N03220007EA0131501399
B1028284002269N03220005EA0131401395
B1028294002265N03220003EA0131101391
B1028304002260N03220002EA0130701387
B1028314002256N03220003EA0130401386
B1028324002251N03220003EA0130401386
B1028334002249N03220001EA0130301384
B1028344002248N03219997EA0130001382
B1028354002248N03219991EA0129801379
B1028364002247N03219984EA0129501377
B1028374002246N03219977EA0129401375
B1028384002243N03219971EA0129201374
B1028394002240N03219967EA0129201372
B1028404002239N03219964EA0129101372
B1028414002238N03219961EA0128901370
B1028424002237N03219957EA0128701367
B1028434002235N03219951EA0128401362
B1028444002233N03219944EA0127901357
B1028454002229N03219936EA0127501355
B1028464002225N03219931EA0127201356
B1028474002221N03219929EA0127301357
B1028484002219N03219928EA0127401356
B1028494002216N03219928EA0127201353
B1028504002212N03219928EA0126801346
B1028514002207N03219926EA0126201339
B1028524002202N03219921EA0125501332
B1028534002197N03219913EA0124901328
B1028544002194N03219904EA0124701329
B1028554002190N03219897EA0124801334
B1028564002188N03219893EA0125301339
B1028574002185N03219891EA0125701341
B1028584002182N03219890EA0125901342
B1028594002179N03219887EA0126001341
B1029004002174N03219883EA0125801338
B1029014002169N03219878EA0125601335
B1029024002164N03219873EA0125401335
B1029034002158N03219870EA0125501337
B1029044002153N03219867EA0125601339
B1029054002150N03219864EA0125801340
B1029064002148N03219859EA0125801338
B1029074002146N03219855EA0125601336
B1029084002142N03219850EA0125501333
B1029094002137N03219845EA0125201331
B1029104002131N03219841EA0125001331
B1029114002127N03219837EA0125001333
B1029124002123N03219834EA0125101333
B1029134002120N03219831EA0125201333
B1029144002116N03219828EA0125101332
B1029154002112N03219826EA0125001330
B1029164002107N03219823EA0124801328
B1029174002102N03219820EA0124701327
B1029184002099N03219816EA0124701328
B1029194002096N03219812EA0124701327
B1029204002093N03219808EA0124701327
B1029214002089N03219805EA0124601325
B1029224002084N03219803EA0124501324
B1029234002078N03219800EA0124401323
B1029244002074N03219796EA0124201322
B1029254002070N03219792EA0124201323
B1029264002066N03219788EA0124301324
B1029274002063N03219785EA0124401324
B1029284002059N03219781EA0124401324
B1029294002055N03219778EA0124401324
B1029304002050N03219774EA0124401324
B1029314002046N03219770EA0124401324
B1029324002042N03219765EA0124501326
B1029334002038N03219760EA0124601327
B1029344002034N03219755EA0124801329
B1029354002030N03219750EA0124901331
B1029364002025N03219746EA0125101333
B1029374002021N03219744EA0125301335
B1029384002017N03219742EA0125601337
B1029394002012N03219739EA0125801338
B1029404002008N03219736EA0125901339
B1029414002003N03219732EA0125901340
B1029424001998N03219727EA0126201343
B1029434001993N03219724EA0126501348
B1029444001990N03219721EA0126901352
B1029454001987N03219718EA0127201355
B1029464001984N03219715EA0127501357
B1029474001982N03219712EA0127701359
B1029484001981N03219708EA0127901360
B1029494001980N03219703EA0128001361
B1029504001981N03219698EA0128201363
B1029514001983N03219694EA0128401366
B1029524001987N03219692EA0128701368
B1029534001992N03219693EA0128801368
B1029544001997N03219696EA0128901368
B1029554002003N03219702EA0128901367
B1029564002009N03219708EA0128901368
B1029574002014N03219716EA0129001370
B1029584002018N03219724EA0129201371
B1029594002020N03219734EA0129301372
B1030004002020N03219744EA0129401373
B1030014002019N03219753EA0129501374
B1030024002016N03219762EA0129501374
B1030034002011N03219770EA0129601376
B1030044002005N03219776EA0129701377
B1030054001999N03219780EA0129901379
B1030064001993N03219781EA0130101381
B1030074001987N03219781EA0130301383
B1030084001982N03219778EA0130501386
B1030094001978N03219775EA0130701388
B1030104001975N03219771EA0131001391
B1030114001973N03219767EA0131201393
B1030124001971N03219762EA0131501396
B1030134001970N03219757EA0131701399
B1030144001970N03219753EA0132001401
B1030154001973N03219749EA0132201403
B1030164001977N03219748EA0132401405
B1030174001982N03219749EA0132601406
B1030184001988N03219752EA0132701407
B1030194001993N03219757EA0132801408
B1030204001999N03219764EA0132901409
B1030214002003N03219772EA0133001410
B1030224002006N03219782EA0133101411
B1030234002007N03219792EA0133201411
B1030244002006N03219803EA0133301413
B1030254002003N03219812EA0133401414
B1030264001999N03219821EA0133501415
B1030274001992N03219827EA0133601416
B1030284001986N03219831EA0133701418
B1030294001979N03219833EA0133901420
B1030304001973N03219834EA0134101422
B1030314001967N03219832EA0134301424
B1030324001962N03219830EA0134601427
B1030334001956N03219827EA0134801430
B1030344001952N03219824EA0135101433
B1030354001947N03219820EA0135501438
B1030364001944N03219816EA0135801441
B1030374001942N03219810EA0136101444
B1030384001941N03219805EA0136401447
B1030394001941N03219800EA0136701451
B1030404001942N03219795EA0137101455
B1030414001943N03219791EA0137501459
B1030424001945N03219788EA0137801462
B1030434001946N03219784EA0138101464
B1030444001947N03219779EA0138301466
B1030454001947N03219775EA0138501468
B1030464001949N03219771EA0138701470
B1030474001952N03219768EA0139001472
B1030484001957N03219766EA0139101473
B1030494001962N03219766EA0139201474
B1030504001968N03219769EA0139401475
B1030514001973N03219774EA0139501477
B1030524001977N03219782EA0139701477
B1030534001978N03219792EA0139701476
B1030544001977N03219803EA0139701476
B1030554001975N03219814EA0139601476
B1030564001972N03219824EA0139701479
B1030574001969N03219833EA0139901481
B1030584001965N03219841EA0140101483
B1030594001959N03219847EA0140301485
B1031004001952N03219852EA0140501487
B1031014001945N03219854EA0140801489
B1031024001939N03219854EA0141001491
B1031034001933N03219853EA0141201494
B1031044001928N03219850EA0141401497
B1031054001923N03219846EA0141701500
B1031064001920N03219841EA0142001502
B1031074001919N03219835EA0142201504
B1031084001920N03219828EA0142501508
B1031094001923N03219824EA0142901513
B1031104001927N03219822EA0143401518
B1031114001931N03219822EA0143801521
B1031124001936N03219824EA0144101525
B1031134001940N03219825EA0144401528
B1031144001944N03219826EA0144601529
B1031154001949N03219830EA0144801531
B1031164001954N03219835EA0145001532
B1031174001958N03219843EA0145101533
B1031184001961N03219852EA0145201535
B1031194001963N03219862EA0145401537
B1031204001963N03219872EA0145601541
B1031214001962N03219882EA0145901543
B1031224001959N03219891EA0146101545
B1031234001954N03219899EA0146301547
B1031244001948N03219906EA0146601550
B1031254001942N03219911EA0146801553
B1031264001936N03219916EA0147201557
B1031274001930N03219920EA0147601562
B1031284001924N03219924EA0148101567
B1031294001918N03219927EA0148601572
B1031304001911N03219929EA0149001576
B1031314001905N03219930EA0149401581
B1031324001899N03219929EA0149901585
B1031334001894N03219927EA0150301590
B1031344001889N03219925EA0150701594
B1031354001885N03219921EA0151101599
B1031364001883N03219917EA0151601602
B1031374001882N03219912EA0152001606
B1031384001884N03219908EA0152401610
B1031394001887N03219904EA0152701614
B1031404001891N03219903EA0153201619
B1031414001895N03219903EA0153701623
B1031424001900N03219904EA0154201629
B1031434001904N03219907EA0154701634
B1031444001908N03219911EA0155101638
B1031454001912N03219916EA0155501642
B1031464001916N03219922EA0155801646
B1031474001918N03219930EA0156101648
B1031484001920N03219940EA0156401651
B1031494001920N03219950EA0156601655
B1031504001919N03219961EA0156901658
B1031514001916N03219971EA0157201662
B1031524001911N03219981EA0157601666
B1031534001906N03219989EA0157901670
B1031544001899N03219997EA0158401674
B1031554001892N03220003EA0158901680
B1031564001885N03220009EA0159501686
B1031574001879N03220015EA0160001692
B1031584001873N03220021EA0160601697
B1031594001867N03220026EA0161001701
B1032004001861N03220030EA0161201702
B1032014001854N03220032EA0161301703
B1032024001848N03220032EA0161401704
B1032034001842N03220029EA0161401705
B1032044001837N03220025EA0161501706
B1032054001833N03220019EA0161501706
B1032064001830N03220011EA0161601706
B1032074001828N03220002EA0161701707
B1032084001828N03219992EA0161901709
B1032094001829N03219983EA0162101712
B1032104001833N03219975EA0162401715
B1032114001838N03219972EA0162801718
B1032124001844N03219971EA0163101722
B1032134001849N03219972EA0163501728
B1032144001853N03219973EA0164001734
B1032154001857N03219976EA0164501739
B1032164001861N03219979EA0165001744
B1032174001866N03219985EA0165501749
B1032184001870N03219993EA0166001754
B1032194001872N03220002EA0166501758
B1032204001873N03220011EA0166901764
B1032214001873N03220020EA0167501769
B1032224001872N03220029EA0167901774
B1032234001871N03220038EA0168301777
B1032244001870N03220048EA0168701781
B1032254001868N03220059EA0169001784
B1032264001864N03220070EA0169401787
B1032274001859N03220080EA0169701790
B1032284001852N03220088EA0169901792
B1032294001844N03220093EA0170001794
B1032304001836N03220096EA0170101796
B1032314001829N03220096EA0170301798
B1032324001822N03220095EA0170401798
B1032334001815N03220093EA0170401798
B1032344001808N03220089EA0170601797
B1032354001801N03220085EA0170501797
B1032364001796N03220078EA0170501797
B1032374001792N03220070EA0170601798
B1032384001790N03220061EA0170601799
B1032394001791N03220053EA0170701801
B1032404001793N03220046EA0170801803
B1032414001797N03220041EA0170901804
B1032424001803N03220037EA0171101805
B1032434001809N03220036EA0171401808
B1032444001816N03220037EA0171601812
B1032454001821N03220041EA0172101816
B1032464001825N03220047EA0172501821
B1032474001828N03220056EA0173001827
B1032484001830N03220064EA0173401831
B1032494001832N03220073EA0173901835
B1032504001834N03220081EA0174301839
B1032514001837N03220090EA0174701843
B1032524001839N03220099EA0175101848
B1032534001839N03220107EA0175501851
B1032544001837N03220116EA0175901854
B1032554001833N03220124EA0176001854
B1032564001828N03220132EA0176101855
B1032574001821N03220138EA0176201856
B1032584001814N03220143EA0176201858
B1032594001806N03220148EA0176401861
B1033004001799N03220152EA0176701864
B1033014001792N03220154EA0176901867
B1033024001785N03220156EA0177201870
B1033034001778N03220156EA0177401872
B1033044001772N03220154EA0177501873
B1033054001766N03220151EA0177701873
B1033064001762N03220146EA0177701874
B1033074001758N03220141EA0177701874
B1033084001754N03220135EA0177701873
B1033094001752N03220129EA0177601873
B1033104001751N03220122EA0177601872
B1033114001750N03220114EA0177501871
B1033124001749N03220107EA0177601872
B1033134001750N03220100EA0177601873
B1033144001753N03220094EA0177601872
B1033154001757N03220089EA0177601873
B1033164001761N03220085EA0177701873
B1033174001765N03220081EA0177701874
B1033184001770N03220078EA0177801875
B1033194001775N03220075EA0177901876
B1033204001780N03220072EA0178001878
B1033214001785N03220069EA0178201880
B1033224001789N03220065EA0178501883
B1033234001792N03220061EA0178901888
B1033244001795N03220057EA0179301892
B1033254001798N03220054EA0179701896
B1033264001801N03220051EA0180101900
B1033274001804N03220048EA0180501904
B1033284001807N03220045EA0180901909
B1033294001810N03220043EA0181301913
B1033304001813N03220042EA0181601916
B1033314001818N03220042EA0181901918
B1033324001823N03220044EA0182201921
B1033334001828N03220048EA0182601926
B1033344001833N03220054EA0183001930
B1033354001835N03220060EA0183401935
B1033364001836N03220069EA0183701938
B1033374001837N03220077EA0184001941
B1033384001837N03220086EA0184301945
B1033394001836N03220095EA0184601947
B1033404001834N03220104EA0184801950
B1033414001830N03220113EA0185001951
B1033424001824N03220120EA0185201952
B1033434001817N03220127EA0185401955
B1033444001811N03220133EA0185601959
B1033454001804N03220138EA0186001964
B1033464001798N03220141EA0186401968
B1033474001793N03220142EA0186901972
B1033484001788N03220143EA0187201975
B1033494001784N03220143EA0187501978
B1033504001779N03220143EA0187701981
B1033514001774N03220143EA0188001984
B1033524001769N03220142EA0188301986
B1033534001764N03220141EA0188501989
B1033544001760N03220138EA0188701991
B1033554001756N03220134EA0189001993
B1033564001754N03220128EA0189101995
B1033574001754N03220121EA0189301996
B1033584001755N03220115EA0189501999
B1033594001758N03220109EA0189802004
B1034004001761N03220106EA0190302011
B1034014001764N03220105EA0190902016
B1034024001767N03220106EA0191302020
B1034034001771N03220106EA0191502021
B1034044001776N03220108EA0191702022
B1034054001781N03220110EA0191902025
B1034064001787N03220112EA0192202028
B1034074001792N03220115EA0192502033
B1034084001796N03220121EA0193002037
B1034094001799N03220128EA0193402041
B1034104001800N03220138EA0193702044
B1034114001798N03220147EA0194102048
B1034124001796N03220157EA0194402052
B1034134001793N03220165EA0194802056
B1034144001789N03220172EA0195102058
B1034154001785N03220180EA0195302061
B1034164001781N03220188EA0195602062
B1034174001776N03220195EA0195802065
B1034184001771N03220200EA0196002066
B1034194001764N03220204EA0196102067
B1034204001756N03220206EA0196202069
B1034214001749N03220207EA0196402071
B1034224001743N03220206EA0196702076
B1034234001738N03220204EA0197002079
B1034244001733N03220201EA0197302081
B1034254001729N03220197EA0197502083
B1034264001725N03220192EA0197802085
B1034274001722N03220186EA0198002087
B1034284001718N03220180EA0198202089
B1034294001715N03220174EA0198302091
B1034304001713N03220168EA0198602093
B1034314001710N03220163EA0198802096
B1034324001707N03220157EA0199002099
B1034334001705N03220151EA0199202100
B1034344001703N03220143EA0199402101
B1034354001700N03220135EA0199602104
B1034364001697N03220128EA0199902108
B1034374001694N03220121EA0200302113
B1034384001690N03220115EA0200802118
B1034394001687N03220109EA0201102121
B1034404001684N03220103EA0201502124
B1034414001680N03220096EA0201702125
B1034424001676N03220089EA0201902127
B1034434001671N03220083EA0202102130
B1034444001666N03220077EA0202302132
B1034454001661N03220072EA0202502134
B1034464001655N03220066EA0202802136
B1034474001651N03220061EA0202902138
B1034484001646N03220056EA0203002139
B1034494001641N03220053EA0203102139
B1034504001635N03220050EA0203002138
B1034514001628N03220048EA0202802136
B1034524001621N03220046EA0202702136
B1034534001615N03220042EA0202702137
B1034544001609N03220037EA0202802139
B1034554001604N03220033EA0202902140
B1034564001599N03220030EA0203202142
B1034574001595N03220026EA0203202143
B1034584001592N03220022EA0203302144
B1034594001589N03220017EA0203302142
B1035004001587N03220011EA0203202140
B1035014001585N03220002EA0203002137
B1035024001584N03219993EA0202802136
B1035034001584N03219984EA0202702136
B1035044001585N03219975EA0202702137
B1035054001587N03219968EA0202702137
B1035064001590N03219961EA0202802138
B1035074001593N03219955EA0202802138
B1035084001597N03219949EA0202802137
B1035094001601N03219943EA0202702137
B1035104001606N03219938EA0202702136
B1035114001611N03219934EA0202602136
B1035124001617N03219931EA0202602135
B1035134001623N03219928EA0202502134
B1035144001629N03219925EA0202402132
B1035154001636N03219923EA0202202129
B1035164001643N03219922EA0201902127
B1035174001649N03219921EA0201802126
B1035184001655N03219922EA0201702126
B1035194001661N03219922EA0201702126
B1035204001666N03219923EA0201702125
B1035214001671N03219924EA0201602124
B1035224001676N03219925EA0201502123
B1035234001682N03219925EA0201402122
B1035244001687N03219926EA0201302121
B1035254001693N03219927EA0201402122
B1035264001699N03219929EA0201402123
B1035274001704N03219929EA0201502124
B1035284001710N03219930EA0201602125
B1035294001716N03219930EA0201602125
B1035304001721N03219931EA0201602125
B1035314001728N03219932EA0201702126
B1035324001734N03219933EA0201902129
B1035334001739N03219934EA0202102132
B1035344001743N03219936EA0202502136
B1035354001746N03219938EA0202802139
B1035364001749N03219941EA0203102141
B1035374001752N03219945EA0203202141
B1035384001756N03219951EA0203202142
B1035394001759N03219958EA0203202141
B1035404001761N03219967EA0203202142
B1035414001761N03219977EA0203302142
B1035424001758N03219987EA0203402143
B1035434001753N03219996EA0203502144
B1035444001747N03220003EA0203602146
B1035454001741N03220008EA0203702147
B1035464001734N03220011EA0203902150
B1035474001727N03220013EA0204102152
B1035484001720N03220012EA0204302153
B1035494001714N03220010EA0204502155
B1035504001709N03220007EA0204602157
B1035514001704N03220003EA0204802159
B1035524001701N03219999EA0205002160
B1035534001699N03219993EA0205202162
B1035544001699N03219987EA0205302162
B1035554001700N03219981EA0205402163
B1035564001702N03219975EA0205502165
B1035574001706N03219970EA0205602166
B1035584001709N03219966EA0205702167
B1035594001713N03219963EA0205902169
B1036004001716N03219958EA0206102172
B1036014001718N03219953EA0206302174
B1036024001720N03219948EA0206502176
B1036034001722N03219945EA0206702178
B1036044001725N03219943EA0206802178
B1036054001729N03219943EA0206902179
B1036064001734N03219944EA0206802178
B1036074001739N03219945EA0206802178
B1036084001744N03219946EA0207002181
B1036094001749N03219947EA0207202185
B1036104001753N03219949EA0207502188
B1036114001756N03219953EA0207902192
B1036124001759N03219958EA0208202194
B1036134001762N03219962EA0208302195
B1036144001765N03219967EA0208302195
B1036154001769N03219973EA0208302195
B1036164001773N03219979EA0208302195
B1036174001776N03219984EA0208502196
B1036184001779N03219988EA0208602198
B1036194001783N03219991EA0208602199
B1036204001787N03219994EA0208602198
B1036214001791N03219998EA0208702198
B1036224001794N03220003EA0208702199
B1036234001798N03220006EA0208802200
B1036244001801N03220008EA0208902201
B1036254001804N03220010EA0209002201
B1036264001806N03220014EA0208902200
B1036274001809N03220019EA0208802198
B1036284001812N03220025EA0208602196
B1036294001814N03220031EA0208402195
B1036304001816N03220039EA0208302194
B1036314001817N03220046EA0208302194
B1036324001817N03220054EA0208202193
B1036334001817N03220062EA0208202192
B1036344001814N03220071EA0208102191
B1036354001810N03220079EA0208002190
B1036364001804N03220084EA0207902189
B1036374001797N03220088EA0207802188
B1036384001789N03220091EA0207602187
B1036394001781N03220093EA0207602187
B1036404001774N03220094EA0207602187
B1036414001767N03220095EA0207602187
B1036424001759N03220097EA0207502186
B1036434001751N03220098EA0207402185
B1036444001743N03220100EA0207402184
B1036454001734N03220102EA0207302184
B1036464001726N03220103EA0207302185
B1036474001717N03220104EA0207402186
B1036484001709N03220104EA0207602188
B1036494001701N03220104EA0207802190
B1036504001694N03220106EA0208002192
B1036514001686N03220107EA0208202194
B1036524001679N03220108EA0208402196
B1036534001671N03220109EA0208502197
B1036544001664N03220109EA0208602197
B1036554001657N03220110EA0208702198
B1036564001649N03220111EA0208702198
B1036574001641N03220113EA0208602197
B1036584001633N03220116EA0208702197
B1036594001625N03220118EA0208802199
B1037004001617N03220118EA0208902202
B1037014001610N03220118EA0209302206
B1037024001604N03220118EA0209702209
B1037034001598N03220118EA0209902211
B1037044001592N03220119EA0210102212
B1037054001585N03220118EA0210302213
B1037064001579N03220115EA0210402214
B1037074001575N03220110EA0210502215
B1037084001574N03220103EA0210502214
B1037094001574N03220096EA0210402212
B1037104001575N03220087EA0210302211
B1037114001577N03220078EA0210302212
B1037124001580N03220072EA0210302214
B1037134001584N03220068EA0210502216
B1037144001588N03220065EA0210702218
B1037154001592N03220063EA0210802219
B1037164001596N03220060EA0210902220
B1037174001602N03220058EA0211002220
B1037184001608N03220057EA0211102222
B1037194001613N03220059EA0211202224
B1037204001618N03220062EA0211402225
B1037214001621N03220068EA0211502227
B1037224001622N03220074EA0211602227
B1037234001623N03220081EA0211702228
B1037244001624N03220089EA0211802229
B1037254001622N03220096EA0211902230
B1037264001620N03220104EA0211902230
B1037274001616N03220111EA0211902230
B1037284001611N03220119EA0211802229
B1037294001607N03220126EA0211702228
B1037304001601N03220134EA0211602226
B1037314001595N03220142EA0211402225
B1037324001589N03220151EA0211402225
B1037334001582N03220159EA0211402226
B1037344001575N03220167EA0211602229
B1037354001568N03220173EA0211802231
B1037364001561N03220179EA0212002233
B1037374001556N03220184EA0212102234
B1037384001550N03220189EA0212202234
B1037394001544N03220193EA0212202233
B1037404001537N03220198EA0212102232
B1037414001530N03220202EA0212102232
B1037424001521N03220206EA0212002233
B1037434001514N03220209EA0212102235
B1037444001508N03220210EA0212302238
B1037454001503N03220213EA0212602239
B1037464001498N03220216EA0212702240
B1037474001493N03220220EA0212702238
B1037484001487N03220224EA0212602237
B1037494001480N03220228EA0212502236
B1037504001473N03220232EA0212402237
B1037514001467N03220236EA0212502238
B1037524001460N03220240EA0212602240
B1037534001454N03220244EA0212702240
B1037544001448N03220248EA0212702239
B1037554001442N03220253EA0212602237
B1037564001436N03220260EA0212502237
B1037574001430N03220266EA0212502238
B1037584001424N03220272EA0212702240
B1037594001419N03220277EA0212802241
B1038004001413N03220281EA0212802241
B1038014001406N03220284EA0212802239
B1038024001399N03220289EA0212602237
B1038034001392N03220295EA0212302234
B1038044001385N03220301EA0212102233
B1038054001378N03220306EA0212002233
B1038064001372N03220309EA0212102234
B1038074001365N03220311EA0212202234
B1038084001358N03220312EA0212102233
B1038094001351N03220315EA0211902230
B1038104001344N03220319EA0211502227
B1038114001337N03220322EA0211202225
B1038124001330N03220325EA0211002224
B1038134001324N03220327EA0211002223
B1038144001318N03220327EA0210802220
B1038154001312N03220328EA0210602217
B1038164001305N03220329EA0210202213
B1038174001299N03220332EA0209802209
B1038184001292N03220335EA0209502205
B1038194001285N03220339EA0209202203
B1038204001279N03220342EA0208902200
B1038214001271N03220344EA0208702198
B1038224001264N03220345EA0208502195
B1038234001257N03220346EA0208202193
B1038244001250N03220347EA0208102191
B1038254001243N03220349EA0207902188
B1038264001236N03220350EA0207702186
B1038274001229N03220350EA0207402183
B1038284001222N03220351EA0207102180
B1038294001215N03220352EA0206902177
B1038304001208N03220355EA0206602175
B1038314001202N03220357EA0206402173
B1038324001195N03220359EA0206202171
B1038334001188N03220360EA0206002169
B1038344001181N03220361EA0205902168
B1038354001174N03220364EA0205802167
B1038364001169N03220367EA0205702165
B1038374001163N03220371EA0205602165
B1038384001157N03220373EA0205502164
B1038394001151N03220375EA0205502163
B1038404001145N03220376EA0205302162
B1038414001139N03220378EA0205102160
B1038424001132N03220381EA0204902157
B1038434001125N03220385EA0204702155
B1038444001118N03220389EA0204702155
B1038454001111N03220392EA0204702157
B1038464001106N03220394EA0204902160
B1038474001101N03220396EA0205102163
B1038484001097N03220397EA0205402164
B1038494001092N03220399EA0205402163
B1038504001088N03220402EA0205302161
B1038514001082N03220405EA0205102159
B1038524001077N03220409EA0204902158
B1038534001071N03220413EA0204902159
B1038544001065N03220416EA0205002161
B1038554001060N03220418EA0205202163
B1038564001055N03220420EA0205302164
B1038574001051N03220421EA0205402164
B1038584001047N03220424EA0205302162
B1038594001042N03220427EA0205102159
B1039004001037N03220430EA0204802155
B1039014001030N03220432EA0204602152
B1039024001023N03220432EA0204302150
B1039034001016N03220431EA0204202149
B1039044001010N03220429EA0204202149
B1039054001004N03220427EA0204202149
B1039064000999N03220424EA0204202149
B1039074000994N03220420EA0204202147
B1039084000989N03220415EA0204002145
B1039094000986N03220407EA0203802143
B1039104000983N03220399EA0203702141
B1039114000983N03220389EA0203502139
B1039124000984N03220380EA0203302138
B1039134000985N03220372EA0203102136
B1039144000988N03220364EA0203002135
B1039154000991N03220357EA0202902134
B1039164000994N03220351EA0202802133
B1039174000998N03220345EA0202602131
B1039184001003N03220339EA0202502129
B1039194001007N03220333EA0202202127
B1039204001012N03220328EA0202102125
B1039214001017N03220323EA0202002125
B1039224001023N03220320EA0201802123
B1039234001028N03220316EA0201702122
B1039244001033N03220312EA0201602121
B1039254001039N03220307EA0201502120
B1039264001044N03220303EA0201402120
B1039274001050N03220299EA0201502121
B1039284001056N03220297EA0201602123
B1039294001061N03220297EA0201702123
B1039304001066N03220300EA0201702123
B1039314001070N03220305EA0201602121
B1039324001073N03220312EA0201502120
B1039334001074N03220320EA0201402120
B1039344001073N03220327EA0201502121
B1039354001070N03220334EA0201502121
B1039364001067N03220340EA0201602122
B1039374001064N03220347EA0201702124
B1039384001062N03220353EA0201702124
B1039394001059N03220360EA0201802124
B1039404001056N03220367EA0201802123
B1039414001053N03220373EA0201702122
B1039424001049N03220379EA0201502121
B1039434001044N03220385EA0201302118
B1039444001039N03220391EA0201102116
B1039454001035N03220396EA0200902114
B1039464001029N03220402EA0200802112
B1039474001024N03220407EA0200602111
B1039484001019N03220411EA0200502110
B1039494001014N03220416EA0200402109
B1039504001008N03220421EA0200302108
B1039514001003N03220425EA0200102106
B1039524000997N03220431EA0199902104
B1039534000990N03220436EA0199702102
B1039544000984N03220441EA0199602100
B1039554000977N03220446EA0199502100
B1039564000970N03220450EA0199502100
B1039574000962N03220454EA0199602101
B1039584000955N03220458EA0199702103
B1039594000948N03220461EA0199902106
B1040004000942N03220464EA0200102108
B1040014000935N03220467EA0200302109
B1040024000928N03220470EA0200402110
B1040034000922N03220474EA0200502111
B1040044000915N03220478EA0200602112
B1040054000909N03220481EA0200802115
B1040064000904N03220483EA0201002118
B1040074000899N03220485EA0201202120
B1040084000894N03220488EA0201402121
B1040094000889N03220492EA0201502121
B1040104000884N03220495EA0201502121
B1040114000878N03220499EA0201502121
B1040124000872N03220501EA0201602123
B1040134000866N03220503EA0201702124
B1040144000860N03220504EA0201802125
B1040154000853N03220506EA0201802124
B1040164000847N03220508EA0201802124
B1040174000840N03220510EA0201902125
B1040184000833N03220511EA0202002127
B1040194000826N03220511EA0202202130
B1040204000820N03220512EA0202402132
B1040214000813N03220513EA0202602133
B1040224000807N03220514EA0202702134
B1040234000800N03220516EA0202802133
B1040244000793N03220518EA0202802135
B1040254000787N03220520EA0202902138
B1040264000782N03220522EA0203202143
B1040274000778N03220522EA0203602146
B1040284000775N03220522EA0203802147
B1040294000771N03220523EA0203802145
B1040304000766N03220525EA0203502141
B1040314000759N03220528EA0203102136
B1040324000753N03220533EA0202902135
B1040334000747N03220536EA0202802136
B1040344000743N03220539EA0202902139
B1040354000738N03220540EA0203102141
B1040364000734N03220540EA0203202141
B1040374000730N03220541EA0203202140
B1040384000726N03220543EA0203002137
B1040394000723N03220547EA0202802134
B1040404000718N03220550EA0202602133
B1040414000713N03220553EA0202502132
B1040424000707N03220554EA0202402131
B1040434000701N03220555EA0202302130
B1040444000696N03220556EA0202202128
B1040454000691N03220558EA0202002126
B1040464000686N03220561EA0201802124
B1040474000681N03220563EA0201602121
B1040484000674N03220565EA0201302120
B1040494000668N03220567EA0201202119
B1040504000663N03220568EA0201202119
B1040514000659N03220570EA0201102118
B1040524000656N03220573EA0201002115
B1040534000652N03220576EA0200702112
B1040544000648N03220580EA0200402108
B1040554000643N03220583EA0200102105
B1040564000638N03220587EA0199802103
B1040574000633N03220589EA0199602101
B1040584000629N03220592EA0199402099
B1040594000625N03220595EA0199302098
B1041004000621N03220598EA0199102095
B1041014000617N03220602EA0198902093
B1041024000613N03220606EA0198702090
B1041034000609N03220611EA0198402087
B1041044000606N03220616EA0198102085
B1041054000603N03220620EA0198002083
B1041064000600N03220624EA0197802082
B1041074000597N03220627EA0197602080
B1041084000593N03220630EA0197402078
B1041094000589N03220634EA0197202075
B1041104000586N03220638EA0196902071
B1041114000583N03220642EA0196602069
B1041124000579N03220647EA0196402066
B1041134000575N03220651EA0196202065
B1041144000570N03220654EA0195902063
B1041154000565N03220655EA0195802061
B1041164000559N03220657EA0195602059
B1041174000554N03220658EA0195402057
B1041184000549N03220661EA0195202055
B1041194000544N03220663EA0195002053
B1041204000539N03220665EA0194702051
B1041214000533N03220665EA0194602049
B1041224000527N03220665EA0194402046
B1041234000521N03220665EA0194202044
B1041244000514N03220664EA0194002041
B1041254000508N03220663EA0193602038
B1041264000501N03220662EA0193302035
B1041274000493N03220661EA0193002032
B1041284000486N03220659EA0192802030
B1041294000479N03220657EA0192602028
B1041304000472N03220654EA0192502027
B1041314000466N03220652EA0192302025
B1041324000460N03220649EA0192102023
B1041334000454N03220647EA0191902021
B1041344000447N03220644EA0191702019
B1041354000441N03220642EA0191602017
B1041364000436N03220639EA0191402016
B1041374000430N03220638EA0191302015
B1041384000425N03220637EA0191202015
B1041394000421N03220638EA0191102013
B1041404000417N03220640EA0190902011
B1041414000412N03220641EA0190702008
B1041424000407N03220642EA0190402005
B1041434000402N03220643EA0190202003
B1041444000396N03220644EA0190002001
B1041454000391N03220645EA0189902001
B1041464000387N03220646EA0189802000
B1041474000382N03220648EA0189801999
B1041484000378N03220650EA0189601997
B1041494000374N03220653EA0189401995
B1041504000370N03220657EA0189201993
B1041514000367N03220661EA0189101991
B1041524000363N03220664EA0189001989
B1041534000358N03220666EA0188701988
B1041544000354N03220667EA0188501985
B1041554000350N03220668EA0188201982
B1041564000346N03220671EA0187901978
B1041574000343N03220674EA0187501973
B1041584000339N03220677EA0187001968
B1041594000335N03220680EA0186501963
B1042004000330N03220684EA0186001958
B1042014000327N03220689EA0185701955
B1042024000324N03220694EA0185401952
B1042034000321N03220700EA0185101949
B1042044000317N03220706EA0184801945
B1042054000314N03220712EA0184401941
B1042064000310N03220719EA0184001938
B1042074000306N03220725EA0183801936
B1042084000302N03220731EA0183601934
B1042094000298N03220737EA0183401933
B1042104000294N03220744EA0183301931
B1042114000290N03220751EA0183101929
B1042124000285N03220758EA0183001929
B1042134000281N03220764EA0183101932
B1042144000278N03220768EA0183401937
B1042154000276N03220772EA0183901943
B1042164000276N03220775EA0184301946
B1042174000276N03220778EA0184601947
B1042184000274N03220782EA0184701945
B1042194000272N03220787EA0184701944
B1042204000268N03220791EA0184601944
B1042214000263N03220793EA0184701946
B1042224000258N03220792EA0184901948
B1042234000254N03220787EA0185101950
B1042244000252N03220781EA0185201951
B1042254000250N03220773EA0185501954
B1042264000250N03220765EA0185701957
B1042274000252N03220757EA0185901959
B1042284000256N03220751EA0186101960
B1042294000261N03220746EA0186201961
B1042304000268N03220743EA0186201961
B1042314000275N03220743EA0186101961
B1042324000283N03220745EA0186001960
B1042334000290N03220749EA0186001960
B1042344000295N03220755EA0186001962
B1042354000299N03220761EA0186201964
B1042364000302N03220767EA0186301967
B1042374000304N03220773EA0186601968
B1042384000304N03220778EA0186601969
B1042394000304N03220782EA0186701969
B1042404000303N03220787EA0186601967
B1042414000301N03220793EA0186501966
B1042424000300N03220799EA0186501967
B1042434000298N03220804EA0186601969
B1042444000296N03220808EA0186701970
B1042454000294N03220812EA0186801971
B1042464000291N03220815EA0186901971
B1042474000288N03220816EA0186901971
B1042484000284N03220816EA0186901971
B1042494000279N03220815EA0186901971
B1042504000275N03220811EA0186901971
B1042514000271N03220806EA0187001974
B1042524000268N03220801EA0187201976
B1042534000268N03220794EA0187501980
B1042544000269N03220788EA0187701982
B1042554000272N03220782EA0188001983
B1042564000276N03220776EA0188101984
B1042574000282N03220771EA0188201985
B1042584000288N03220767EA0188301987
B1042594000294N03220764EA0188501989
B1043004000300N03220763EA0188701990
B1043014000307N03220764EA0188801991
B1043024000314N03220766EA0188901992
B1043034000321N03220769EA0189001993
B1043044000327N03220772EA0189101994
B1043054000332N03220776EA0189301997
B1043064000336N03220780EA0189401998
B1043074000339N03220784EA0189601999
B1043084000341N03220790EA0189601999
B1043094000342N03220796EA0189601999
B1043104000341N03220802EA0189501998
B1043114000339N03220809EA0189501998
B1043124000337N03220815EA0189502000
B1043134000335N03220820EA0189602001
B1043144000333N03220825EA0189602001
B1043154000330N03220830EA0189602001
B1043164000327N03220835EA0189602000
B1043174000324N03220840EA0189602000
B1043184000321N03220845EA0189501999
B1043194000318N03220851EA0189501999
B1043204000315N03220857EA0189501999
B1043214000312N03220864EA0189501999
B1043224000309N03220870EA0189501999
B1043234000306N03220877EA0189401998
B1043244000302N03220884EA0189301996
B1043254000298N03220891EA0189201995
B1043264000293N03220898EA0189101994
B1043274000289N03220905EA0189001994
B1043284000285N03220912EA0189101995
B1043294000281N03220920EA0189101995
B1043304000276N03220927EA0189201995
B1043314000272N03220934EA0189101994
B1043324000268N03220942EA0189101993
B1043334000264N03220950EA0188901992
B1043344000260N03220958EA0188801991
B1043354000257N03220967EA0188801990
B1043364000253N03220975EA0188701989
B1043374000250N03220982EA0188501985
B1043384000245N03220989EA0188101981
B1043394000240N03220996EA0187701977
B1043404000235N03221004EA0187401973
B1043414000230N03221013EA0187101971
B1043424000225N03221021EA0186901971
B1043434000221N03221028EA0186901972
B1043444000217N03221035EA0186901971
B1043454000213N03221040EA0186901970
B1043464000209N03221045EA0186701967
B1043474000205N03221050EA0186401962
B1043484000200N03221055EA0186001958
B1043494000194N03221061EA0185501953
B1043504000189N03221069EA0185201951
B1043514000184N03221076EA0184901950
B1043524000178N03221082EA0184801950
B1043534000174N03221087EA0184901949
B1043544000169N03221092EA0184801948
B1043554000164N03221098EA0184701946
B1043564000159N03221104EA0184501944
B1043574000154N03221109EA0184201942
B1043584000149N03221115EA0184101939
B1043594000144N03221122EA0183801937
B1044004000139N03221128EA0183601936
B1044014000134N03221134EA0183401933
B1044024000128N03221140EA0183201930
B1044034000122N03221145EA0182901927
B1044044000116N03221150EA0182701925
B1044054000110N03221156EA0182501924
B1044064000104N03221162EA0182301922
B1044074000098N03221167EA0182101920
B1044084000092N03221171EA0181901917
B1044094000086N03221176EA0181701914
B1044104000079N03221182EA0181401911
B1044114000072N03221187EA0181101908
B1044124000065N03221192EA0180801905
B1044134000058N03221197EA0180701903
B1044144000050N03221201EA0180501901
B1044154000043N03221207EA0180201900
B1044164000036N03221213EA0180201900
B1044174000029N03221219EA0180201902
B1044184000023N03221224EA0180401905
B1044194000018N03221229EA0180601907
B1044204000013N03221233EA0180801908
B1044214000008N03221238EA0180901907
B1044224000003N03221244EA0180801906
B1044233959998N03221251EA0180701904
B1044243959992N03221257EA0180601904
B1044253959985N03221263EA0180501903
B1044263959979N03221269EA0180401903
B1044273959972N03221274EA0180401903
B1044283959966N03221280EA0180301902
B1044293959961N03221287EA0180201901
B1044303959955N03221294EA0180201900
B1044313959949N03221301EA0180201900
B1044323959944N03221306EA0180201901
B1044333959938N03221310EA0180301903
B1044343959932N03221313EA0180401903
B1044353959927N03221316EA0180401902
B1044363959922N03221320EA0180401901
B1044373959918N03221326EA0180201899
B1044383959914N03221333EA0180001897
B1044393959911N03221339EA0179801895
B1044403959907N03221345EA0179601894
B1044413959904N03221350EA0179501893
B1044423959900N03221355EA0179401891
B1044433959898N03221362EA0179201889
B1044443959895N03221368EA0179001886
B1044453959892N03221375EA0178701883
B1044463959887N03221381EA0178501881
B1044473959882N03221387EA0178301880
B1044483959877N03221393EA0178301880
B1044493959872N03221399EA0178301881
B1044503959869N03221404EA0178401882
B1044513959866N03221410EA0178501883
B1044523959863N03221415EA0178601884
B1044533959860N03221419EA0178501882
B1044543959856N03221424EA0178401880
B1044553959851N03221429EA0178101877
B1044563959846N03221435EA0177901875
B1044573959842N03221440EA0177801874
B1044583959837N03221443EA0177701875
B1044593959832N03221446EA0177801875
B1045003959828N03221448EA0177701874
B1045013959823N03221450EA0177601872
B1045023959818N03221453EA0177301868
B1045033959811N03221456EA0177001864
B1045043959805N03221459EA0176701861
B1045053959799N03221462EA0176401859
B1045063959793N03221464EA0176301858
B1045073959787N03221465EA0176101856
B1045083959781N03221466EA0175901854
B1045093959774N03221468EA0175701851
B1045103959768N03221470EA0175401848
B1045113959762N03221473EA0175201845
B1045123959756N03221475EA0174901843
B1045133959750N03221477EA0174601840
B1045143959744N03221479EA0174401837
B1045153959738N03221481EA0174101834
B1045163959732N03221482EA0173801831
B1045173959726N03221482EA0173501828
B1045183959720N03221482EA0173301826
B1045193959714N03221482EA0173101824
B1045203959709N03221482EA0173001823
B1045213959705N03221481EA0172901822
B1045223959701N03221479EA0172801820
B1045233959697N03221477EA0172701818
B1045243959693N03221475EA0172501815
B1045253959688N03221473EA0172201813
B1045263959683N03221471EA0172001811
B1045273959678N03221469EA0171801809
B1045283959672N03221468EA0171701809
B1045293959667N03221468EA0171701810
B1045303959663N03221469EA0171701809
B1045313959658N03221471EA0171601808
B1045323959653N03221473EA0171401806
B1045333959646N03221475EA0171201804
B1045343959640N03221478EA0171001802
B1045353959635N03221483EA0170801801
B1045363959629N03221489EA0170701799
B1045373959624N03221494EA0170601798
B1045383959618N03221497EA0170501797
B1045393959613N03221499EA0170401796
B1045403959607N03221502EA0170301796
B1045413959602N03221506EA0170301795
B1045423959597N03221512EA0170201794
B1045433959593N03221518EA0170201795
B1045443959589N03221524EA0170201795
B1045453959585N03221530EA0170301797
B1045463959581N03221535EA0170401797
B1045473959577N03221540EA0170301797
B1045483959573N03221545EA0170301796
B1045493959569N03221551EA0170201796
B1045503959565N03221557EA0170201795
B1045513959562N03221563EA0170201795
B1045523959559N03221569EA0170201796
B1045533959556N03221575EA0170301797
B1045543959553N03221581EA0170401798
B1045553959551N03221587EA0170501799
B1045563959549N03221594EA0170601800
B1045573959548N03221600EA0170601800
B1045583959545N03221605EA0170701801
B1045593959542N03221610EA0170801801
B1046003959539N03221615EA0170801802
B1046013959536N03221620EA0170801802
B1046023959531N03221624EA0170901802
B1046033959527N03221628EA0170901803
B1046043959523N03221631EA0171001804
B1046053959520N03221634EA0171001804
B1046063959517N03221635EA0171001803
B1046073959513N03221635EA0170901802
B1046083959509N03221635EA0170701800
B1046093959504N03221635EA0170601799
B1046103959500N03221634EA0170401798
B1046113959496N03221633EA0170201797
B1046123959492N03221631EA0170201797
B1046133959488N03221630EA0170101796
B1046143959484N03221629EA0170101796
B1046153959479N03221628EA0170001795
B1046163959475N03221628EA0169901794
B1046173959470N03221628EA0169801793
B1046183959465N03221626EA0169701792
B1046193959461N03221623EA0169601791
B1046203959458N03221619EA0169501790
B1046213959456N03221614EA0169401789
B1046223959454N03221610EA0169401789
B1046233959453N03221606EA0169301789
B1046243959451N03221603EA0169301788
B1046253959450N03221599EA0169101786
B1046263959449N03221594EA0168901782
B1046273959449N03221589EA0168501778
B1046283959449N03221582EA0168201775
B1046293959448N03221575EA0167901774
B1046303959449N03221569EA0167901775
B1046313959450N03221565EA0167901776
B1046323959452N03221561EA0168001775
B1046333959455N03221558EA0167801773
B1046343959459N03221554EA0167601769
B1046353959463N03221550EA0167301766
B1046363959467N03221546EA0167101764
B1046373959472N03221542EA0167001763
B1046383959478N03221539EA0166901763
B1046393959485N03221538EA0166901762
B1046403959492N03221540EA0166901763
B1046413959499N03221544EA0167001763
B1046423959506N03221550EA0167001763
B1046433959511N03221557EA0167001764
B1046443959516N03221565EA0167001763
B1046453959519N03221574EA0166901762
B1046463959522N03221584EA0166801759
B1046473959522N03221594EA0166601758
B1046483959522N03221605EA0166501756
B1046493959521N03221615EA0166301755
B1046503959519N03221625EA0166101753
B1046513959517N03221635EA0166001753
B1046523959515N03221644EA0165901752
B1046533959512N03221653EA0165901753
B1046543959509N03221661EA0165901753
B1046553959505N03221666EA0166001753
B1046563959501N03221669EA0165901751
B1046573959496N03221669EA0165701749
B1046583959491N03221668EA0165501747
B1046593959488N03221665EA0165301747
B1047003959485N03221662EA0165201746
B1047013959483N03221659EA0165101745
B1047023959481N03221655EA0165001743
B1047033959480N03221652EA0164801741
B1047043959479N03221647EA0164601738
B1047053959477N03221642EA0164401735
B1047063959475N03221635EA0164201734
B1047073959474N03221629EA0164001734
B1047083959473N03221623EA0164101735
B1047093959472N03221618EA0164301737
B1047103959471N03221614EA0164301737
B1047113959470N03221609EA0164301735
B1047123959469N03221602EA0164201733
B1047133959468N03221594EA0164001731
B1047143959467N03221587EA0163901731
B1047153959468N03221580EA0164001733
B1047163959469N03221574EA0164201736
B1047173959470N03221568EA0164501740
B1047183959471N03221563EA0164801744
B1047193959472N03221559EA0165201747
B1047203959473N03221555EA0165501749
B1047213959473N03221551EA0165601749
B1047223959475N03221547EA0165601749
B1047233959478N03221542EA0165601749
B1047243959483N03221537EA0165601748
B1047253959490N03221534EA0165601747
B1047263959497N03221534EA0165601747
B1047273959505N03221536EA0165601748
B1047283959512N03221541EA0165701750
B1047293959517N03221549EA0165901752
B1047303959520N03221557EA0166101754
B1047313959522N03221566EA0166301756
B1047323959521N03221576EA0166501758
B1047333959519N03221585EA0166601759
B1047343959516N03221591EA0166701761
B1047353959512N03221596EA0166901762
B1047363959507N03221598EA0167101764
B1047373959503N03221599EA0167301766
B1047383959500N03221598EA0167401767
B1047393959497N03221595EA0167501768
B1047403959494N03221591EA0167701769
B1047413959493N03221586EA0167801771
B1047423959494N03221581EA0167901773
B1047433959495N03221576EA0168101774
B1047443959498N03221571EA0168201775
B1047453959503N03221566EA0168301775
B1047463959508N03221562EA0168401776
B1047473959514N03221560EA0168501777
B1047483959520N03221560EA0168501778
B1047493959527N03221563EA0168501777
B1047503959535N03221567EA0168501777
B1047513959542N03221573EA0168401777
B1047523959549N03221581EA0168401778
B1047533959554N03221589EA0168501780
B1047543959558N03221598EA0168601781
B1047553959561N03221609EA0168801783
B1047563959564N03221619EA0168901785
B1047573959565N03221630EA0169101787
B1047583959566N03221639EA0169401790
B1047593959567N03221648EA0169601792
B1048003959567N03221656EA0169701793
B1048013959567N03221663EA0169801792
B1048023959566N03221671EA0169801791
B1048033959563N03221677EA0169601789
B1048043959559N03221682EA0169501788
B1048053959554N03221682EA0169401787
B1048063959551N03221680EA0169301786
B1048073959549N03221675EA0169201785
B1048083959548N03221668EA0169201784
B1048093959549N03221660EA0169101783
B1048103959551N03221653EA0169101785
B1048113959554N03221647EA0169201786
B1048123959557N03221642EA0169301788
B1048133959560N03221637EA0169401789
B1048143959563N03221633EA0169601791
B1048153959565N03221628EA0169801793
B1048163959568N03221623EA0170001795
B1048173959570N03221618EA0170201797
B1048183959572N03221613EA0170501800
B1048193959575N03221609EA0170801803
B1048203959580N03221605EA0171001805
B1048213959586N03221602EA0171201807
B1048223959594N03221601EA0171401809
B1048233959602N03221603EA0171601812
B1048243959610N03221607EA0171901814
B1048253959615N03221614EA0172201817
B1048263959618N03221623EA0172401819
B1048273959619N03221633EA0172501820
B1048283959618N03221642EA0172501821
B1048293959616N03221650EA0172601823
B1048303959613N03221657EA0172801826
B1048313959611N03221663EA0173001828
B1048323959607N03221667EA0173201829
B1048333959604N03221669EA0173301830
B1048343959600N03221670EA0173301830
B1048353959596N03221668EA0173301830
B1048363959593N03221665EA0173301830
B1048373959591N03221661EA0173401832
B1048383959591N03221656EA0173601834
B1048393959592N03221651EA0173701835
B1048403959595N03221647EA0173801834
B1048413959597N03221642EA0173701834
B1048423959599N03221637EA0173701835
B1048433959601N03221632EA0173801836
B1048443959604N03221626EA0173901837
B1048453959606N03221620EA0174101839
B1048463959609N03221614EA0174301842
B1048473959611N03221608EA0174501844
B1048483959613N03221602EA0174801848
B1048493959615N03221596EA0175201851
B1048503959617N03221589EA0175501855
B1048513959619N03221582EA0175701857
B1048523959622N03221575EA0176001859
B1048533959626N03221568EA0176301863
B1048543959632N03221563EA0176601866
B1048553959639N03221561EA0176901868
B1048563959647N03221561EA0177101870
B1048573959655N03221563EA0177301872
B1048583959662N03221568EA0177501875
B1048593959668N03221574EA0177801878
B1049003959672N03221582EA0178001881
B1049013959675N03221590EA0178301884
B1049023959676N03221599EA0178501887
B1049033959674N03221608EA0178701887
B1049043959671N03221614EA0178801887
B1049053959666N03221619EA0178801887
B1049063959662N03221620EA0178801888
B1049073959658N03221619EA0178801889
B1049083959655N03221616EA0179001891
B1049093959652N03221613EA0179201894
B1049103959650N03221609EA0179501897
B1049113959648N03221605EA0179801900
B1049123959646N03221600EA0180001903
B1049133959644N03221595EA0180301906
B1049143959642N03221589EA0180601909
B1049153959640N03221583EA0180901912
B1049163959639N03221577EA0181301916
B1049173959638N03221571EA0181601920
B1049183959636N03221565EA0181901923
B1049193959636N03221560EA0182301926
B1049203959636N03221554EA0182501929
B1049213959637N03221548EA0182701930
B1049223959640N03221543EA0182901930
B1049233959645N03221538EA0182901930
B1049243959652N03221535EA0183101931
B1049253959659N03221535EA0183101931
B1049263959667N03221540EA0183001931
B1049273959672N03221548EA0183001931
B1049283959675N03221557EA0183101933
B1049293959676N03221565EA0183201936
B1049303959677N03221573EA0183501938
B1049313959677N03221580EA0183801941
B1049323959676N03221586EA0184001944
B1049333959675N03221593EA0184301947
B1049343959673N03221600EA0184501949
B1049353959670N03221605EA0184801951
B1049363959666N03221608EA0185001953
B1049373959661N03221610EA0185201955
B1049383959657N03221609EA0185501957
B1049393959653N03221609EA0185601960
B1049403959650N03221610EA0185801961
B1049413959646N03221612EA0186001964
B1049423959642N03221614EA0186201966
B1049433959638N03221614EA0186501968
B1049443959633N03221613EA0186601968
B1049453959629N03221608EA0186701969
B1049463959626N03221601EA0186901970
B1049473959625N03221592EA0187101974
B1049483959625N03221585EA0187401979
B1049493959627N03221579EA0187701982
B1049503959628N03221575EA0187901983
B1049513959630N03221570EA0188101984
B1049523959633N03221565EA0188101983
B1049533959636N03221560EA0188101982
B1049543959640N03221556EA0188001981
B1049553959646N03221553EA0187901980
B1049563959652N03221553EA0187901979
B1049573959659N03221555EA0187801978
B1049583959665N03221560EA0187701978
B1049593959670N03221567EA0187701978
B1050003959673N03221575EA0187801979
B1050013959675N03221583EA0187901980
B1050023959675N03221591EA0187901980
B1050033959675N03221600EA0187901981
B1050043959675N03221608EA0188001982
B1050053959676N03221617EA0188101983
B1050063959677N03221625EA0188101984
B1050073959678N03221634EA0188301986
B1050083959679N03221643EA0188501988
B1050093959680N03221652EA0188801991
B1050103959681N03221660EA0189001994
B1050113959684N03221668EA0189201996
B1050123959688N03221674EA0189501999
B1050133959692N03221679EA0189802003
B1050143959696N03221684EA0190102005
B1050153959699N03221689EA0190302006
B1050163959701N03221695EA0190502008
B1050173959701N03221703EA0190602008
B1050183959699N03221709EA0190602008
B1050193959695N03221714EA0190602008
B1050203959690N03221715EA0190702009
B1050213959685N03221713EA0190802011
B1050223959681N03221710EA0191002015
B1050233959678N03221707EA0191402020
B1050243959674N03221704EA0191702024
B1050253959671N03221701EA0192002026
B1050263959668N03221697EA0192202027
B1050273959666N03221691EA0192302028
B1050283959666N03221685EA0192402028
B1050293959669N03221678EA0192302027
B1050303959673N03221671EA0192402028
B1050313959679N03221667EA0192502030
B1050323959686N03221667EA0192702032
B1050333959692N03221669EA0192902034
B1050343959698N03221674EA0193102036
B1050353959703N03221680EA0193302038
B1050363959706N03221687EA0193402041
B1050373959708N03221694EA0193602043
B1050383959709N03221701EA0193802045
B1050393959708N03221708EA0194002046
B1050403959707N03221714EA0194102046
B1050413959705N03221720EA0194202048
B1050423959702N03221725EA0194302049
B1050433959700N03221730EA0194402050
B1050443959696N03221735EA0194502051
B1050453959692N03221739EA0194602052
B1050463959687N03221744EA0194602052
B1050473959683N03221749EA0194702054
B1050483959679N03221757EA0194802055
B1050493959677N03221765EA0195002058
B1050503959675N03221772EA0195302062
B1050513959673N03221780EA0195702066
B1050523959671N03221786EA0196102070
B1050533959668N03221792EA0196502073
B1050543959665N03221798EA0196802076
B1050553959662N03221803EA0197102079
B1050563959657N03221806EA0197302081
B1050573959652N03221808EA0197502083
B1050583959646N03221809EA0197702085
B1050593959640N03221807EA0197902088
B1051003959635N03221804EA0198102089
B1051013959631N03221800EA0198302091
B1051023959628N03221794EA0198402091
B1051033959628N03221787EA0198502092
B1051043959631N03221781EA0198602093
B1051053959636N03221776EA0198802095
B1051063959641N03221772EA0199002098
B1051073959646N03221770EA0199302102
B1051083959650N03221768EA0199702106
B1051093959655N03221768EA0200002108
B1051103959659N03221768EA0200202109
B1051113959665N03221769EA0200302110
B1051123959671N03221772EA0200302110
B1051133959677N03221778EA0200402112
B1051143959680N03221786EA0200602114
B1051153959682N03221794EA0200702116
B1051163959682N03221803EA0200902118
B1051173959681N03221812EA0201202121
B1051183959681N03221821EA0201502125
B1051193959681N03221828EA0201802129
B1051203959680N03221834EA0202102131
B1051213959679N03221839EA0202302132
B1051223959678N03221845EA0202302132
B1051233959676N03221852EA0202302131
B1051243959674N03221860EA0202302131
B1051253959672N03221868EA0202402133
B1051263959670N03221876EA0202502134
B1051273959668N03221884EA0202702136
B1051283959665N03221891EA0202802137
B1051293959662N03221897EA0202902138
B1051303959660N03221904EA0203002139
B1051313959658N03221910EA0203102140
B1051323959656N03221917EA0203202140
B1051333959655N03221925EA0203102139
B1051343959654N03221933EA0203002139
B1051353959652N03221941EA0203002138
B1051363959650N03221949EA0202902138
B1051373959647N03221956EA0202802137
B1051383959644N03221964EA0202802137
B1051393959641N03221972EA0202802137
B1051403959639N03221980EA0202802137
B1051413959638N03221987EA0202802137
B1051423959635N03221994EA0202802137
B1051433959633N03222002EA0202802136
B1051443959630N03222010EA0202702134
B1051453959627N03222019EA0202502133
B1051463959623N03222028EA0202402133
B1051473959619N03222035EA0202502133
B1051483959616N03222042EA0202402133
B1051493959612N03222049EA0202402133
B1051503959610N03222058EA0202302131
B1051513959607N03222069EA0202202129
B1051523959606N03222081EA0202102130
B1051533959604N03222094EA0202202134
B1051543959601N03222104EA0202502139
B1051553959600N03222113EA0202902143
B1051563959598N03222121EA0203302146
B1051573959598N03222128EA0203402146
B1051583959597N03222136EA0203502145
B1051593959596N03222145EA0203402144
B1052003959595N03222155EA0203302142
B1052013959593N03222163EA0203302143
B1052023959591N03222170EA0203302145
B1052033959588N03222176EA0203402146
B1052043959586N03222182EA0203502144
B1052053959583N03222189EA0203302142
B1052063959579N03222197EA0203102139
B1052073959574N03222207EA0202902137
B1052083959570N03222216EA0202802139
B1052093959566N03222224EA0203002142
B1052103959562N03222230EA0203302146
B1052113959558N03222235EA0203602148
B1052123959555N03222240EA0203802149
B1052133959551N03222246EA0203802149
B1052143959547N03222252EA0203802148
B1052153959543N03222259EA0203702146
B1052163959539N03222266EA0203602145
B1052173959534N03222273EA0203502146
B1052183959530N03222280EA0203602147
B1052193959524N03222285EA0203702148
B1052203959519N03222290EA0203702148
B1052213959514N03222296EA0203802148
B1052223959510N03222302EA0203902149
B1052233959505N03222308EA0203902150
B1052243959500N03222313EA0204002152
B1052253959494N03222318EA0204202154
B1052263959489N03222322EA0204402156
B1052273959485N03222328EA0204602158
B1052283959480N03222335EA0204802160
B1052293959475N03222342EA0205002162
B1052303959470N03222348EA0205202165
B1052313959465N03222353EA0205502169
B1052323959461N03222357EA0205902173
B1052333959458N03222362EA0206202176
B1052343959455N03222367EA0206502178
B1052353959452N03222372EA0206702179
B1052363959448N03222377EA0206702179
B1052373959444N03222382EA0206702179
B1052383959440N03222389EA0206702179
B1052393959436N03222395EA0206802180
B1052403959432N03222402EA0207002182
B1052413959428N03222408EA0207202183
B1052423959423N03222413EA0207302184
B1052433959417N03222417EA0207402186
B1052443959412N03222422EA0207502187
B1052453959407N03222426EA0207702189
B1052463959403N03222431EA0207902192
B1052473959401N03222437EA0208102194
B1052483959399N03222443EA0208402195
B1052493959397N03222449EA0208502197
B1052503959395N03222455EA0208702198
B1052513959393N03222461EA0208802200
B1052523959391N03222467EA0209002201
B1052533959389N03222473EA0209102202
B1052543959388N03222480EA0209202204
B1052553959387N03222487EA0209302206
B1052563959387N03222493EA0209602208
B1052573959388N03222499EA0209802210
B1052583959390N03222505EA0209902213
B1052593959393N03222511EA0210202215
B1053003959395N03222516EA0210502219
B1053013959396N03222521EA0210802222
B1053023959395N03222525EA0211102224
B1053033959394N03222531EA0211302227
B1053043959392N03222536EA0211602229
B1053053959388N03222541EA0211902233
B1053063959384N03222544EA0212202236
B1053073959378N03222545EA0212602240
B1053083959371N03222544EA0213002244
B1053093959365N03222541EA0213402251
B1053103959359N03222536EA0214002257
B1053113959355N03222529EA0214602262
B1053123959353N03222521EA0215202267
B1053133959352N03222512EA0215702273
B1053143959353N03222503EA0216302280
B1053153959356N03222495EA0216802286
B1053163959360N03222489EA0217402291
B1053173959366N03222487EA0217902296
B1053183959372N03222486EA0218202300
B1053193959377N03222489EA0218602303
B1053203959381N03222493EA0218902307
B1053213959383N03222499EA0219202309
B1053223959384N03222506EA0219502313
B1053233959384N03222514EA0219802315
B1053243959382N03222521EA0220202320
B1053253959381N03222527EA0220702326
B1053263959379N03222533EA0221302333
B1053273959377N03222538EA0221902339
B1053283959375N03222543EA0222402344
B1053293959371N03222547EA0222902348
B1053303959365N03222550EA0223302351
B1053313959358N03222548EA0223502353
B1053323959353N03222542EA0223702356
B1053333959351N03222533EA0224102359
B1053343959352N03222524EA0224502363
B1053353959356N03222517EA0225002368
B1053363959361N03222512EA0225502374
B1053373959367N03222510EA0226002380
B1053383959372N03222508EA0226502386
B1053393959378N03222508EA0227202393
B1053403959383N03222509EA0227702399
B1053413959388N03222513EA0228302404
B1053423959391N03222519EA0228702408
B1053433959391N03222526EA0229102412
B1053443959389N03222534EA0229502417
B1053453959385N03222541EA0229902423
B1053463959381N03222546EA0230402429
B1053473959375N03222548EA0231002435
B1053483959370N03222547EA0231502440
B1053493959366N03222543EA0231902445
B1053503959363N03222536EA0232302448
B1053513959362N03222527EA0232702453
B1053523959363N03222518EA0233102457
B1053533959366N03222510EA0233602463
B1053543959371N03222503EA0234002468
B1053553959376N03222498EA0234502473
B1053563959382N03222495EA0235002478
B1053573959389N03222493EA0235502483
B1053583959395N03222494EA0236002488
B1053593959401N03222496EA0236402493
B1054003959405N03222501EA0236902497
B1054013959409N03222507EA0237302501
B1054023959411N03222514EA0237702506
B1054033959411N03222522EA0238102511
B1054043959409N03222529EA0238502515
B1054053959405N03222534EA0238802520
B1054063959399N03222537EA0239302524
B1054073959393N03222537EA0239702529
B1054083959386N03222535EA0240202535
B1054093959381N03222533EA0240702542
B1054103959377N03222530EA0241302550
B1054113959373N03222526EA0242002555
B1054123959370N03222522EA0242502559
B1054133959366N03222516EA0243002562
B1054143959365N03222508EA0243302564
B1054153959365N03222500EA0243502566
B1054163959368N03222491EA0243702569
B1054173959373N03222483EA0244002572
B1054183959380N03222476EA0244402576
B1054193959387N03222472EA0244802581
B1054203959394N03222470EA0245402587
B1054213959401N03222469EA0246002594
B1054223959407N03222469EA0246502600
B1054233959412N03222470EA0247102605
B1054243959418N03222473EA0247502610
B1054253959423N03222478EA0248002614
B1054263959426N03222486EA0248202618
B1054273959425N03222495EA0248402621
B1054283959422N03222504EA0248602625
B1054293959417N03222510EA0248902629
B1054303959412N03222513EA0249302633
B1054313959405N03222514EA0249702637
B1054323959399N03222513EA0250202641
B1054333959394N03222510EA0250602647
B1054343959389N03222507EA0251102652
B1054353959385N03222503EA0251702658
B1054363959382N03222499EA0252202663
B1054373959379N03222494EA0252702667
B1054383959376N03222487EA0253202671
B1054393959375N03222480EA0253602675
B1054403959377N03222471EA0254002678
B1054413959380N03222463EA0254402681
B1054423959385N03222456EA0254802686
B1054433959392N03222452EA0255202691
B1054443959398N03222450EA0255602695
B1054453959405N03222451EA0256102700
B1054463959411N03222454EA0256502704
B1054473959416N03222457EA0256902707
B1054483959421N03222461EA0257202711
B1054493959424N03222467EA0257502714
B1054503959426N03222475EA0257802718
B1054513959426N03222483EA0258102721
B1054523959423N03222491EA0258302724
B1054533959419N03222498EA0258602728
B1054543959413N03222504EA0258802730
B1054553959407N03222508EA0259202733
B1054563959400N03222511EA0259502737
B1054573959393N03222512EA0259902741
B1054583959387N03222513EA0260402745
B1054593959381N03222513EA0260802749
B1055003959374N03222511EA0261202754
B1055013959368N03222509EA0261702758
B1055023959362N03222505EA0262202763
B1055033959356N03222500EA0262702770
B1055043959352N03222497EA0263202775
B1055053959348N03222495EA0263702780
B1055063959345N03222492EA0264102782
B1055073959343N03222488EA0264202782
B1055083959341N03222482EA0264302780
B1055093959340N03222474EA0264202779
B1055103959342N03222464EA0264302780
B1055113959346N03222456EA0264502785
B1055123959352N03222450EA0265002792
B1055133959357N03222446EA0265702801
B1055143959361N03222444EA0266502809
B1055153959364N03222441EA0267202814
B1055163959367N03222437EA0267602817
B1055173959371N03222433EA0267902819
B1055183959376N03222432EA0268202821
B1055193959382N03222432EA0268402823
B1055203959388N03222436EA0268602826
B1055213959392N03222442EA0268902830
B1055223959396N03222448EA0269302835
B1055233959398N03222454EA0269802839
B1055243959401N03222460EA0270102843
B1055253959403N03222466EA0270502846
B1055263959404N03222473EA0270802848
B1055273959405N03222480EA0271202851
B1055283959405N03222488EA0271502854
B1055293959404N03222496EA0271702857
B1055303959401N03222503EA0272002860
B1055313959395N03222509EA0272302863
B1055323959388N03222512EA0272502865
B1055333959381N03222515EA0272702870
B1055343959374N03222517EA0273102875
B1055353959368N03222517EA0273702880
B1055363959361N03222516EA0274002884
B1055373959356N03222512EA0274302886
B1055383959351N03222506EA0274502888
B1055393959347N03222498EA0274902891
B1055403959347N03222490EA0275002894
B1055413959349N03222482EA0275202895
B1055423959353N03222476EA0275402898
B1055433959359N03222471EA0275602901
B1055443959364N03222470EA0276002905
B1055453959369N03222472EA0276302908
B1055463959373N03222477EA0276602911
B1055473959376N03222483EA0276702913
B1055483959378N03222491EA0276902915
B1055493959380N03222498EA0277202918
B1055503959381N03222504EA0277402921
B1055513959384N03222509EA0277702922
B1055523959387N03222515EA0277902924
B1055533959389N03222522EA0278002926
B1055543959391N03222529EA0278202928
B1055553959391N03222537EA0278302929
B1055563959388N03222544EA0278402930
B1055573959383N03222551EA0278402930
B1055583959377N03222556EA0278402932
B1055593959371N03222561EA0278602935
B1056003959364N03222564EA0278902939
B1056013959358N03222568EA0279102942
B1056023959351N03222570EA0279302944
B1056033959345N03222573EA0279502945
B1056043959338N03222575EA0279702946
B1056053959331N03222577EA0279802947
B1056063959323N03222580EA0279802946
B1056073959314N03222582EA0279702945
B1056083959305N03222584EA0279702946
B1056093959296N03222586EA0279802948
B1056103959288N03222588EA0280102951
B1056113959281N03222589EA0280402954
B1056123959274N03222591EA0280702957
B1056133959268N03222593EA0280902958
B1056143959262N03222596EA0280902956
B1056153959255N03222600EA0280702952
B1056163959247N03222605EA0280402949
B1056173959239N03222609EA0280202947
B1056183959230N03222613EA0280002947
B1056193959222N03222616EA0280102948
B1056203959215N03222619EA0280202948
B1056213959208N03222623EA0280202948
B1056223959202N03222627EA0280102947
B1056233959194N03222632EA0280002944
B1056243959187N03222637EA0279802942
B1056253959179N03222642EA0279602941
B1056263959172N03222648EA0279402939
B1056273959165N03222654EA0279302938
B1056283959158N03222659EA0279202936
B1056293959150N03222663EA0278802933
B1056303959142N03222666EA0278602931
B1056313959135N03222670EA0278402929
B1056323959127N03222675EA0278102926
B1056333959120N03222682EA0277802922
B1056343959112N03222688EA0277402918
B1056353959104N03222694EA0277002914
B1056363959096N03222697EA0276602910
B1056373959088N03222699EA0276202906
B1056383959079N03222702EA0275702900
B1056393959071N03222706EA0275202894
B1056403959063N03222710EA0274502885
B1056413959054N03222715EA0273702877
B1056423959045N03222719EA0273002869
B1056433959035N03222723EA0272302862
B1056443959025N03222727EA0271602856
B1056453959015N03222732EA0271102854
B1056463959008N03222735EA0270802853
B1056473959001N03222738EA0270602850
B1056483958994N03222741EA0270302845
B1056493958987N03222745EA0269902839
B1056503958979N03222748EA0269402834
B1056513958970N03222752EA0268902830
B1056523958962N03222757EA0268502827
B1056533958954N03222763EA0268202823
B1056543958947N03222770EA0267902821
B1056553958939N03222776EA0267802819
B1056563958930N03222781EA0267602817
B1056573958922N03222783EA0267502816
B1056583958913N03222784EA0267202813
B1056593958905N03222784EA0267102812
B1057003958897N03222784EA0266902811
B1057013958889N03222786EA0266902811
B1057023958881N03222787EA0266802811
B1057033958873N03222789EA0266802811
B1057043958864N03222790EA0266802812
B1057053958857N03222792EA0266902813
B1057063958850N03222795EA0267002813
B1057073958843N03222798EA0267002812
B1057083958835N03222802EA0266902811
B1057093958828N03222807EA0266902809
B1057103958820N03222812EA0266602808
B1057113958813N03222817EA0266402807
B1057123958806N03222822EA0266302806
B1057133958800N03222827EA0266202805
B1057143958794N03222832EA0266202804
B1057153958788N03222837EA0266002802
B1057163958781N03222842EA0265802799
B1057173958774N03222848EA0265602797
B1057183958766N03222853EA0265402796
B1057193958758N03222857EA0265302796
B1057203958750N03222861EA0265402797
B1057213958743N03222864EA0265502799
B1057223958737N03222867EA0265702799
B1057233958731N03222869EA0265802798
B1057243958725N03222871EA0265502795
B1057253958719N03222872EA0265202791
B1057263958711N03222874EA0264602784
B1057273958702N03222877EA0264102779
B1057283958693N03222881EA0263702776
B1057293958684N03222884EA0263402776
B1057303958676N03222888EA0263302778
B1057313958669N03222890EA0263402778
B1057323958662N03222892EA0263602778
B1057333958655N03222895EA0263502777
B1057343958647N03222898EA0263402775
B1057353958639N03222901EA0263302773
B1057363958630N03222904EA0263102772
B1057373958622N03222906EA0263102772
B1057383958614N03222908EA0263102773
B1057393958607N03222910EA0263202774
B1057403958600N03222912EA0263302773
B1057413958592N03222914EA0263202771
B1057423958584N03222916EA0263002767
B1057433958575N03222918EA0262702764
B1057443958566N03222920EA0262502763
B1057453958558N03222922EA0262402763
B1057463958551N03222924EA0262402764
B1057473958545N03222926EA0262502764
B1057483958538N03222927EA0262502763
B1057493958531N03222929EA0262302760
B1057503958523N03222930EA0262002757
B1057513958514N03222931EA0261702754
B1057523958505N03222933EA0261502752
B1057533958497N03222935EA0261302752
B1057543958489N03222938EA0261402754
B1057553958482N03222941EA0261502755
B1057563958475N03222943EA0261602755
B1057573958469N03222946EA0261502751
B1057583958461N03222950EA0261302747
B1057593958451N03222955EA0260902745
B1058003958442N03222957EA0260702746
B1058013958434N03222959EA0260802747
B1058023958427N03222961EA0261002749
B1058033958421N03222963EA0261202750
B1058043958415N03222966EA0261302750
B1058053958409N03222971EA0261202748
B1058063958402N03222976EA0261102746
B1058073958394N03222980EA0260902745
B1058083958386N03222983EA0260802745
B1058093958379N03222984EA0260902746
B1058103958371N03222987EA0261002747
B1058113958364N03222989EA0261002747
B1058123958357N03222991EA0261002747
B1058133958350N03222993EA0260902746
B1058143958343N03222994EA0260802745
B1058153958335N03222995EA0260602743
B1058163958327N03222996EA0260302741
B1058173958319N03222998EA0260102738
B1058183958311N03223000EA0259802735
B1058193958303N03223004EA0259502732
B1058203958295N03223007EA0259302729
B1058213958287N03223009EA0258902725
B1058223958279N03223012EA0258502721
B1058233958271N03223014EA0258202717
B1058243958262N03223016EA0257802715
B1058253958254N03223018EA0257602714
B1058263958247N03223019EA0257502714
B1058273958240N03223019EA0257502712
B1058283958234N03223020EA0257302709
B1058293958226N03223022EA0256902704
B1058303958218N03223025EA0256502700
B1058313958209N03223027EA0256102696
B1058323958199N03223028EA0255902694
B1058333958191N03223026EA0255602692
B1058343958183N03223025EA0255402691
B1058353958176N03223025EA0255302690
B1058363958169N03223025EA0255102687
B1058373958161N03223027EA0254802683
B1058383958153N03223027EA0254402678
B1058393958143N03223027EA0254002674
B1058403958134N03223027EA0253802674
B1058413958126N03223029EA0253702674
B1058423958119N03223032EA0253802676
B1058433958113N03223036EA0254002676
B1058443958107N03223038EA0253902675
B1058453958101N03223040EA0253802672
B1058463958093N03223043EA0253502669
B1058473958085N03223047EA0253102666
B1058483958077N03223050EA0253002666
B1058493958070N03223052EA0252902666
B1058503958064N03223054EA0252902666
B1058513958057N03223056EA0252902665
B1058523958051N03223059EA0252802663
B1058533958043N03223061EA0252602661
B1058543958036N03223064EA0252402659
B1058553958028N03223066EA0252302658
B1058563958020N03223066EA0252202658
B1058573958013N03223066EA0252102657
B1058583958006N03223065EA0252002656
B1058593957998N03223065EA0251802654
B1059003957991N03223065EA0251502651
B1059013957983N03223066EA0251302648
B1059023957975N03223069EA0251002645
B1059033957967N03223072EA0250702643
B1059043957959N03223075EA0250502641
B1059053957952N03223079EA0250402640
B1059063957945N03223082EA0250202639
B1059073957939N03223084EA0250102637
B1059083957932N03223086EA0249902634
B1059093957925N03223088EA0249502630
B1059103957918N03223090EA0249102626
B1059113957909N03223092EA0248802621
B1059123957901N03223094EA0248402618
B1059133957893N03223096EA0248202616
B1059143957886N03223099EA0248002615
B1059153957880N03223101EA0247902613
B1059163957873N03223102EA0247602610
B1059173957866N03223104EA0247202606
B1059183957859N03223108EA0246802601
B1059193957851N03223113EA0246302596
B1059203957844N03223119EA0246102594
B1059213957837N03223123EA0245802594
B1059223957829N03223125EA0245702593
B1059233957823N03223127EA0245602592
B1059243957816N03223128EA0245502590
B1059253957808N03223130EA0245302587
B1059263957801N03223131EA0245002583
B1059273957792N03223131EA0244702580
B1059283957783N03223130EA0244402578
B1059293957774N03223129EA0244402577
B1059303957766N03223130EA0244402578
B1059313957759N03223131EA0244302576
B1059323957751N03223133EA0244202575
B1059333957743N03223134EA0244002572
B1059343957734N03223134EA0243702570
B1059353957725N03223133EA0243502567
B1059363957716N03223132EA0243302566
B1059373957707N03223132EA0243202565
B1059383957699N03223133EA0243102564
B1059393957691N03223133EA0243002564
B1059403957684N03223133EA0242902562
B1059413957677N03223133EA0242802560
B1059423957669N03223134EA0242602557
B1059433957661N03223136EA0242302554
B1059443957653N03223138EA0242102552
B1059453957645N03223140EA0242002552
B1059463957638N03223142EA0242002552
B1059473957632N03223144EA0242002552
B1059483957625N03223146EA0242002551
B1059493957617N03223148EA0241802549
B1059503957610N03223149EA0241702547
B1059513957603N03223151EA0241502545
B1059523957596N03223153EA0241302543
B1059533957589N03223154EA0241102542
B1059543957582N03223154EA0241002540
B1059553957574N03223153EA0240902539
B1059563957567N03223153EA0240802538
B1059573957559N03223153EA0240802538
B1059583957552N03223153EA0240702537
B1059593957545N03223152EA0240602536
B1100003957538N03223152EA0240402535
B1100013957530N03223151EA0240302534
B1100023957522N03223149EA0240302533
B1100033957514N03223146EA0240302533
B1100043957506N03223144EA0240302535
B1100053957499N03223142EA0240302535
B1100063957493N03223140EA0240302535
B1100073957486N03223137EA0240202533
B1100083957479N03223134EA0240102532
B1100093957471N03223130EA0239902530
B1100103957463N03223126EA0239802529
B1100113957455N03223123EA0239802529
B1100123957448N03223120EA0239702529
B1100133957440N03223120EA0239702529
B1100143957432N03223121EA0239702527
B1100153957424N03223122EA0239602526
B1100163957416N03223122EA0239502525
B1100173957407N03223122EA0239402524
B1100183957398N03223122EA0239202523
B1100193957390N03223123EA0239102522
B1100203957381N03223125EA0239102521
B1100213957373N03223127EA0239002519
B1100223957364N03223128EA0238802517
B1100233957355N03223128EA0238602516
B1100243957346N03223128EA0238402515
B1100253957337N03223130EA0238402514
B1100263957329N03223132EA0238302513
B1100273957321N03223134EA0238302513
B1100283957313N03223136EA0238202512
B1100293957306N03223137EA0238102511
B1100303957298N03223139EA0237802508
B1100313957290N03223141EA0237602504
B1100323957282N03223145EA0237302501
B1100333957274N03223150EA0237002499
B1100343957267N03223155EA0236702497
B1100353957260N03223158EA0236602496
B1100363957252N03223162EA0236402494
B1100373957245N03223166EA0236202490
B1100383957237N03223170EA0235902486
B1100393957228N03223174EA0235502483
B1100403957220N03223178EA0235302481
B1100413957211N03223181EA0235102479
B1100423957202N03223184EA0235002478
B1100433957194N03223185EA0234902477
B1100443957186N03223188EA0234702474
B1100453957177N03223190EA0234402471
B1100463957168N03223192EA0234002467
B1100473957159N03223193EA0233802465
B1100483957150N03223193EA0233502463
B1100493957141N03223194EA0233302462
B1100503957134N03223196EA0233302462
B1100513957127N03223197EA0233202460
B1100523957120N03223199EA0233002457
B1100533957112N03223201EA0232702453
B1100543957104N03223203EA0232302449
B1100553957095N03223206EA0232002448
B1100563957087N03223209EA0231902449
B1100573957080N03223212EA0231902450
B1100583957073N03223215EA0232002450
B1100593957067N03223218EA0231902448
B1101003957060N03223222EA0231702445
B1101013957052N03223225EA0231402442
B1101023957044N03223229EA0231202439
B1101033957035N03223233EA0230902437
B1101043957026N03223237EA0230702436
B1101053957018N03223241EA0230602435
B1101063957010N03223244EA0230502435
B1101073957003N03223248EA0230502433
B1101083956995N03223252EA0230302431
B1101093956987N03223255EA0230102428
B1101103956978N03223258EA0229802425
B1101113956969N03223260EA0229502423
B1101123956960N03223262EA0229302421
B1101133956952N03223266EA0229202419
B1101143956944N03223269EA0229002418
B1101153956937N03223274EA0228902416
B1101163956930N03223278EA0228702414
B1101173956922N03223282EA0228502412
B1101183956915N03223286EA0228302410
B1101193956907N03223290EA0228102409
B1101203956900N03223295EA0228002408
B1101213956893N03223299EA0227902407
B1101223956886N03223303EA0227802406
B1101233956878N03223307EA0227702404
B1101243956871N03223310EA0227502403
B1101253956863N03223314EA0227402401
B1101263956855N03223318EA0227302401
B1101273956847N03223323EA0227202400
B1101283956840N03223328EA0227202399
B1101293956833N03223333EA0227102399
B1101303956826N03223337EA0227002397
B1101313956818N03223342EA0226802395
B1101323956810N03223346EA0226602393
B1101333956802N03223350EA0226402391
B1101343956795N03223354EA0226202390
B1101353956788N03223357EA0226002388
B1101363956781N03223360EA0225902385
B1101373956774N03223362EA0225602382
B1101383956766N03223363EA0225102377
B1101393956758N03223366EA0224602371
B1101403956750N03223369EA0224102367
B1101413956743N03223373EA0223802363
B1101423956735N03223377EA0223402359
B1101433956728N03223381EA0223002357
B1101443956720N03223385EA0222802354
B1101453956712N03223387EA0222602352
B1101463956705N03223389EA0222402350
B1101473956697N03223390EA0222202348
B1101483956690N03223392EA0222002344
B1101493956682N03223394EA0221702342
B1101503956674N03223396EA0221402339
B1101513956667N03223398EA0221202337
B1101523956659N03223400EA0220902334
B1101533956652N03223401EA0220702332
B1101543956644N03223404EA0220502330
B1101553956637N03223407EA0220302327
B1101563956630N03223410EA0220102325
B1101573956622N03223414EA0219902324
B1101583956614N03223418EA0219802323
B1101593956606N03223421EA0219702322
B1102003956599N03223423EA0219702321
B1102013956592N03223425EA0219702321
B1102023956585N03223428EA0219602319
B1102033956577N03223431EA0219402317
B1102043956570N03223435EA0219202314
B1102053956562N03223438EA0219002312
B1102063956554N03223442EA0218702310
B1102073956546N03223446EA0218602309
B1102083956539N03223450EA0218402307
B1102093956531N03223455EA0218302306
B1102103956524N03223459EA0218202305
B1102113956516N03223463EA0218102303
B1102123956509N03223466EA0217902301
B1102133956502N03223469EA0217702299
B1102143956494N03223473EA0217502296
B1102153956486N03223477EA0217202293
B1102163956478N03223481EA0217002290
B1102173956470N03223485EA0216802289
B1102183956463N03223489EA0216702288
B1102193956456N03223493EA0216602287
B1102203956449N03223497EA0216402285
B1102213956442N03223502EA0216302283
B1102223956435N03223506EA0216102281
B1102233956427N03223510EA0215902279
B1102243956420N03223513EA0215702277
B1102253956413N03223517EA0215502275
B1102263956406N03223522EA0215302273
B1102273956400N03223527EA0215002270
B1102283956393N03223532EA0214802267
B1102293956386N03223537EA0214502264
B1102303956378N03223541EA0214302262
B1102313956371N03223545EA0214002259
B1102323956364N03223550EA0213802256
B1102333956357N03223555EA0213502254
B1102343956350N03223560EA0213302251
B1102353956343N03223563EA0213002248
B1102363956336N03223567EA0212702244
B1102373956329N03223572EA0212302240
B1102383956321N03223576EA0211902236
B1102393956314N03223581EA0211602233
B1102403956306N03223585EA0211202230
B1102413956298N03223589EA0211002227
B1102423956291N03223593EA0210702225
B1102433956284N03223597EA0210402222
B1102443956277N03223602EA0210202220
B1102453956270N03223606EA0210102218
B1102463956262N03223609EA0209902216
B1102473956254N03223613EA0209802214
B1102483956248N03223616EA0209602213
B1102493956242N03223620EA0209402211
B1102503956236N03223624EA0209202209
B1102513956231N03223627EA0208902206
B1102523956225N03223631EA0208602201
B1102533956218N03223634EA0208102197
B1102543956211N03223636EA0207702193
B1102553956204N03223637EA0207302190
B1102563956196N03223637EA0207002186
B1102573956189N03223637EA0206702182
B1102583956182N03223637EA0206302178
B1102593956175N03223637EA0205902175
B1103003956169N03223637EA0205602170
B1103013956163N03223638EA0205102165
B1103023956156N03223639EA0204602159
B1103033956149N03223641EA0204102153
B1103043956142N03223643EA0203602149
B1103053956135N03223646EA0203202146
B1103063956128N03223648EA0203002145
B1103073956121N03223649EA0202902144
B1103083956115N03223650EA0202802143
B1103093956109N03223650EA0202502139
B1103103956102N03223650EA0202302136
B1103113956095N03223650EA0201902133
B1103123956088N03223651EA0201702130
B1103133956082N03223651EA0201502127
B1103143956076N03223653EA0201102123
B1103153956070N03223655EA0200702119
B1103163956063N03223657EA0200402116
B1103173956056N03223658EA0200102113
B1103183956048N03223658EA0199702110
B1103193956040N03223659EA0199502107
B1103203956033N03223660EA0199202104
B1103213956026N03223663EA0198902101
B1103223956019N03223665EA0198602097
B1103233956013N03223668EA0198202093
B1103243956006N03223671EA0197902089
B1103253956000N03223672EA0197502086
B1103263955993N03223674EA0197202083
B1103273955986N03223674EA0197002081
B1103283955980N03223675EA0196702077
B1103293955973N03223677EA0196302073
B1103303955966N03223679EA0195902068
B1103313955958N03223681EA0195502063
B1103323955951N03223684EA0195002059
B1103333955943N03223687EA0194602056
B1103343955936N03223689EA0194302053
B1103353955930N03223692EA0193902048
B1103363955923N03223695EA0193502043
B1103373955915N03223698EA0192902037
B1103383955908N03223702EA0192402031
B1103393955900N03223705EA0191902027
B1103403955892N03223708EA0191602024
B1103413955885N03223711EA0191302021
B1103423955879N03223713EA0191102019
B1103433955872N03223716EA0190802016
B1103443955865N03223719EA0190502013
B1103453955859N03223723EA0190202009
B1103463955851N03223727EA0189902005
B1103473955844N03223731EA0189502002
B1103483955837N03223736EA0189201999
B1103493955831N03223741EA0189001997
B1103503955824N03223746EA0188801996
B1103513955818N03223750EA0188601994
B1103523955812N03223754EA0188401991
B1103533955806N03223758EA0188101987
B1103543955799N03223763EA0187701983
B1103553955792N03223768EA0187401980
B1103563955785N03223773EA0187101978
B1103573955778N03223778EA0186901977
B1103583955771N03223782EA0186801976
B1103593955764N03223785EA0186701974
B1104003955757N03223789EA0186501972
B1104013955751N03223793EA0186301970
B1104023955744N03223797EA0186001966
B1104033955736N03223800EA0185701963
B1104043955728N03223802EA0185301959
B1104053955720N03223803EA0185001957
B1104063955712N03223804EA0184801955
B1104073955704N03223806EA0184601953
B1104083955697N03223808EA0184301949
B1104093955688N03223809EA0183901944
B1104103955680N03223811EA0183501939
B1104113955671N03223815EA0183001934
B1104123955662N03223820EA0182501930
B1104133955654N03223825EA0182201928
B1104143955647N03223828EA0182001927
B1104153955639N03223830EA0181801924
B1104163955631N03223832EA0181601922
B1104173955623N03223835EA0181401919
B1104183955615N03223838EA0181101915
B1104193955606N03223840EA0180801913
B1104203955598N03223842EA0180601911
B1104213955590N03223845EA0180301908
B1104223955583N03223847EA0180001905
B1104233955575N03223850EA0179801901
B1104243955568N03223853EA0179401897
B1104253955560N03223856EA0179101894
B1104263955552N03223859EA0178801892
B1104273955546N03223862EA0178601891
B1104283955539N03223865EA0178501889
B1104293955533N03223868EA0178301886
B1104303955527N03223872EA0178101883
B1104313955520N03223876EA0177801881
B1104323955514N03223879EA0177601879
B1104333955508N03223882EA0177301877
B1104343955502N03223885EA0177101873
B1104353955496N03223888EA0176801869
B1104363955490N03223892EA0176401864
B1104373955483N03223897EA0175901858
B1104383955476N03223902EA0175401853
B1104393955469N03223907EA0175001850
B1104403955462N03223911EA0174701848
B1104413955456N03223914EA0174501846
B1104423955450N03223917EA0174301843
B1104433955443N03223920EA0173901838
B1104443955436N03223922EA0173501833
B1104453955429N03223925EA0173101829
B1104463955421N03223929EA0172701825
B1104473955414N03223932EA0172401823
B1104483955407N03223936EA0172101821
B1104493955401N03223939EA0171901818
B1104503955394N03223942EA0171601815
B1104513955388N03223945EA0171201811
B1104523955381N03223948EA0170801805
B1104533955373N03223952EA0170301800
B1104543955366N03223955EA0169701795
B1104553955358N03223958EA0169201790
B1104563955351N03223961EA0168801786
B1104573955344N03223964EA0168401782
B1104583955337N03223967EA0168001779
B1104593955331N03223971EA0167701775
B1105003955325N03223974EA0167401772
B1105013955320N03223977EA0167101769
B1105023955314N03223979EA0166801766
B1105033955307N03223981EA0166601764
B1105043955300N03223983EA0166301761
B1105053955293N03223986EA0166101759
B1105063955286N03223989EA0165801757
B1105073955279N03223992EA0165501754
B1105083955273N03223994EA0165401753
B1105093955267N03223996EA0165301752
B1105103955261N03223998EA0165201751
B1105113955255N03224000EA0165101750
B1105123955249N03224002EA0165001748
B1105133955243N03224005EA0164901747
B1105143955236N03224007EA0164801747
B1105153955229N03224009EA0164901748
B1105163955223N03224010EA0165001750
B1105173955216N03224010EA0165201752
B1105183955210N03224012EA0165301753
B1105193955203N03224013EA0165401753
B1105203955196N03224016EA0165401753
B1105213955189N03224017EA0165401754
B1105223955183N03224018EA0165601757
B1105233955178N03224018EA0165901759
B1105243955173N03224017EA0166101761
B1105253955168N03224016EA0166101761
B1105263955162N03224016EA0166001759
B1105273955155N03224016EA0165901757
B1105283955149N03224015EA0165801757
B1105293955142N03224014EA0165901759
B1105303955137N03224012EA0166101761
B1105313955132N03224011EA0166301762
B1105323955127N03224012EA0166301763
B1105333955123N03224012EA0166401763
B1105343955117N03224012EA0166401762
B1105353955112N03224012EA0166301762
B1105363955106N03224012EA0166301762
B1105373955101N03224013EA0166401763
B1105383955095N03224014EA0166401763
B1105393955090N03224017EA0166501765
B1105403955085N03224018EA0166701767
B1105413955079N03224019EA0166901768
B1105423955074N03224019EA0167001769
B1105433955068N03224018EA0167101770
B1105443955063N03224018EA0167201771
B1105453955057N03224019EA0167301771
B1105463955051N03224020EA0167301773
B1105473955046N03224020EA0167501774
B1105483955040N03224017EA0167701778
B1105493955035N03224013EA0168001780
B1105503955030N03224007EA0168201782
B1105513955027N03224000EA0168401785
B1105523955025N03223993EA0168601787
B1105533955024N03223984EA0168801788
B1105543955025N03223975EA0168801788
B1105553955028N03223965EA0168901789
B1105563955032N03223957EA0169001791
B1105573955037N03223951EA0169201794
B1105583955043N03223947EA0169401796
B1105593955048N03223947EA0169501797
B1106003955054N03223950EA0169601799
B1106013955057N03223954EA0169801802
B1106023955060N03223959EA0170001805
B1106033955062N03223963EA0170201808
B1106043955063N03223967EA0170401809
B1106053955062N03223972EA0170501809
B1106063955062N03223978EA0170501807
B1106073955059N03223983EA0170501807
B1106083955056N03223988EA0170501807
B1106093955051N03223992EA0170501807
B1106103955045N03223995EA0170501807
B1106113955040N03223997EA0170601809
B1106123955034N03223997EA0170801811
B1106133955028N03223996EA0171001812
B1106143955022N03223993EA0171201813
B1106153955016N03223987EA0171201814
B1106163955012N03223980EA0171301815
B1106173955008N03223971EA0171401816
B1106183955007N03223960EA0171501817
B1106193955008N03223950EA0171701819
B1106203955010N03223940EA0172001822
B1106213955013N03223932EA0172201825
B1106223955017N03223925EA0172501828
B1106233955022N03223920EA0172701829
B1106243955028N03223917EA0172801830
B1106253955034N03223914EA0172901831
B1106263955040N03223913EA0173001832
B1106273955046N03223915EA0173201833
B1106283955050N03223921EA0173301835
B1106293955052N03223928EA0173401837
B1106303955051N03223935EA0173601839
B1106313955049N03223940EA0173901843
B1106323955045N03223944EA0174101847
B1106333955041N03223945EA0174401848
B1106343955035N03223945EA0174501849
B1106353955029N03223944EA0174701850
B1106363955023N03223940EA0174701851
B1106373955017N03223933EA0174901853
B1106383955014N03223924EA0175001853
B1106393955014N03223913EA0175101853
B1106403955017N03223903EA0175101854
B1106413955021N03223894EA0175301856
B1106423955026N03223887EA0175501859
B1106433955029N03223881EA0175801862
B1106443955033N03223875EA0176001864
B1106453955037N03223870EA0176101864
B1106463955043N03223866EA0176101864
B1106473955050N03223864EA0176101863
B1106483955057N03223863EA0176001863
B1106493955063N03223864EA0176101863
B1106503955069N03223867EA0176301863
B1106513955073N03223870EA0176401864
B1106523955076N03223874EA0176501864
B1106533955079N03223878EA0176401862
B1106543955082N03223883EA0176301860
B1106553955084N03223888EA0176201858
B1106563955086N03223895EA0176001857
B1106573955087N03223903EA0175801855
B1106583955086N03223910EA0175701855
B1106593955085N03223918EA0175701855
B1107003955082N03223925EA0175701854
B1107013955079N03223930EA0175601853
B1107023955074N03223934EA0175401851
B1107033955068N03223938EA0175101849
B1107043955062N03223941EA0175001848
B1107053955057N03223945EA0174901848
B1107063955052N03223948EA0175001850
B1107073955047N03223950EA0175101851
B1107083955041N03223951EA0175201852
B1107093955035N03223950EA0175201853
B1107103955029N03223950EA0175301854
B1107113955023N03223951EA0175401855
B1107123955018N03223954EA0175501857
B1107133955013N03223957EA0175701859
B1107143955009N03223960EA0175801860
B1107153955004N03223962EA0175901861
B1107163954999N03223964EA0176001862
B1107173954993N03223966EA0175901862
B1107183954987N03223969EA0175901861
B1107193954980N03223970EA0175901862
B1107203954973N03223971EA0176001863
B1107213954967N03223972EA0176201866
B1107223954961N03223973EA0176301868
B1107233954955N03223975EA0176501869
B1107243954949N03223976EA0176601870
B1107253954942N03223977EA0176701871
B1107263954935N03223977EA0176901873
B1107273954927N03223974EA0177101878
B1107283954920N03223969EA0177401883
B1107293954913N03223962EA0177901888
B1107303954909N03223955EA0178301893
B1107313954906N03223947EA0178901898
B1107323954906N03223939EA0179301901
B1107333954908N03223931EA0179601904
B1107343954912N03223925EA0179901907
B1107353954916N03223922EA0180201910
B1107363954921N03223922EA0180501914
B1107373954924N03223926EA0180901916
B1107383954926N03223931EA0181101919
B1107393954925N03223938EA0181301921
B1107403954922N03223945EA0181601924
B1107413954918N03223950EA0181901929
B1107423954911N03223953EA0182401934
B1107433954904N03223952EA0182701938
B1107443954897N03223948EA0183101941
B1107453954892N03223940EA0183401942
B1107463954889N03223931EA0183701945
B1107473954888N03223921EA0184001950
B1107483954888N03223912EA0184501955
B1107493954890N03223906EA0185001960
B1107503954892N03223901EA0185201964
B1107513954896N03223898EA0185401967
B1107523954899N03223897EA0185501970
B1107533954904N03223897EA0185501973
B1107543954908N03223898EA0185601975
B1107553954912N03223900EA0185801979
B1107563954916N03223904EA0186001983
B1107573954919N03223909EA0186401986
B1107583954920N03223914EA0186801989
B1107593954920N03223921EA0187101991
B1108003954919N03223929EA0187401992
B1108013954915N03223936EA0187601994
B1108023954909N03223941EA0187801994
B1108033954901N03223942EA0187901995
B1108043954893N03223939EA0188001995
B1108053954886N03223934EA0188101996
B1108063954881N03223926EA0188301999
B1108073954878N03223918EA0188502001
B1108083954877N03223909EA0188702002
B1108093954879N03223900EA0188902004
B1108103954881N03223893EA0189202009
B1108113954884N03223887EA0189602014
B1108123954887N03223882EA0190102019
B1108133954889N03223878EA0190502022
B1108143954891N03223873EA0190802024
B1108153954893N03223868EA0191002025
B1108163954896N03223863EA0191202026
B1108173954900N03223859EA0191302027
B1108183954906N03223858EA0191302027
B1108193954912N03223859EA0191402028
B1108203954917N03223861EA0191502030
B1108213954922N03223866EA0191802033
B1108223954925N03223870EA0192202038
B1108233954926N03223875EA0192802043
B1108243954927N03223880EA0193102047
B1108253954926N03223885EA0193402050
B1108263954923N03223891EA0193602051
B1108273954919N03223898EA0193702052
B1108283954913N03223902EA0193702053
B1108293954906N03223904EA0193802054
B1108303954899N03223902EA0194002056
B1108313954892N03223898EA0194202061
B1108323954885N03223893EA0194602065
B1108333954881N03223887EA0194902068
B1108343954878N03223879EA0195102071
B1108353954876N03223870EA0195302072
B1108363954875N03223860EA0195602075
B1108373954874N03223850EA0196002080
B1108383954875N03223842EA0196402084
B1108393954876N03223836EA0196802088
B1108403954878N03223829EA0197202091
B1108413954881N03223823EA0197502094
B1108423954883N03223817EA0197702095
B1108433954886N03223810EA0197902097
B1108443954889N03223804EA0198102099
B1108453954894N03223800EA0198302101
B1108463954900N03223799EA0198402101
B1108473954905N03223802EA0198402101
B1108483954911N03223807EA0198502101
B1108493954915N03223814EA0198602103
B1108503954917N03223821EA0198802105
B1108513954917N03223829EA0199002107
B1108523954914N03223836EA0199202109
B1108533954910N03223841EA0199502113
B1108543954906N03223845EA0199802118
B1108553954901N03223847EA0200102119
B1108563954896N03223847EA0200302119
B1108573954889N03223846EA0200402119
B1108583954883N03223843EA0200502121
B1108593954877N03223839EA0200802125
B1109003954873N03223832EA0201002127
B1109013954871N03223824EA0201202129
B1109023954871N03223814EA0201502132
B1109033954871N03223806EA0201902138
B1109043954871N03223800EA0202302143
B1109053954870N03223795EA0202702146
B1109063954870N03223791EA0203002146
B1109073954871N03223785EA0203002146
B1109083954871N03223780EA0203002144
B1109093954873N03223774EA0202802144
B1109103954875N03223770EA0202802143
B1109113954879N03223766EA0202702142
B1109123954884N03223766EA0202602141
B1109133954889N03223768EA0202602141
B1109143954893N03223773EA0202602141
B1109153954896N03223779EA0202702141
B1109163954898N03223785EA0202702141
B1109173954900N03223793EA0202702141
B1109183954901N03223801EA0202802141
B1109193954901N03223809EA0202902143
B1109203954899N03223817EA0203102146
B1109213954897N03223824EA0203402148
B1109223954893N03223829EA0203802152
B1109233954890N03223833EA0204002155
B1109243954885N03223836EA0204202156
B1109253954880N03223840EA0204302157
B1109263954874N03223843EA0204402158
B1109273954868N03223847EA0204502160
B1109283954861N03223849EA0204702162
B1109293954854N03223851EA0204902165
B1109303954847N03223852EA0205102167
B1109313954839N03223852EA0205302169
B1109323954832N03223853EA0205502169
B1109333954824N03223855EA0205502170
B1109343954815N03223857EA0205502172
B1109353954807N03223858EA0205702175
B1109363954799N03223859EA0206102180
B1109373954791N03223859EA0206502185
B1109383954783N03223860EA0207002189
B1109393954775N03223860EA0207302194
B1109403954767N03223861EA0207802198
B1109413954758N03223861EA0208302203
B1109423954749N03223862EA0208702208
B1109433954741N03223860EA0209202214
B1109443954733N03223858EA0209802221
B1109453954727N03223853EA0210302226
B1109463954722N03223848EA0210802229
B1109473954719N03223841EA0211102232
B1109483954718N03223833EA0211402234
B1109493954719N03223825EA0211602236
B1109503954721N03223820EA0211902239
B1109513954725N03223817EA0212202241
B1109523954729N03223818EA0212502244
B1109533954732N03223822EA0212702246
B1109543954734N03223829EA0213002248
B1109553954732N03223837EA0213402252
B1109563954729N03223844EA0213802256
B1109573954723N03223851EA0214302261
B1109583954718N03223856EA0214802268
B1109593954711N03223860EA0215402274
B1110003954705N03223863EA0215802279
B1110013954698N03223864EA0216302282
B1110023954691N03223864EA0216602285
B1110033954683N03223862EA0216902287
B1110043954676N03223858EA0217102289
B1110053954669N03223851EA0217302291
B1110063954665N03223842EA0217402292
B1110073954663N03223834EA0217602295
B1110083954663N03223826EA0217902298
B1110093954664N03223821EA0218202302
B1110103954666N03223817EA0218502305
B1110113954669N03223816EA0218702307
B1110123954672N03223816EA0218802309
B1110133954675N03223818EA0219002311
B1110143954679N03223822EA0219402315
B1110153954681N03223826EA0219802320
B1110163954682N03223832EA0220302325
B1110173954682N03223839EA0220802329
B1110183954678N03223847EA0221202331
B1110193954674N03223855EA0221402332
B1110203954668N03223863EA0221802335
B1110213954661N03223869EA0222002338
B1110223954652N03223873EA0222402342
B1110233954644N03223873EA0222802345
B1110243954635N03223871EA0223002348
B1110253954627N03223865EA0223202348
B1110263954620N03223858EA0223302349
B1110273954615N03223850EA0223402352
B1110283954612N03223841EA0223502354
B1110293954611N03223834EA0223702355
B1110303954611N03223827EA0223802356
B1110313954613N03223822EA0223902357
B1110323954615N03223817EA0223902359
B1110333954619N03223814EA0224102361
B1110343954623N03223813EA0224402364
B1110353954628N03223813EA0224702367
B1110363954633N03223815EA0225102370
B1110373954636N03223820EA0225502373
B1110383954638N03223826EA0225802377
B1110393954639N03223833EA0226102380
B1110403954637N03223841EA0226402383
B1110413954634N03223849EA0226702386
B1110423954630N03223856EA0227002391
B1110433954625N03223862EA0227402396
B1110443954620N03223867EA0227902400
B1110453954615N03223871EA0228202402
B1110463954609N03223876EA0228402403
B1110473954604N03223880EA0228402404
B1110483954597N03223884EA0228402405
B1110493954588N03223887EA0228502405
B1110503954579N03223889EA0228602407
B1110513954570N03223891EA0228702409
B1110523954560N03223892EA0228902411
B1110533954551N03223893EA0229102414
B1110543954543N03223894EA0229302417
B1110553954535N03223895EA0229602419
B1110563954527N03223894EA0229702421
B1110573954520N03223891EA0229802421
B1110583954512N03223888EA0229902422
B1110593954506N03223884EA0229902422
B1111003954500N03223878EA0230002422
B1111013954496N03223872EA0230002422
B1111023954493N03223865EA0229902421
B1111033954492N03223857EA0229902420
B1111043954492N03223851EA0229802419
B1111053954495N03223846EA0229702418
B1111063954498N03223844EA0229602417
B1111073954501N03223844EA0229402415
B1111083954505N03223846EA0229202413
B1111093954509N03223850EA0229002412
B1111103954511N03223856EA0228802410
B1111113954512N03223863EA0228702408
B1111123954511N03223871EA0228502405
B1111133954508N03223879EA0228402404
B1111143954504N03223887EA0228302404
B1111153954499N03223894EA0228302403
B1111163954492N03223899EA0228202403
B1111173954484N03223903EA0228102402
B1111183954475N03223904EA0228102404
B1111193954466N03223905EA0228002404
B1111203954456N03223905EA0228002403
B1111213954447N03223906EA0227902404
B1111223954439N03223908EA0227902403
B1111233954430N03223910EA0227802403
B1111243954422N03223910EA0227702401
B1111253954413N03223910EA0227602398
B1111263954404N03223909EA0227302395
B1111273954395N03223910EA0227002393
B1111283954386N03223911EA0226902392
B1111293954378N03223913EA0226702390
B1111303954370N03223913EA0226502389
B1111313954361N03223914EA0226402386
B1111323954352N03223914EA0226102384
B1111333954342N03223913EA0225902381
B1111343954333N03223913EA0225602379
B1111353954324N03223912EA0225402377
B1111363954315N03223912EA0225202374
B1111373954305N03223911EA0225002372
B1111383954295N03223911EA0224802369
B1111393954284N03223911EA0224602368
B1111403954274N03223912EA0224502368
B1111413954264N03223913EA0224502369
B1111423954255N03223914EA0224602370
B1111433954246N03223915EA0224702370
B1111443954237N03223916EA0224702369
B1111453954228N03223917EA0224502367
B1111463954218N03223919EA0224302365
B1111473954207N03223920EA0224202363
B1111483954196N03223921EA0224002363
B1111493954186N03223921EA0224002363
B1111503954177N03223920EA0223902362
B1111513954167N03223919EA0223802360
B1111523954156N03223919EA0223502356
B1111533954145N03223918EA0223202353
B1111543954133N03223916EA0222902351
B1111553954122N03223914EA0222702351
B1111563954112N03223912EA0222702351
B1111573954102N03223911EA0222702351
B1111583954092N03223909EA0222702350
B1111593954083N03223907EA0222602349
B1112003954072N03223905EA0222402347
B1112013954062N03223904EA0222302345
B1112023954051N03223903EA0222202344
B1112033954040N03223902EA0222102345
B1112043954030N03223901EA0222102345
B1112053954019N03223899EA0222102345
B1112063954009N03223898EA0222102344
B1112073953999N03223896EA0222002343
B1112083953989N03223895EA0221902342
B1112093953978N03223893EA0221802342
B1112103953968N03223891EA0221802342
B1112113953957N03223890EA0221702342
B1112123953947N03223889EA0221702342
B1112133953936N03223887EA0221702342
B1112143953926N03223885EA0221702341
B1112153953915N03223883EA0221702341
B1112163953905N03223880EA0221702341
B1112173953894N03223877EA0221602341
B1112183953883N03223874EA0221602341
B1112193953873N03223872EA0221702341
B1112203953862N03223869EA0221702341
B1112213953851N03223867EA0221702342
B1112223953841N03223864EA0221702342
B1112233953830N03223862EA0221802342
B1112243953820N03223859EA0221802343
B1112253953809N03223857EA0221802342
B1112263953799N03223855EA0221802342
B1112273953788N03223853EA0221702341
B1112283953777N03223851EA0221602340
B1112293953767N03223848EA0221602341
B1112303953756N03223847EA0221602341
B1112313953746N03223846EA0221702341
B1112323953737N03223846EA0221702340
B1112333953727N03223845EA0221602340
B1112343953717N03223843EA0221502338
B1112353953706N03223842EA0221402337
B1112363953696N03223841EA0221302335
B1112373953685N03223840EA0221102334
B1112383953675N03223839EA0221002333
B1112393953664N03223838EA0220902333
B1112403953654N03223837EA0220802333
B1112413953644N03223835EA0220802332
B1112423953634N03223834EA0220802332
B1112433953624N03223833EA0220702331
B1112443953613N03223832EA0220602329
B1112453953603N03223831EA0220502328
B1112463953593N03223831EA0220402327
B1112473953583N03223830EA0220302326
B1112483953572N03223829EA0220102324
B1112493953562N03223827EA0219902322
B1112503953551N03223826EA0219702320
B1112513953541N03223825EA0219502318
B1112523953530N03223825EA0219402317
B1112533953520N03223824EA0219302316
B1112543953510N03223823EA0219302315
B1112553953499N03223823EA0219202314
B1112563953490N03223822EA0219102313
B1112573953480N03223822EA0218902312
B1112583953469N03223822EA0218802310
B1112593953459N03223822EA0218602309
B1113003953450N03223822EA0218602309
B1113013953440N03223822EA0218602308
B1113023953431N03223821EA0218502307
B1113033953421N03223821EA0218302306
B1113043953412N03223820EA0218202303
B1113053953402N03223820EA0218002301
B1113063953392N03223819EA0217702298
B1113073953382N03223817EA0217502296
B1113083953372N03223815EA0217302294
B1113093953361N03223813EA0217202293
B1113103953352N03223811EA0217102292
B1113113953342N03223810EA0216902291
B1113123953332N03223808EA0216802289
B1113133953323N03223807EA0216602286
B1113143953313N03223807EA0216402283
B1113153953303N03223807EA0216102280
B1113163953293N03223807EA0215802277
B1113173953282N03223806EA0215602275
B1113183953272N03223805EA0215402274
B1113193953262N03223804EA0215202272
B1113203953252N03223804EA0215102271
B1113213953243N03223804EA0215002270
B1113223953233N03223803EA0214902268
B1113233953224N03223801EA0214602265
B1113243953214N03223799EA0214402262
B1113253953204N03223797EA0214002257
B1113263953193N03223794EA0213602254
B1113273953182N03223792EA0213302251
B1113283953171N03223790EA0213002248
B1113293953160N03223788EA0212802247
B1113303953150N03223786EA0212602245
B1113313953139N03223784EA0212402243
B1113323953130N03223783EA0212302241
B1113333953120N03223781EA0212102240
B1113343953111N03223780EA0212002239
B1113353953103N03223778EA0211902238
B1113363953094N03223777EA0211702236
B1113373953086N03223776EA0211502233
B1113383953077N03223775EA0211302230
B1113393953067N03223773EA0211002228
B1113403953057N03223771EA0210802225
B1113413953048N03223770EA0210602223
B1113423953038N03223768EA0210402222
B1113433953028N03223767EA0210302221
B1113443953018N03223766EA0210202221
B1113453953009N03223766EA0210202221
B1113463953000N03223766EA0210202221
B1113473952991N03223766EA0210102220
B1113483952981N03223766EA0210002218
B1113493952972N03223766EA0209802216
B1113503952962N03223767EA0209602214
B1113513952953N03223768EA0209502214
B1113523952943N03223769EA0209502214
B1113533952934N03223770EA0209502214
B1113543952925N03223770EA0209402213
B1113553952916N03223770EA0209302211
B1113563952907N03223771EA0209102208
B1113573952897N03223771EA0208902206
B1113583952887N03223772EA0208702205
B1113593952877N03223772EA0208602204
B1114003952868N03223771EA0208502204
B1114013952859N03223770EA0208502204
B1114023952850N03223768EA0208402203
B1114033952842N03223767EA0208302201
B1114043952833N03223767EA0208102198
B1114053952824N03223766EA0207902196
B1114063952815N03223765EA0207702194
B1114073952806N03223763EA0207602193
B1114083952797N03223761EA0207402193
B1114093952789N03223759EA0207402192
B1114103952781N03223758EA0207302191
B1114113952773N03223757EA0207202190
B1114123952765N03223755EA0207102187
B1114133952757N03223754EA0206802185
B1114143952748N03223752EA0206602182
B1114153952738N03223751EA0206402180
B1114163952729N03223751EA0206302179
B1114173952720N03223750EA0206202179
B1114183952712N03223748EA0206102179
B1114193952704N03223747EA0206102179
B1114203952696N03223745EA0206102178
B1114213952688N03223745EA0206002176
B1114223952679N03223744EA0205802174
B1114233952670N03223744EA0205602172
B1114243952661N03223743EA0205402170
B1114253952653N03223742EA0205302170
B1114263952644N03223741EA0205202169
B1114273952636N03223740EA0205202168
B1114283952628N03223740EA0205102167
B1114293952620N03223739EA0205002166
B1114303952612N03223738EA0204802164
B1114313952603N03223737EA0204702163
B1114323952595N03223736EA0204702163
B1114333952586N03223735EA0204602162
B1114343952578N03223733EA0204602162
B1114353952570N03223731EA0204502161
B1114363952562N03223729EA0204402159
B1114373952554N03223728EA0204202156
B1114383952546N03223727EA0203902153
B1114393952537N03223725EA0203702149
B1114403952528N03223722EA0203402146
B1114413952519N03223719EA0203102144
B1114423952511N03223717EA0202902143
B1114433952503N03223716EA0202702142
B1114443952495N03223715EA0202602140
B1114453952486N03223714EA0202402137
B1114463952478N03223712EA0202102133
B1114473952469N03223710EA0201802130
B1114483952460N03223708EA0201502128
B1114493952451N03223707EA0201402127
B1114503952442N03223706EA0201302127
B1114513952434N03223707EA0201202126
B1114523952426N03223707EA0201102125
B1114533952417N03223708EA0201002123
B1114543952408N03223709EA0200802120
B1114553952398N03223711EA0200702119
B1114563952388N03223713EA0200502118
B1114573952379N03223714EA0200402118
B1114583952370N03223714EA0200402118
B1114593952362N03223715EA0200302118
B1115003952354N03223716EA0200302116
B1115013952346N03223717EA0200102114
B1115023952337N03223719EA0199702111
B1115033952327N03223720EA0199502108
B1115043952318N03223719EA0199202106
B1115053952308N03223718EA0199002105
B1115063952300N03223717EA0198902105
B1115073952292N03223717EA0198902104
B1115083952284N03223716EA0198802103
B1115093952275N03223715EA0198702101
B1115103952267N03223715EA0198502098
B1115113952257N03223715EA0198302096
B1115123952248N03223715EA0198202095
B1115133952240N03223714EA0198102096
B1115143952232N03223714EA0198102096
B1115153952225N03223713EA0198102096
B1115163952218N03223714EA0198102095
B1115173952211N03223715EA0198002093
B1115183952203N03223716EA0197802091
B1115193952194N03223719EA0197602089
B1115203952186N03223721EA0197402087
B1115213952177N03223723EA0197202086
B1115223952169N03223724EA0197102084
B1115233952160N03223725EA0196902083
B1115243952152N03223726EA0196802081
B1115253952143N03223728EA0196602079
B1115263952135N03223731EA0196402077
B1115273952126N03223733EA0196202075
B1115283952117N03223734EA0196102074
B1115293952108N03223735EA0195902073
B1115303952099N03223737EA0195802072
B1115313952090N03223739EA0195602070
B1115323952082N03223742EA0195502069
B1115333952073N03223744EA0195402069
B1115343952064N03223745EA0195302069
B1115353952055N03223746EA0195302069
B1115363952046N03223748EA0195302068
B1115373952037N03223749EA0195302068
B1115383952028N03223750EA0195302067
B1115393952019N03223751EA0195202066
B1115403952010N03223752EA0195102064
B1115413952000N03223753EA0195002063
B1115423951991N03223755EA0194902063
B1115433951982N03223756EA0194902063
B1115443951973N03223757EA0194802062
B1115453951964N03223757EA0194802061
B1115463951955N03223757EA0194602058
B1115473951945N03223758EA0194402055
B1115483951935N03223759EA0194202054
B1115493951925N03223759EA0194002054
B1115503951916N03223759EA0194002054
B1115513951908N03223759EA0194002054
B1115523951900N03223759EA0194002052
B1115533951892N03223759EA0193802050
B1115543951883N03223758EA0193602047
B1115553951874N03223757EA0193402044
B1115563951865N03223755EA0193202043
B1115573951856N03223752EA0193002042
B1115583951848N03223750EA0193002041
B1115593951839N03223747EA0192902040
B1116003951831N03223744EA0192802039
B1116013951822N03223741EA0192702039
B1116023951814N03223739EA0192802039
B1116033951806N03223737EA0192802038
B1116043951798N03223734EA0192602037
B1116053951790N03223732EA0192502035
B1116063951782N03223729EA0192302033
B1116073951773N03223727EA0192002030
B1116083951764N03223724EA0191902029
B1116093951755N03223723EA0191702028
B1116103951746N03223721EA0191602027
B1116113951738N03223719EA0191502026
B1116123951730N03223717EA0191402025
B1116133951721N03223715EA0191302023
B1116143951712N03223713EA0191102021
B1116153951703N03223711EA0190902019
B1116163951693N03223709EA0190802018
B1116173951684N03223708EA0190802018
B1116183951675N03223707EA0190702018
B1116193951666N03223706EA0190802018
B1116203951657N03223705EA0190802018
B1116213951648N03223703EA0190702017
B1116223951639N03223701EA0190702017
B1116233951631N03223698EA0190602016
B1116243951622N03223696EA0190502015
B1116253951613N03223694EA0190402015
B1116263951604N03223692EA0190402014
B1116273951595N03223690EA0190402014
B1116283951587N03223688EA0190402014
B1116293951578N03223686EA0190302013
B1116303951569N03223683EA0190302013
B1116313951559N03223682EA0190202012
B1116323951550N03223680EA0190202012
B1116333951541N03223678EA0190202012
B1116343951532N03223676EA0190202013
B1116353951523N03223673EA0190302015
B1116363951515N03223671EA0190502016
B1116373951507N03223669EA0190602017
B1116383951499N03223667EA0190602017
B1116393951491N03223665EA0190602015
B1116403951482N03223663EA0190402013
B1116413951473N03223660EA0190202011
B1116423951463N03223656EA0190102010
B1116433951454N03223652EA0190002011
B1116443951446N03223648EA0190102012
B1116453951438N03223645EA0190102013
B1116463951431N03223642EA0190102011
B1116473951423N03223639EA0190002009
B1116483951415N03223635EA0189702006
B1116493951406N03223631EA0189402003
B1116503951396N03223627EA0189102001
B1116513951387N03223623EA0189002002
B1116523951378N03223621EA0189002003
B1116533951370N03223619EA0189002003
B1116543951362N03223617EA0189002002
B1116553951354N03223616EA0188902000
B1116563951345N03223614EA0188601996
B1116573951335N03223611EA0188301993
B1116583951325N03223608EA0188101991
B1116593951316N03223605EA0188001992
B1117003951307N03223602EA0188101994
B1117013951299N03223600EA0188201995
B1117023951292N03223598EA0188201994
B1117033951284N03223595EA0188101991
B1117043951275N03223592EA0187801987
B1117053951265N03223589EA0187501984
B1117063951255N03223585EA0187201982
B1117073951245N03223582EA0187201983
B1117083951236N03223579EA0187201984
B1117093951228N03223576EA0187201985
B1117103951220N03223574EA0187201984
B1117113951212N03223571EA0187101982
B1117123951203N03223567EA0186901979
B1117133951194N03223563EA0186601977
B1117143951185N03223559EA0186401975
B1117153951176N03223555EA0186401976
B1117163951168N03223552EA0186401977
B1117173951161N03223549EA0186401977
B1117183951154N03223546EA0186401975
B1117193951146N03223543EA0186301973
B1117203951138N03223540EA0186001969
B1117213951129N03223537EA0185701966
B1117223951120N03223535EA0185401963
B1117233951112N03223532EA0185201962
B1117243951104N03223530EA0185101962
B1117253951097N03223528EA0185001961
B1117263951090N03223526EA0184901959
B1117273951084N03223523EA0184601955
B1117283951077N03223520EA0184301951
B1117293951068N03223517EA0184001948
B1117303951060N03223515EA0183701946
B1117313951052N03223514EA0183501946
B1117323951045N03223513EA0183501946
B1117333951038N03223512EA0183501945
B1117343951031N03223510EA0183401942
B1117353951023N03223509EA0183301939
B1117363951013N03223508EA0183001937
B1117373951003N03223508EA0182801936
B1117383950995N03223506EA0182701936
B1117393950987N03223504EA0182701937
B1117403950980N03223502EA0182701936
B1117413950973N03223501EA0182601934
B1117423950965N03223502EA0182301930
B1117433950956N03223503EA0182001926
B1117443950947N03223501EA0181601923
B1117453950939N03223497EA0181301921
B1117463950931N03223492EA0181201920
B1117473950923N03223489EA0181301921
B1117483950916N03223488EA0181401923
B1117493950909N03223488EA0181601924
B1117503950903N03223487EA0181701923
B1117513950897N03223485EA0181601920
B1117523950889N03223481EA0181301917
B1117533950882N03223479EA0181001914
B1117543950874N03223478EA0180801913
B1117553950867N03223477EA0180701913
B1117563950860N03223476EA0180601911
B1117573950854N03223473EA0180401908
B1117583950847N03223471EA0180201906
B1117593950839N03223468EA0180001904
B1118003950831N03223466EA0179801902
B1118013950823N03223465EA0179701902
B1118023950816N03223463EA0179601901
B1118033950810N03223461EA0179501899
B1118043950802N03223458EA0179201897
B1118053950795N03223456EA0178901894
B1118063950787N03223454EA0178601891
B1118073950778N03223453EA0178401889
B1118083950771N03223450EA0178201888
B1118093950763N03223447EA0178101887
B1118103950757N03223442EA0178001886
B1118113950751N03223438EA0177801884
B1118123950744N03223434EA0177601881
B1118133950737N03223430EA0177401878
B1118143950729N03223426EA0177001874
B1118153950721N03223422EA0176701871
B1118163950714N03223418EA0176501870
B1118173950707N03223415EA0176301868
B1118183950700N03223413EA0176101865
B1118193950692N03223412EA0175801861
B1118203950684N03223411EA0175401856
B1118213950676N03223409EA0175001852
B1118223950667N03223406EA0174701849
B1118233950659N03223404EA0174501849
B1118243950651N03223402EA0174401848
B1118253950644N03223401EA0174401848
B1118263950636N03223400EA0174301845
B1118273950629N03223399EA0174001842
B1118283950620N03223398EA0173701838
B1118293950612N03223395EA0173301834
B1118303950603N03223393EA0173001832
B1118313950595N03223391EA0172801831
B1118323950587N03223390EA0172701830
B1118333950579N03223389EA0172601828
B1118343950571N03223387EA0172301826
B1118353950563N03223384EA0172101823
B1118363950554N03223381EA0171901820
B1118373950546N03223377EA0171601818
B1118383950538N03223374EA0171501817
B1118393950531N03223371EA0171301816
B1118403950523N03223369EA0171201814
B1118413950516N03223365EA0171001812
B1118423950508N03223362EA0170801809
B1118433950501N03223358EA0170601807
B1118443950494N03223354EA0170301805
B1118453950487N03223350EA0170201804
B1118463950480N03223346EA0170101802
B1118473950473N03223342EA0169901800
B1118483950466N03223338EA0169701798
B1118493950459N03223333EA0169401795
B1118503950452N03223328EA0169201792
B1118513950445N03223322EA0168901790
B1118523950438N03223316EA0168701788
B1118533950431N03223311EA0168601787
B1118543950423N03223306EA0168401785
B1118553950416N03223302EA0168301783
B1118563950408N03223298EA0168101782
B1118573950401N03223294EA0167901780
B1118583950394N03223289EA0167801779
B1118593950387N03223285EA0167701778
B1119003950380N03223281EA0167601777
B1119013950372N03223277EA0167501775
B1119023950365N03223273EA0167301774
B1119033950358N03223270EA0167201773
B1119043950351N03223267EA0167001771
B1119053950343N03223263EA0166901769
B1119063950336N03223259EA0166701767
B1119073950328N03223255EA0166601766
B1119083950321N03223250EA0166501765
B1119093950314N03223247EA0166501765
B1119103950307N03223244EA0166401764
B1119113950300N03223241EA0166301762
B1119123950293N03223237EA0166101760
B1119133950285N03223234EA0165901758
B1119143950277N03223230EA0165801757
B1119153950268N03223226EA0165701757
B1119163950260N03223222EA0165701757
B1119173950251N03223217EA0165801759
B1119183950243N03223212EA0165901761
B1119193950236N03223207EA0166101763
B1119203950230N03223201EA0166301764
B1119213950223N03223195EA0166301764
B1119223950217N03223189EA0166201761
B1119233950209N03223182EA0166101759
B1119243950201N03223175EA0165901758
B1119253950194N03223167EA0165901760
B1119263950187N03223159EA0165901761
B1119273950182N03223152EA0166101763
B1119283950176N03223145EA0166101763
B1119293950169N03223139EA0166101762
B1119303950162N03223133EA0165901759
B1119313950154N03223127EA0165701757
B1119323950146N03223120EA0165501756
B1119333950139N03223114EA0165401756
B1119343950132N03223108EA0165301755
B1119353950125N03223103EA0165201753
B1119363950117N03223099EA0165001750
B1119373950109N03223094EA0164801748
B1119383950100N03223088EA0164501745
B1119393950092N03223084EA0164301743
B1119403950084N03223079EA0164101741
B1119413950075N03223076EA0163901739
B1119423950067N03223072EA0163701737
B1119433950059N03223069EA0163601736
B1119443950051N03223065EA0163501735
B1119453950044N03223061EA0163301734
B1119463950037N03223058EA0163201732
B1119473950030N03223055EA0163001729
B1119483950022N03223052EA0162701726
B1119493950014N03223049EA0162401722
B1119503950006N03223045EA0161901717
B1119513949997N03223041EA0161401712
B1119523949987N03223036EA0160901707
B1119533949978N03223030EA0160501705
B1119543949970N03223024EA0160201703
B1119553949963N03223018EA0160001701
B1119563949956N03223012EA0159801698
B1119573949949N03223007EA0159601695
B1119583949940N03223002EA0159301690
B1119593949932N03222997EA0158901687
B1120003949924N03222990EA0158601684
B1120013949916N03222983EA0158401683
B1120023949908N03222977EA0158201682
B1120033949901N03222972EA0158101680
B1120043949893N03222967EA0158001678
B1120053949885N03222962EA0157901676
B1120063949876N03222957EA0157601674
B1120073949868N03222951EA0157401672
B1120083949860N03222946EA0157301671
B1120093949853N03222942EA0157101669
B1120103949846N03222938EA0157001667
B1120113949838N03222934EA0156801665
B1120123949831N03222930EA0156601661
B1120133949823N03222926EA0156301658
B1120143949815N03222922EA0156001656
B1120153949806N03222919EA0155701653
B1120163949798N03222915EA0155501651
B1120173949791N03222911EA0155401650
B1120183949783N03222907EA0155101647
B1120193949775N03222903EA0154901645
B1120203949768N03222900EA0154701643
B1120213949760N03222896EA0154601641
B1120223949752N03222892EA0154401639
B1120233949745N03222888EA0154101637
B1120243949737N03222883EA0153901635
B1120253949730N03222877EA0153801634
B1120263949723N03222872EA0153701633
B1120273949717N03222867EA0153601632
B1120283949710N03222862EA0153501631
B1120293949703N03222858EA0153401628
B1120303949695N03222854EA0153201626
B1120313949687N03222850EA0152901624
B1120323949679N03222846EA0152701622
B1120333949672N03222842EA0152601621
B1120343949664N03222838EA0152501620
B1120353949657N03222835EA0152401618
B1120363949649N03222831EA0152201616
B1120373949641N03222828EA0152001613
B1120383949633N03222824EA0151701611
B1120393949626N03222821EA0151501609
B1120403949618N03222819EA0151301607
B1120413949610N03222816EA0151201605
B1120423949602N03222813EA0151001603
B1120433949595N03222810EA0150701601
B1120443949587N03222807EA0150601599
B1120453949579N03222803EA0150401597
B1120463949572N03222799EA0150201596
B1120473949564N03222795EA0150101595
B1120483949556N03222792EA0150101594
B1120493949549N03222788EA0150001593
B1120503949542N03222785EA0149901591
B1120513949535N03222781EA0149701589
B1120523949527N03222777EA0149401586
B1120533949520N03222773EA0149301584
B1120543949512N03222768EA0149101583
B1120553949504N03222764EA0149001582
B1120563949496N03222760EA0149001582
B1120573949489N03222755EA0148901582
B1120583949482N03222750EA0148901581
B1120593949475N03222745EA0148801579
B1121003949468N03222740EA0148701578
B1121013949460N03222736EA0148601577
B1121023949453N03222731EA0148501576
B1121033949445N03222727EA0148401575
B1121043949438N03222721EA0148301574
B1121053949431N03222716EA0148201573
B1121063949423N03222710EA0148101572
B1121073949416N03222705EA0148001571
B1121083949409N03222699EA0147901570
B1121093949401N03222694EA0147801569
B1121103949394N03222687EA0147801569
B1121113949387N03222681EA0147801570
B1121123949381N03222674EA0147901571
B1121133949374N03222669EA0147901571
B1121143949367N03222664EA0147901570
B1121153949360N03222658EA0147701567
B1121163949354N03222650EA0147501564
B1121173949347N03222642EA0147301562
B1121183949341N03222635EA0147101561
B1121193949334N03222628EA0147001560
B1121203949328N03222622EA0147001560
B1121213949323N03222617EA0147001560
B1121223949317N03222611EA0147001560
B1121233949312N03222607EA0146901558
B1121243949306N03222602EA0146801556
B1121253949300N03222596EA0146501553
B1121263949294N03222590EA0146301551
B1121273949288N03222584EA0146101549
B1121283949282N03222579EA0146001549
B1121293949276N03222574EA0146001549
B1121303949271N03222570EA0146001548
B1121313949266N03222566EA0145801545
B1121323949260N03222561EA0145501542
B1121333949254N03222556EA0145201538
B1121343949247N03222551EA0144901535
B1121353949240N03222547EA0144701534
B1121363949234N03222542EA0144601533
B1121373949228N03222538EA0144501532
B1121383949222N03222534EA0144401531
B1121393949216N03222530EA0144201528
B1121403949210N03222526EA0143901525
B1121413949203N03222522EA0143701522
B1121423949197N03222517EA0143401520
B1121433949190N03222511EA0143101518
B1121443949184N03222506EA0142901515
B1121453949178N03222501EA0142701513
B1121463949172N03222495EA0142401510
B1121473949166N03222489EA0142201508
B1121483949160N03222483EA0142001507
B1121493949154N03222479EA0141901505
B1121503949147N03222476EA0141801504
B1121513949141N03222473EA0141701503
B1121523949134N03222469EA0141601502
B1121533949127N03222465EA0141401500
B1121543949120N03222460EA0141201498
B1121553949113N03222456EA0141201498
B1121563949106N03222452EA0141101497
B1121573949100N03222449EA0141001496
B1121583949093N03222445EA0140801493
B1121593949086N03222441EA0140401489
B1122003949079N03222436EA0140101486
B1122013949071N03222430EA0139801484
B1122023949063N03222424EA0139701484
B1122033949058N03222418EA0139601483
B1122043949052N03222412EA0139601482
B1122053949047N03222406EA0139501480
B1122063949040N03222400EA0139201476
B1122073949033N03222393EA0138901473
B1122083949024N03222386EA0138701472
B1122093949016N03222380EA0138701473
B1122103949009N03222375EA0138701475
B1122113949002N03222371EA0138901476
B1122123948995N03222367EA0139001476
B1122133948988N03222363EA0138901476
B1122143948980N03222359EA0139001476
B1122153948972N03222356EA0139001478
B1122163948964N03222352EA0139201480
B1122173948958N03222348EA0139401483
B1122183948951N03222344EA0139601485
B1122193948945N03222339EA0139901487
B1122203948939N03222334EA0140001488
B1122213948934N03222328EA0140201490
B1122223948929N03222321EA0140301490
B1122233948925N03222313EA0140401490
B1122243948923N03222303EA0140501491
B1122253948924N03222292EA0140501491
B1122263948926N03222284EA0140601492
B1122273948930N03222279EA0140701494
B1122283948934N03222277EA0140901495
B1122293948936N03222278EA0141001497
B1122303948938N03222280EA0141201499
B1122313948939N03222282EA0141401500
B1122323948939N03222285EA0141401500
B1122333948940N03222289EA0141401499
B1122343948940N03222295EA0141401499
B1122353948940N03222300EA0141401498
B1122363948939N03222307EA0141401498
B1122373948938N03222313EA0141301497
B1122383948935N03222320EA0141301496
B1122393948930N03222326EA0141201497
B1122403948923N03222330EA0141301498
B1122413948916N03222332EA0141501501
B1122423948909N03222331EA0141701503
B1122433948903N03222328EA0141901505
B1122443948898N03222324EA0141901506
B1122453948892N03222320EA0142001506
B1122463948886N03222315EA0142001506
B1122473948881N03222310EA0142101506
B1122483948876N03222304EA0142101506
B1122493948873N03222296EA0142101506
B1122503948870N03222287EA0142001505
B1122513948868N03222277EA0142001505
B1122523948869N03222267EA0142001505
B1122533948872N03222259EA0142001504
B1122543948877N03222254EA0141901503
B1122553948882N03222253EA0141901503
B1122563948886N03222254EA0141901504
B1122573948888N03222258EA0141901504
B1122583948889N03222262EA0142001504
B1122593948888N03222268EA0142001503
B1123003948884N03222273EA0141901502
B1123013948879N03222277EA0141901502
B1123023948874N03222280EA0141901502
B1123033948867N03222281EA0141901503
B1123043948861N03222281EA0141901503
B1123053948854N03222281EA0142001504
B1123063948848N03222282EA0142001504
B1123073948842N03222283EA0142001504
B1123083948835N03222284EA0141901504
B1123093948828N03222284EA0142001504
B1123103948821N03222283EA0142001505
B1123113948814N03222282EA0142001506
B1123123948808N03222280EA0142101507
B1123133948803N03222279EA0142101507
B1123143948797N03222278EA0142001505
B1123153948790N03222277EA0141601501
B1123163948782N03222275EA0141301497
B1123173948774N03222275EA0141001495
B1123183948765N03222274EA0140801494
B1123193948758N03222274EA0140701495
B1123203948751N03222272EA0140701494
B1123213948745N03222271EA0140601492
B1123223948737N03222269EA0140401489
B1123233948729N03222268EA0140101485
B1123243948721N03222266EA0139701482
B1123253948712N03222264EA0139501480
B1123263948704N03222261EA0139301478
B1123273948696N03222258EA0139101477
B1123283948689N03222256EA0139001475
B1123293948681N03222253EA0138901474
B1123303948674N03222250EA0138701471
B1123313948666N03222247EA0138401468
B1123323948657N03222245EA0138101466
B1123333948649N03222243EA0137901464
B1123343948641N03222240EA0137701462
B1123353948633N03222237EA0137501460
B1123363948626N03222233EA0137301457
B1123373948618N03222229EA0137001454
B1123383948610N03222226EA0136701451
B1123393948602N03222223EA0136401448
B1123403948594N03222219EA0136101445
B1123413948585N03222215EA0135901442
B1123423948578N03222210EA0135601440
B1123433948570N03222206EA0135401437
B1123443948562N03222202EA0135201435
B1123453948554N03222198EA0134901432
B1123463948546N03222194EA0134601429
B1123473948538N03222191EA0134401426
B1123483948530N03222187EA0134101423
B1123493948522N03222183EA0133701419
B1123503948514N03222180EA0133401415
B1123513948506N03222176EA0133101411
B1123523948497N03222172EA0132701408
B1123533948489N03222168EA0132401405
B1123543948481N03222165EA0132201402
B1123553948473N03222161EA0131901399
B1123563948465N03222158EA0131601396
B1123573948457N03222156EA0131301393
B1123583948448N03222154EA0131001389
B1123593948439N03222153EA0130601386
B1124003948431N03222153EA0130401383
B1124013948422N03222153EA0130101381
B1124023948414N03222153EA0129801378
B1124033948406N03222154EA0129501374
B1124043948398N03222155EA0129201371
B1124053948389N03222155EA0128801367
B1124063948380N03222155EA0128401363
B1124073948371N03222154EA0128101359
B1124083948362N03222152EA0127701355
B1124093948353N03222150EA0127301352
B1124103948345N03222148EA0127001349
B1124113948337N03222145EA0126701345
B1124123948329N03222143EA0126401342
B1124133948321N03222140EA0126101339
B1124143948313N03222138EA0125701334
B1124153948305N03222135EA0125401330
B1124163948296N03222132EA0125001327
B1124173948288N03222130EA0124701324
B1124183948280N03222127EA0124401322
B1124193948272N03222123EA0124201319
B1124203948265N03222121EA0124001317
B1124213948257N03222118EA0123701314
B1124223948250N03222114EA0123401311
B1124233948242N03222110EA0123101308
B1124243948235N03222105EA0122801305
B1124253948228N03222101EA0122601303
B1124263948221N03222096EA0122501301
B1124273948215N03222092EA0122301299
B1124283948208N03222088EA0122101297
B1124293948201N03222083EA0121801293
B1124303948195N03222079EA0121501290
B1124313948187N03222074EA0121201287
B1124323948180N03222071EA0120901285
B1124333948172N03222067EA0120701282
B1124343948166N03222063EA0120401280
B1124353948159N03222059EA0120201278
B1124363948152N03222055EA0119901275
B1124373948145N03222051EA0119701272
B1124383948138N03222047EA0119401270
B1124393948131N03222044EA0119301269
B1124403948124N03222041EA0119101267
B1124413948118N03222038EA0119001267
B1124423948112N03222035EA0119001266
B1124433948106N03222032EA0119001266
B1124443948100N03222028EA0119001266
B1124453948094N03222025EA0119001265
B1124463948088N03222022EA0118901265
B1124473948082N03222021EA0118801264
B1124483948076N03222019EA0118701262
B1124493948069N03222016EA0118601261
B1124503948063N03222013EA0118501260
B1124513948056N03222009EA0118401259
B1124523948050N03222005EA0118301258
B1124533948042N03222002EA0118301258
B1124543948035N03221998EA0118301258
B1124553948027N03221995EA0118201257
B1124563948021N03221992EA0118101256
B1124573948014N03221989EA0118001255
B1124583948007N03221985EA0117901252
B1124593948000N03221982EA0117601250
B1125003947993N03221979EA0117301247
B1125013947986N03221976EA0117001244
B1125023947979N03221973EA0116801242
B1125033947972N03221969EA0116601240
B1125043947966N03221966EA0116501239
B1125053947960N03221964EA0116401237
B1125063947954N03221961EA0116301237
B1125073947948N03221958EA0116201236
B1125083947942N03221955EA0116101235
B1125093947936N03221952EA0116001234
B1125103947929N03221948EA0115901233
B1125113947922N03221944EA0115801232
B1125123947915N03221940EA0115801233
B1125133947908N03221935EA0115901236
B1125143947902N03221930EA0116201239
B1125153947896N03221926EA0116401240
B1125163947891N03221921EA0116501241
B1125173947885N03221916EA0116701242
B1125183947880N03221909EA0116801244
B1125193947876N03221901EA0117001245
B1125203947874N03221892EA0117001244
B1125213947874N03221882EA0116901243
B1125223947876N03221873EA0116901242
B1125233947879N03221865EA0116801242
B1125243947883N03221858EA0116801243
B1125253947888N03221855EA0116801244
B1125263947892N03221854EA0116901245
B1125273947895N03221855EA0117001246
B1125283947898N03221856EA0117001246
B1125293947899N03221859EA0117001244
B1125303947900N03221862EA0116801243
B1125313947899N03221866EA0116701240
B1125323947897N03221871EA0116501238
B1125333947894N03221876EA0116301237
B1125343947889N03221880EA0116201236
B1125353947883N03221882EA0116201236
B1125363947877N03221882EA0116201237
B1125373947871N03221879EA0116201237
B1125383947865N03221875EA0116301238
B1125393947860N03221869EA0116401238
B1125403947855N03221863EA0116401239
B1125413947851N03221855EA0116501239
B1125423947847N03221847EA0116501239
B1125433947844N03221838EA0116501239
B1125443947841N03221828EA0116501240
B1125453947840N03221818EA0116601240
B1125463947839N03221808EA0116601240
B1125473947839N03221798EA0116601240
B1125483947840N03221788EA0116601239
B1125493947842N03221780EA0116501238
B1125503947845N03221772EA0116401236
B1125513947850N03221767EA0116201234
B1125523947854N03221764EA0116101232
B1125533947858N03221764EA0115901231
B1125543947860N03221766EA0115701229
B1125553947861N03221769EA0115501226
B1125563947861N03221774EA0115201223
B1125573947861N03221779EA0115001220
B1125583947859N03221783EA0114701218
B1125593947857N03221787EA0114501216
B1126003947853N03221791EA0114301214
B1126013947848N03221793EA0114101211
B1126023947842N03221795EA0114001211
B1126033947836N03221795EA0113901211
B1126043947830N03221796EA0113901211
B1126053947825N03221797EA0113901212
B1126063947819N03221798EA0114001211
B1126073947813N03221800EA0114001212
B1126083947807N03221801EA0114101213
B1126093947800N03221801EA0114201214
B1126103947793N03221802EA0114301216
B1126113947786N03221802EA0114501218
B1126123947780N03221804EA0114601219
B1126133947773N03221806EA0114701220
B1126143947767N03221809EA0114901222
B1126153947761N03221811EA0115001223
B1126163947754N03221812EA0115101225
B1126173947747N03221814EA0115201226
B1126183947742N03221816EA0115401227
B1126193947737N03221819EA0115501227
B1126203947732N03221823EA0115501227
B1126213947728N03221827EA0115401226
B1126223947723N03221831EA0115301226
B1126233947718N03221834EA0115301225
B1126243947713N03221838EA0115201224
B1126253947708N03221842EA0115101223
B1126263947702N03221846EA0115001222
B1126273947697N03221850EA0114901221
B1126283947691N03221853EA0114801220
B1126293947686N03221855EA0114801221
B1126303947681N03221857EA0114801221
B1126313947676N03221860EA0114801220
B1126323947670N03221863EA0114701219
B1126333947664N03221868EA0114601218
B1126343947658N03221873EA0114601220
B1126353947652N03221878EA0114801223
B1126363947647N03221882EA0115101226
B1126373947643N03221885EA0115401229
B1126383947638N03221887EA0115601230
B1126393947632N03221889EA0115701230
B1126403947626N03221889EA0115801230
B1126413947619N03221887EA0115801230
B1126423947614N03221882EA0115801230
B1126433947611N03221875EA0115801230
B1126443947610N03221867EA0115801230
B1126453947611N03221861EA0115801230
B1126463947615N03221856EA0115701229
B1126473947620N03221855EA0115601229
B1126483947625N03221858EA0115501228
B1126493947629N03221863EA0115501228
B1126503947633N03221869EA0115601231
B1126513947635N03221875EA0115901236
B1126523947637N03221880EA0116201239
B1126533947638N03221886EA0116501243
B1126543947640N03221890EA0116701245
B1126553947643N03221893EA0116901246
B1126563947647N03221897EA0117101249
B1126573947651N03221901EA0117401253
B1126583947654N03221905EA0117701256
B1126593947656N03221910EA0118101260
B1127003947658N03221915EA0118401262
B1127013947661N03221922EA0118601264
B1127023947663N03221930EA0118801266
B1127033947665N03221938EA0119001269
B1127043947664N03221946EA0119301272
B1127053947663N03221953EA0119501275
B1127063947662N03221958EA0119801276
B1127073947661N03221963EA0119901277
B1127083947661N03221968EA0119901276
B1127093947660N03221975EA0119901275
B1127103947658N03221981EA0119701273
B1127113947655N03221988EA0119601271
B1127123947650N03221992EA0119401270
B1127133947644N03221995EA0119401270
B1127143947638N03221995EA0119301269
B1127153947632N03221993EA0119301268
B1127163947627N03221990EA0119201267
B1127173947622N03221986EA0119101267
B1127183947619N03221980EA0119001265
B1127193947618N03221974EA0118901264
B1127203947618N03221966EA0118701262
B1127213947620N03221960EA0118601261
B1127223947622N03221954EA0118501260
B1127233947625N03221949EA0118401259
B1127243947629N03221946EA0118401257
B1127253947634N03221943EA0118201255
B1127263947640N03221940EA0118001254
B1127273947646N03221936EA0118001254
B1127283947652N03221932EA0118001255
B1127293947658N03221930EA0118201258
B1127303947664N03221929EA0118501261
B1127313947669N03221929EA0118701264
B1127323947674N03221930EA0119001266
B1127333947678N03221930EA0119101266
B1127343947682N03221930EA0119201266
B1127353947686N03221931EA0119201266
B1127363947691N03221932EA0119101265
B1127373947696N03221934EA0119101264
B1127383947701N03221936EA0119001263
B1127393947705N03221940EA0118901263
B1127403947709N03221943EA0118901263
B1127413947712N03221948EA0118901263
B1127423947713N03221953EA0118901263
B1127433947713N03221958EA0118901263
B1127443947712N03221963EA0118801261
B1127453947709N03221969EA0118701259
B1127463947706N03221975EA0118601259
B1127473947702N03221980EA0118501259
B1127483947697N03221983EA0118601259
B1127493947692N03221985EA0118501258
B1127503947686N03221986EA0118401257
B1127513947680N03221985EA0118401257
B1127523947675N03221983EA0118401258
B1127533947670N03221979EA0118401258
B1127543947667N03221974EA0118401258
B1127553947666N03221966EA0118401258
B1127563947667N03221959EA0118501258
B1127573947668N03221952EA0118501260
B1127583947670N03221947EA0118701262
B1127593947672N03221942EA0118801263
B1128003947676N03221937EA0118901263
B1128013947679N03221931EA0119001263
B1128023947683N03221926EA0118901263
B1128033947688N03221921EA0119001264
B1128043947692N03221917EA0119101265
B1128053947696N03221914EA0119201265
B1128063947699N03221911EA0119101264
B1128073947701N03221906EA0119001261
B1128083947704N03221900EA0118801259
B1128093947707N03221894EA0118601257
B1128103947710N03221887EA0118501257
B1128113947713N03221880EA0118401256
B1128123947716N03221874EA0118301255
B1128133947719N03221867EA0118201254
B1128143947722N03221860EA0118101253
B1128153947725N03221853EA0118101252
B1128163947728N03221847EA0118001252
B1128173947731N03221841EA0117901250
B1128183947735N03221834EA0117801249
B1128193947739N03221827EA0117701249
B1128203947743N03221820EA0117701249
B1128213947747N03221813EA0117701250
B1128223947751N03221806EA0117701250
B1128233947754N03221798EA0117801251
B1128243947757N03221791EA0118001252
B1128253947760N03221784EA0118101254
B1128263947762N03221777EA0118201255
B1128273947765N03221771EA0118301256
B1128283947767N03221765EA0118401256
B1128293947769N03221759EA0118401255
B1128303947771N03221753EA0118301253
B1128313947773N03221746EA0118101251
B1128323947776N03221739EA0118001250
B1128333947778N03221732EA0117901249
B1128343947781N03221727EA0117801249
B1128353947784N03221722EA0117701248
B1128363947787N03221716EA0117601246
B1128373947789N03221711EA0117401244
B1128383947792N03221705EA0117301242
B1128393947794N03221698EA0117101240
B1128403947796N03221691EA0116901237
B1128413947799N03221684EA0116601234
B1128423947802N03221678EA0116401231
B1128433947805N03221673EA0116001228
B1128443947809N03221670EA0115701223
B1128453947813N03221671EA0115201217
B1128463947816N03221675EA0114601211
B1128473947818N03221682EA0114001205
B1128483947817N03221689EA0113501201
B1128493947816N03221696EA0113101199
B1128503947815N03221701EA0112801196
B1128513947813N03221706EA0112501192
B1128523947811N03221712EA0112001187
B1128533947808N03221719EA0111601182
B1128543947803N03221726EA0111101177
B1128553947799N03221733EA0110801174
B1128563947795N03221740EA0110401171
B1128573947791N03221748EA0110101167
B1128583947787N03221755EA0109801164
B1128593947782N03221763EA0109501161
B1129003947776N03221770EA0109301159
B1129013947770N03221777EA0109201159
B1129023947764N03221784EA0109101159
B1129033947759N03221791EA0109101159
B1129043947754N03221797EA0109101158
B1129053947749N03221802EA0109001156
B1129063947743N03221808EA0108801154
B1129073947739N03221814EA0108601151
B1129083947734N03221820EA0108301149
B1129093947730N03221825EA0108101147
B1129103947726N03221831EA0108001146
B1129113947722N03221835EA0107901144
B1129123947717N03221837EA0107601140
B1129133947710N03221837EA0107201137
B1129143947703N03221837EA0106901135
B1129153947697N03221840EA0106801134
B1129163947693N03221843EA0106701134
B1129173947689N03221848EA0106701134
B1129183947686N03221852EA0106801135
B1129193947682N03221855EA0106801135
B1129203947677N03221859EA0106801134
B1129213947673N03221863EA0106801135
B1129223947670N03221869EA0106801136
B1129233947668N03221875EA0106901137
B1129243947668N03221882EA0107101140
B1129253947668N03221889EA0107301142
B1129263947668N03221895EA0107601146
B1129273947668N03221901EA0107901148
B1129283947669N03221906EA0108101150
B1129293947671N03221912EA0108201151
B1129303947674N03221917EA0108201151
B1129313947677N03221921EA0108301153
B1129323947680N03221926EA0108401154
B1129333947681N03221931EA0108601156
B1129343947682N03221935EA0108801158
B1129353947683N03221938EA0109001160
B1129363947683N03221942EA0109101160
B1129373947683N03221946EA0109201160
B1129383947683N03221951EA0109201160
B1129393947682N03221955EA0109201162
B1129403947680N03221959EA0109401164
B1129413947678N03221962EA0109501165
B1129423947673N03221964EA0109601164
B1129433947667N03221964EA0109501163
B1129443947661N03221961EA0109401162
B1129453947655N03221955EA0109401162
B1129463947650N03221946EA0109401163
B1129473947647N03221937EA0109401166
B1129483947647N03221928EA0109701169
B1129493947648N03221922EA0110001172
B1129503947650N03221917EA0110201173
B1129513947654N03221913EA0110201172
B1129523947658N03221909EA0110201170
B1129533947663N03221905EA0110101170
B1129543947668N03221904EA0110101170
B1129553947673N03221905EA0110101170
B1129563947675N03221909EA0110101170
B1129573947676N03221915EA0110101170
B1129583947675N03221921EA0110101170
B1129593947671N03221926EA0110101170
B1130003947665N03221928EA0110101170
B1130013947659N03221927EA0110001169
B1130023947652N03221923EA0110001169
B1130033947646N03221918EA0110001170
B1130043947640N03221913EA0110001171
B1130053947636N03221907EA0110201172
B1130063947634N03221899EA0110301172
B1130073947634N03221890EA0110301172
B1130083947636N03221881EA0110201172
B1130093947639N03221874EA0110301172
B1130103947642N03221869EA0110401173
B1130113947646N03221866EA0110401173
B1130123947651N03221864EA0110401172
B1130133947656N03221864EA0110201170
B1130143947662N03221865EA0110101170
B1130153947666N03221867EA0110101170
B1130163947669N03221872EA0110101170
B1130173947670N03221878EA0110001169
B1130183947669N03221884EA0109901168
B1130193947666N03221889EA0109801167
B1130203947661N03221893EA0109701166
B1130213947655N03221895EA0109701165
B1130223947649N03221897EA0109601166
B1130233947644N03221897EA0109701166
B1130243947638N03221898EA0109701166
B1130253947633N03221898EA0109601165
B1130263947627N03221900EA0109501163
B1130273947621N03221904EA0109201160
B1130283947615N03221909EA0109001157
B1130293947609N03221915EA0108901156
B1130303947603N03221919EA0108801158
B1130313947596N03221923EA0108901160
B1130323947590N03221926EA0109001161
B1130333947585N03221929EA0109201162
B1130343947580N03221934EA0109301163
B1130353947575N03221939EA0109401163
B1130363947570N03221945EA0109501164
B1130373947565N03221951EA0109401164
B1130383947559N03221957EA0109401165
B1130393947553N03221962EA0109601167
B1130403947547N03221968EA0109801170
B1130413947542N03221973EA0110001172
B1130423947537N03221978EA0110101173
B1130433947532N03221982EA0110201174
B1130443947526N03221987EA0110301174
B1130453947520N03221992EA0110301174
B1130463947514N03221998EA0110301175
B1130473947509N03222003EA0110401176
B1130483947504N03222007EA0110501177
B1130493947499N03222011EA0110601178
B1130503947494N03222016EA0110601177
B1130513947489N03222021EA0110501176
B1130523947484N03222027EA0110401174
B1130533947478N03222032EA0110301173
B1130543947472N03222038EA0110201174
B1130553947466N03222042EA0110301175
B1130563947460N03222047EA0110401177
B1130573947455N03222051EA0110501177
B1130583947449N03222055EA0110501177
B1130593947444N03222060EA0110401176
B1131003947438N03222066EA0110401175
B1131013947432N03222072EA0110301173
B1131023947426N03222079EA0110201173
B1131033947420N03222085EA0110101174
B1131043947415N03222089EA0110201174
B1131053947410N03222092EA0110101173
B1131063947406N03222096EA0110001171
B1131073947400N03222101EA0109801167
B1131083947395N03222106EA0109501164
B1131093947389N03222111EA0109101160
B1131103947384N03222116EA0108801158
B1131113947379N03222121EA0108601156
B1131123947374N03222124EA0108401154
B1131133947369N03222128EA0108201152
B1131143947364N03222132EA0107901148
B1131153947359N03222136EA0107601145
B1131163947354N03222140EA0107301141
B1131173947350N03222145EA0107001137
B1131183947344N03222150EA0106701136
B1131193947338N03222155EA0106601135
B1131203947332N03222160EA0106601136
B1131213947326N03222165EA0106801139
B1131223947321N03222169EA0107001141
B1131233947316N03222173EA0107201143
B1131243947313N03222178EA0107201142
B1131253947311N03222185EA0107101140
B1131263947310N03222193EA0106801136
B1131273947312N03222201EA0106601134
B1131283947316N03222207EA0106401132
B1131293947320N03222211EA0106201131
B1131303947325N03222212EA0106101130
B1131313947329N03222210EA0106001130
B1131323947332N03222208EA0106001129
B1131333947335N03222205EA0105901127
B1131343947338N03222201EA0105601123
B1131353947340N03222197EA0105301118
B1131363947341N03222190EA0104901113
B1131373947341N03222181EA0104401109
B1131383947337N03222173EA0104101106
B1131393947331N03222166EA0103801104
B1131403947323N03222162EA0103701103
B1131413947317N03222159EA0103601104
B1131423947310N03222156EA0103601104
B1131433947304N03222153EA0103601104
B1131443947298N03222149EA0103601104
B1131453947292N03222145EA0103601104
B1131463947286N03222141EA0103701104
B1131473947281N03222137EA0103701105
B1131483947275N03222133EA0103601104
B1131493947270N03222130EA0103601103
B1131503947263N03222127EA0103501102
B1131513947257N03222124EA0103401100
B1131523947251N03222121EA0103201099
B1131533947245N03222116EA0103101098
B1131543947239N03222112EA0103101097
B1131553947233N03222108EA0103001096
B1131563947227N03222104EA0102901095
B1131573947220N03222101EA0102701093
B1131583947214N03222097EA0102501091
B1131593947207N03222093EA0102401089
B1132003947201N03222088EA0102101086
B1132013947195N03222082EA0101901084
B1132023947189N03222076EA0101701082
B1132033947183N03222071EA0101501080
B1132043947177N03222066EA0101201078
B1132053947170N03222061EA0101001074
B1132063947164N03222057EA0100701072
B1132073947158N03222053EA0100401069
B1132083947151N03222051EA0100101065
B1132093947145N03222048EA0099801062
B1132103947138N03222045EA0099501058
B1132113947131N03222042EA0099101055
B1132123947123N03222038EA0098901053
B1132133947117N03222034EA0098701052
B1132143947110N03222031EA0098601051
B1132153947104N03222028EA0098501050
B1132163947098N03222025EA0098301048
B1132173947092N03222024EA0098101045
B1132183947086N03222022EA0097901043
B1132193947080N03222021EA0097601040
B1132203947075N03222018EA0097301037
B1132213947069N03222015EA0097101034
B1132223947063N03222012EA0096801031
B1132233947057N03222008EA0096601029
B1132243947051N03222005EA0096301026
B1132253947046N03222001EA0096101024
B1132263947040N03221997EA0095901021
B1132273947034N03221994EA0095601017
B1132283947028N03221991EA0095201014
B1132293947022N03221988EA0094901011
B1132303947015N03221985EA0094701009
B1132313947010N03221982EA0094501008
B1132323947005N03221979EA0094401007
B1132333947000N03221976EA0094301005
B1132343946995N03221973EA0094001003
B1132353946989N03221971EA0093801000
B1132363946983N03221967EA0093500997
B1132373946977N03221961EA0093300996
B1132383946971N03221956EA0093300996
B1132393946966N03221953EA0093300996
B1132403946961N03221951EA0093200995
B1132413946957N03221949EA0093000993
B1132423946952N03221948EA0092900991
B1132433946946N03221945EA0092600988
B1132443946941N03221942EA0092300985
B1132453946936N03221938EA0092000982
B1132463946930N03221935EA0091700979
B1132473946924N03221933EA0091400975
B1132483946918N03221932EA0091200972
B1132493946912N03221932EA0090900969
B1132503946906N03221933EA0090600967
B1132513946900N03221934EA0090400964
B1132523946895N03221935EA0090100962
B1132533946891N03221937EA0089900960
B1132543946887N03221940EA0089600957
B1132553946883N03221942EA0089400954
B1132563946878N03221945EA0089000951
B1132573946873N03221947EA0088900950
B1132583946868N03221949EA0088800951
B1132593946862N03221950EA0088900953
B1133003946857N03221951EA0089100955
B1133013946853N03221952EA0089300958
B1133023946848N03221954EA0089500959
B1133033946844N03221956EA0089600960
B1133043946839N03221957EA0089700961
B1133053946834N03221958EA0089800962
B1133063946828N03221958EA0090000963
B1133073946823N03221958EA0090100965
B1133083946818N03221957EA0090300967
B1133093946814N03221956EA0090400968
B1133103946809N03221956EA0090600970
B1133113946805N03221956EA0090700970
B1133123946800N03221956EA0090800971
B1133133946796N03221953EA0090800971
B1133143946792N03221948EA0090800971
B1133153946789N03221940EA0090800972
B1133163946788N03221932EA0090900973
B1133173946789N03221923EA0091100974
B1133183946793N03221916EA0091100975
B1133193946799N03221912EA0091200975
B1133203946804N03221910EA0091200976
B1133213946809N03221909EA0091300977
B1133223946814N03221910EA0091400978
B1133233946818N03221912EA0091400978
B1133243946821N03221916EA0091400978
B1133253946824N03221922EA0091300977
B1133263946827N03221929EA0091300977
B1133273946827N03221936EA0091400978
B1133283946827N03221943EA0091500979
B1133293946826N03221948EA0091700980
B1133303946825N03221953EA0091800981
B1133313946822N03221959EA0091900982
B1133323946818N03221964EA0092100983
B1133333946812N03221967EA0092300986
B1133343946806N03221967EA0092500988
B1133353946801N03221964EA0092700991
B1133363946798N03221959EA0092900994
B1133373946794N03221956EA0093200996
B1133383946790N03221953EA0093300997
B1133393946785N03221952EA0093400997
B1133403946779N03221950EA0093400996
B1133413946772N03221948EA0093400997
B1133423946766N03221943EA0093500999
B1133433946761N03221937EA0093801002
B1133443946759N03221930EA0094101005
B1133453946759N03221923EA0094301006
B1133463946763N03221916EA0094301006
B1133473946767N03221911EA0094501007
B1133483946773N03221909EA0094501009
B1133493946778N03221909EA0094601010
B1133503946783N03221911EA0094801011
B1133513946786N03221915EA0094901013
B1133523946789N03221919EA0095001014
B1133533946790N03221924EA0095101015
B1133543946789N03221930EA0095301016
B1133553946787N03221935EA0095401018
B1133563946783N03221939EA0095501019
B1133573946779N03221941EA0095601020
B1133583946774N03221942EA0095701021
B1133593946768N03221941EA0095801022
B1134003946761N03221939EA0095901024
B1134013946756N03221934EA0096101026
B1134023946751N03221928EA0096301028
B1134033946747N03221921EA0096501030
B1134043946745N03221912EA0096601031
B1134053946745N03221904EA0096801032
B1134063946747N03221896EA0096901033
B1134073946751N03221890EA0097001033
B1134083946757N03221887EA0097001034
B1134093946763N03221888EA0097101035
B1134103946768N03221892EA0097201037
B1134113946771N03221898EA0097301038
B1134123946772N03221905EA0097401040
B1134133946771N03221910EA0097701043
B1134143946769N03221915EA0097901045
B1134153946766N03221918EA0098001046
B1134163946763N03221922EA0098101047
B1134173946760N03221927EA0098201047
B1134183946755N03221931EA0098301048
B1134193946750N03221934EA0098501051
B1134203946744N03221935EA0098701054
B1134213946739N03221934EA0099001057
B1134223946734N03221931EA0099201060
B1134233946729N03221927EA0099401061
B1134243946725N03221921EA0099501063
B1134253946721N03221913EA0099701065
B1134263946719N03221905EA0100001067
B1134273946719N03221895EA0100201070
B1134283946721N03221887EA0100401071
B1134293946724N03221880EA0100501072
B1134303946728N03221872EA0100701075
B1134313946731N03221865EA0100901077
B1134323946735N03221860EA0101101079
B1134333946739N03221856EA0101301081
B1134343946744N03221854EA0101501083
B1134353946748N03221854EA0101701085
B1134363946752N03221856EA0101901087
B1134373946755N03221861EA0102001087
B1134383946756N03221867EA0102001087
B1134393946754N03221874EA0101901086
B1134403946751N03221881EA0102001088
B1134413946747N03221885EA0102201090
B1134423946742N03221887EA0102401093
B1134433946737N03221886EA0102601095
B1134443946732N03221883EA0102701096
B1134453946727N03221880EA0102901098
B1134463946722N03221875EA0103101099
B1134473946717N03221869EA0103201100
B1134483946713N03221861EA0103401102
B1134493946711N03221852EA0103601105
B1134503946711N03221843EA0103701106
B1134513946713N03221834EA0103701107
B1134523946715N03221826EA0103901108
B1134533946718N03221819EA0104001111
B1134543946720N03221812EA0104301112
B1134553946723N03221805EA0104401114
B1134563946727N03221798EA0104501114
B1134573946732N03221793EA0104601114
B1134583946738N03221790EA0104701116
B1134593946744N03221790EA0104801117
B1135003946750N03221792EA0105001120
B1135013946754N03221794EA0105201122
B1135023946758N03221798EA0105401124
B1135033946761N03221803EA0105601125
B1135043946764N03221808EA0105701127
B1135053946765N03221815EA0105901128
B1135063946765N03221821EA0106101130
B1135073946763N03221828EA0106201131
B1135083946760N03221834EA0106301132
B1135093946756N03221839EA0106401133
B1135103946751N03221843EA0106501134
B1135113946745N03221846EA0106701135
B1135123946740N03221847EA0106701136
B1135133946734N03221845EA0106701135
B1135143946728N03221841EA0106701135
B1135153946722N03221835EA0106701135
B1135163946717N03221827EA0106701135
B1135173946713N03221817EA0106701137
B1135183946712N03221807EA0106801139
B1135193946712N03221797EA0107001141
B1135203946714N03221788EA0107201143
B1135213946718N03221781EA0107401144
B1135223946723N03221776EA0107501144
B1135233946729N03221773EA0107501145
B1135243946735N03221771EA0107701146
B1135253946741N03221772EA0107801149
B1135263946746N03221774EA0108101151
B1135273946751N03221777EA0108301154
B1135283946755N03221780EA0108501156
B1135293946758N03221785EA0108701159
B1135303946761N03221790EA0108901161
B1135313946762N03221796EA0109101163
B1135323946761N03221803EA0109301164
B1135333946759N03221809EA0109301164
B1135343946755N03221815EA0109401165
B1135353946750N03221820EA0109501167
B1135363946745N03221824EA0109701169
B1135373946739N03221826EA0109901170
B1135383946733N03221825EA0110001172
B1135393946728N03221824EA0110001172
B1135403946722N03221821EA0110001172
B1135413946716N03221817EA0110001171
B1135423946711N03221811EA0109901171
B1135433946706N03221804EA0109901171
B1135443946702N03221796EA0109901171
B1135453946700N03221788EA0109901172
B1135463946700N03221778EA0109901172
B1135473946700N03221769EA0110001173
B1135483946702N03221761EA0110101175
B1135493946703N03221752EA0110301176
B1135503946706N03221745EA0110301176
B1135513946710N03221738EA0110401177
B1135523946715N03221732EA0110401177
B1135533946721N03221729EA0110401177
B1135543946728N03221727EA0110501178
B1135553946733N03221727EA0110601180
B1135563946738N03221728EA0110801182
B1135573946743N03221730EA0111001184
B1135583946747N03221732EA0111201185
B1135593946752N03221735EA0111301186
B1136003946757N03221738EA0111301187
B1136013946762N03221742EA0111501188
B1136023946766N03221748EA0111601190
B1136033946769N03221753EA0111801191
B1136043946772N03221759EA0111901193
B1136053946773N03221765EA0112101195
B1136063946774N03221771EA0112101195
B1136073946774N03221777EA0112201195
B1136083946773N03221783EA0112101194
B1136093946771N03221790EA0112101193
B1136103946767N03221796EA0112001192
B1136113946763N03221802EA0112101194
B1136123946758N03221806EA0112201196
B1136133946754N03221808EA0112401198
B1136143946748N03221807EA0112501198
B1136153946743N03221805EA0112501198
B1136163946738N03221801EA0112601199
B1136173946734N03221795EA0112601199
B1136183946731N03221787EA0112501198
B1136193946730N03221778EA0112501197
B1136203946730N03221769EA0112501198
B1136213946732N03221760EA0112601199
B1136223946734N03221752EA0112701202
B1136233946735N03221744EA0112901204
B1136243946736N03221736EA0113201206
B1136253946737N03221729EA0113501209
B1136263946738N03221720EA0113701211
B1136273946738N03221712EA0113901213
B1136283946739N03221704EA0114101215
B1136293946739N03221695EA0114301218
B1136303946741N03221688EA0114501220
B1136313946744N03221682EA0114601221
B1136323946749N03221678EA0114701221
B1136333946755N03221676EA0114701221
B1136343946762N03221675EA0114701220
B1136353946768N03221677EA0114701221
B1136363946773N03221681EA0114601221
B1136373946776N03221687EA0114701220
B1136383946777N03221695EA0114601219
B1136393946775N03221702EA0114601218
B1136403946772N03221708EA0114401217
B1136413946768N03221713EA0114401217
B1136423946763N03221716EA0114401218
B1136433946757N03221717EA0114501218
B1136443946751N03221716EA0114501219
B1136453946745N03221714EA0114601221
B1136463946739N03221711EA0114801224
B1136473946734N03221707EA0115001227
B1136483946730N03221702EA0115201229
B1136493946727N03221695EA0115301229
B1136503946723N03221686EA0115401230
B1136513946720N03221677EA0115501232
B1136523946715N03221670EA0115801235
B1136533946710N03221664EA0116101238
B1136543946705N03221658EA0116401242
B1136553946701N03221652EA0116601245
B1136563946698N03221645EA0116801246
B1136573946697N03221638EA0116901246
B1136583946696N03221631EA0116801246
B1136593946697N03221623EA0116801245
B1137003946699N03221615EA0116801245
B1137013946702N03221608EA0116801246
B1137023946707N03221602EA0117001247
B1137033946711N03221599EA0117201250
B1137043946717N03221597EA0117501254
B1137053946722N03221595EA0117801257
B1137063946728N03221594EA0118101260
B1137073946734N03221594EA0118501264
B1137083946740N03221594EA0118801268
B1137093946745N03221595EA0119201273
B1137103946750N03221597EA0119601276
B1137113946754N03221600EA0119901278
B1137123946758N03221605EA0120001279
B1137133946761N03221611EA0120201279
B1137143946763N03221619EA0120201279
B1137153946764N03221628EA0120201280
B1137163946762N03221637EA0120401282
B1137173946758N03221644EA0120601285
B1137183946753N03221648EA0120801287
B1137193946747N03221650EA0121001288
B1137203946741N03221648EA0121101289
B1137213946736N03221644EA0121101290
B1137223946733N03221639EA0121301293
B1137233946729N03221633EA0121501294
B1137243946727N03221626EA0121501294
B1137253946726N03221619EA0121601294
B1137263946725N03221612EA0121601294
B1137273946726N03221603EA0121601295
B1137283946727N03221595EA0121701296
B1137293946729N03221587EA0122101301
B1137303946731N03221580EA0122601307
B1137313946733N03221574EA0123201314
B1137323946734N03221570EA0123701319
B1137333946736N03221565EA0124101321
B1137343946738N03221560EA0124301322
B1137353946741N03221554EA0124501323
B1137363946746N03221548EA0124601324
B1137373946752N03221545EA0124701326
B1137383946758N03221545EA0124801328
B1137393946763N03221548EA0125001330
B1137403946766N03221553EA0125201331
B1137413946768N03221560EA0125201331
B1137423946768N03221567EA0125201331
B1137433946767N03221574EA0125301332
B1137443946764N03221580EA0125401333
B1137453946761N03221585EA0125501333
B1137463946756N03221590EA0125601334
B1137473946750N03221594EA0125701336
B1137483946744N03221596EA0125901339
B1137493946737N03221596EA0126101341
B1137503946731N03221594EA0126301344
B1137513946726N03221592EA0126601348
B1137523946721N03221587EA0126901352
B1137533946716N03221582EA0127201355
B1137543946712N03221577EA0127501358
B1137553946708N03221571EA0127701361
B1137563946703N03221565EA0127901363
B1137573946699N03221559EA0128101365
B1137583946695N03221552EA0128301368
B1137593946693N03221543EA0128601370
B1138003946692N03221535EA0128801373
B1138013946692N03221527EA0129201377
B1138023946693N03221520EA0129501380
B1138033946695N03221514EA0129701383
B1138043946697N03221508EA0130001384
B1138053946700N03221502EA0130201386
B1138063946704N03221496EA0130401388
B1138073946710N03221491EA0130601392
B1138083946715N03221489EA0131001396
B1138093946721N03221491EA0131301399
B1138103946725N03221495EA0131701402
B1138113946729N03221501EA0132001405
B1138123946732N03221507EA0132301409
B1138133946735N03221513EA0132601412
B1138143946737N03221520EA0132901415
B1138153946737N03221527EA0133301419
B1138163946736N03221535EA0133601422
B1138173946732N03221541EA0133901425
B1138183946728N03221547EA0134201429
B1138193946724N03221553EA0134601433
B1138203946720N03221557EA0135001438
B1138213946714N03221559EA0135401441
B1138223946709N03221560EA0135601442
B1138233946702N03221559EA0135801443
B1138243946695N03221556EA0135901445
B1138253946690N03221552EA0136101448
B1138263946685N03221546EA0136301452
B1138273946682N03221539EA0136601454
B1138283946680N03221533EA0136801456
B1138293946679N03221526EA0137001458
B1138303946678N03221519EA0137201461
B1138313946678N03221512EA0137401463
B1138323946679N03221506EA0137601465
B1138333946683N03221500EA0137801466
B1138343946687N03221495EA0137901467
B1138353946693N03221490EA0138001469
B1138363946699N03221487EA0138301472
B1138373946704N03221485EA0138501475
B1138383946710N03221484EA0138801478
B1138393946716N03221483EA0139101480
B1138403946722N03221484EA0139301483
B1138413946729N03221485EA0139601486
B1138423946735N03221487EA0139901489
B1138433946740N03221491EA0140201493
B1138443946745N03221495EA0140501496
B1138453946749N03221501EA0140701498
B1138463946752N03221507EA0140901500
B1138473946754N03221513EA0141201503
B1138483946756N03221519EA0141401506
B1138493946758N03221525EA0141801509
B1138503946758N03221530EA0142001511
B1138513946758N03221537EA0142101512
B1138523946756N03221543EA0142101511
B1138533946753N03221551EA0142101509
B1138543946749N03221558EA0142001509
B1138553946744N03221565EA0142001510
B1138563946738N03221569EA0142101510
B1138573946732N03221572EA0142201511
B1138583946726N03221574EA0142301512
B1138593946720N03221575EA0142301512
B1139003946714N03221576EA0142401512
B1139013946707N03221576EA0142401510
B1139023946699N03221574EA0142201509
B1139033946691N03221572EA0142201509
B1139043946683N03221571EA0142201511
B1139053946677N03221569EA0142401515
B1139063946672N03221567EA0142701518
B1139073946667N03221564EA0143001520
B1139083946663N03221562EA0143001520
B1139093946659N03221558EA0143001519
B1139103946654N03221554EA0142901518
B1139113946650N03221548EA0142901518
B1139123946647N03221541EA0142801518
B1139133946644N03221534EA0142901518
B1139143946643N03221527EA0142901519
B1139153946642N03221520EA0143001519
B1139163946641N03221514EA0143001519
B1139173946640N03221507EA0143001520
B1139183946639N03221499EA0143001519
B1139193946639N03221491EA0143101520
B1139203946638N03221482EA0143101521
B1139213946638N03221474EA0143201522
B1139223946637N03221465EA0143301523
B1139233946636N03221457EA0143401525
B1139243946635N03221449EA0143601527
B1139253946634N03221441EA0143801530
B1139263946634N03221433EA0144001532
B1139273946634N03221425EA0144301535
B1139283946636N03221418EA0144601538
B1139293946639N03221411EA0144801540
B1139303946644N03221406EA0145001542
B1139313946649N03221402EA0145301546
B1139323946654N03221400EA0145701550
B1139333946659N03221401EA0145901553
B1139343946663N03221404EA0146201556
B1139353946668N03221408EA0146501559
B1139363946671N03221412EA0146801563
B1139373946674N03221418EA0147201567
B1139383946676N03221424EA0147501571
B1139393946675N03221431EA0147801573
B1139403946674N03221438EA0148001574
B1139413946670N03221445EA0148201577
B1139423946666N03221450EA0148501581
B1139433946661N03221452EA0148801583
B1139443946655N03221453EA0149101586
B1139453946649N03221453EA0149301588
B1139463946644N03221451EA0149501591
B1139473946638N03221448EA0149801593
B1139483946634N03221443EA0150001596
B1139493946630N03221438EA0150201599
B1139503946627N03221431EA0150501601
B1139513946624N03221424EA0150801604
B1139523946622N03221417EA0151001606
B1139533946620N03221409EA0151201609
B1139543946620N03221401EA0151501612
B1139553946620N03221394EA0151801615
B1139563946622N03221387EA0152001617
B1139573946624N03221380EA0152201619
B1139583946628N03221374EA0152401620
B1139593946632N03221368EA0152501622
B1140003946637N03221365EA0152801625
B1140013946641N03221363EA0153101628
B1140023946646N03221362EA0153401632
B1140033946650N03221362EA0153701635
B1140043946654N03221362EA0154001637
B1140053946659N03221364EA0154101638
B1140063946664N03221366EA0154301639
B1140073946669N03221369EA0154401641
B1140083946673N03221374EA0154601643
B1140093946676N03221380EA0154801645
B1140103946679N03221387EA0154901646
B1140113946681N03221394EA0155101648
B1140123946682N03221401EA0155301650
B1140133946682N03221409EA0155501652
B1140143946681N03221417EA0155701654
B1140153946677N03221423EA0155901656
B1140163946673N03221428EA0156201660
B1140173946669N03221433EA0156601664
B1140183946665N03221437EA0156901667
B1140193946661N03221441EA0157201670
B1140203946656N03221445EA0157401672
B1140213946651N03221448EA0157601673
B1140223946645N03221450EA0157801675
B1140233946639N03221451EA0158001677
B1140243946633N03221451EA0158101679
B1140253946627N03221448EA0158301681
B1140263946621N03221445EA0158501683
B1140273946616N03221441EA0158601686
B1140283946611N03221436EA0158801688
B1140293946606N03221430EA0159001690
B1140303946601N03221424EA0159301693
B1140313946598N03221417EA0159501695
B1140323946596N03221409EA0159701697
B1140333946595N03221401EA0159901699
B1140343946594N03221393EA0160001701
B1140353946592N03221385EA0160301704
B1140363946591N03221378EA0160601707
B1140373946591N03221371EA0160901710
B1140383946592N03221365EA0161101712
B1140393946594N03221360EA0161301713
B1140403946595N03221354EA0161401714
B1140413946597N03221347EA0161501714
B1140423946599N03221341EA0161601715
B1140433946602N03221336EA0161701716
B1140443946606N03221331EA0161801718
B1140453946610N03221327EA0161901719
B1140463946613N03221322EA0162101721
B1140473946616N03221316EA0162201722
B1140483946620N03221310EA0162301722
B1140493946624N03221304EA0162401723
B1140503946629N03221299EA0162401724
B1140513946635N03221295EA0162501725
B1140523946641N03221291EA0162701727
B1140533946646N03221289EA0162801728
B1140543946651N03221287EA0163001729
B1140553946657N03221287EA0163001729
B1140563946662N03221286EA0163101729
B1140573946667N03221287EA0163101730
B1140583946671N03221289EA0163101730
B1140593946676N03221292EA0163201730
B1141003946680N03221296EA0163101729
B1141013946684N03221302EA0163001728
B1141023946689N03221310EA0163001729
B1141033946693N03221318EA0163101733
B1141043946696N03221325EA0163301736
B1141053946699N03221331EA0163601739
B1141063946702N03221337EA0163801741
B1141073946706N03221343EA0164001742
B1141083946709N03221350EA0164201743
B1141093946713N03221357EA0164301745
B1141103946716N03221364EA0164501748
B1141113946718N03221371EA0164701751
B1141123946721N03221377EA0165101755
B1141133946723N03221382EA0165401757
B1141143946725N03221388EA0165601759
B1141153946726N03221394EA0165801761
B1141163946727N03221402EA0166001762
B1141173946727N03221410EA0166201764
B1141183946725N03221419EA0166301766
B1141193946722N03221427EA0166601768
B1141203946718N03221433EA0166801770
B1141213946712N03221437EA0166901771
B1141223946705N03221439EA0167001772
B1141233946699N03221440EA0167101773
B1141243946693N03221438EA0167201774
B1141253946689N03221435EA0167201774
B1141263946686N03221430EA0167301775
B1141273946684N03221424EA0167401775
B1141283946684N03221418EA0167501776
B1141293946684N03221412EA0167601778
B1141303946686N03221406EA0167701779
B1141313946689N03221402EA0167901780
B1141323946693N03221398EA0168001781
B1141333946698N03221396EA0168001782
B1141343946704N03221396EA0168101783
B1141353946709N03221398EA0168301785
B1141363946713N03221400EA0168501787
B1141373946717N03221403EA0168701790
B1141383946722N03221406EA0169001792
B1141393946727N03221409EA0169201795
B1141403946733N03221412EA0169501798
B1141413946738N03221415EA0169801802
B1141423946743N03221417EA0170101806
B1141433946748N03221418EA0170501809
B1141443946752N03221420EA0170701811
B1141453946756N03221422EA0170901812
B1141463946761N03221425EA0171001812
B1141473946766N03221430EA0171001812
B1141483946770N03221437EA0171101813
B1141493946773N03221445EA0171101814
B1141503946775N03221453EA0171201816
B1141513946776N03221463EA0171301818
B1141523946776N03221472EA0171701822
B1141533946775N03221481EA0172001826
B1141543946775N03221490EA0172501831
B1141553946775N03221498EA0172901835
B1141563946774N03221506EA0173201838
B1141573946773N03221514EA0173501840
B1141583946771N03221522EA0173701842
B1141593946767N03221530EA0173901843
B1142003946762N03221537EA0174001845
B1142013946756N03221542EA0174201848
B1142023946751N03221545EA0174401851
B1142033946746N03221546EA0174701853
B1142043946741N03221546EA0174801853
B1142053946736N03221544EA0175001854
B1142063946731N03221541EA0175001855
B1142073946727N03221536EA0175101857
B1142083946724N03221531EA0175201859
B1142093946722N03221526EA0175401861
B1142103946722N03221520EA0175601863
B1142113946722N03221514EA0175801865
B1142123946723N03221508EA0175901866
B1142133946725N03221503EA0176101868
B1142143946727N03221498EA0176301870
B1142153946731N03221495EA0176501872
B1142163946736N03221492EA0176601874
B1142173946741N03221492EA0176901876
B1142183946747N03221493EA0177101878
B1142193946753N03221496EA0177301880
B1142203946758N03221501EA0177501883
B1142213946763N03221505EA0177801886
B1142223946768N03221509EA0178101889
B1142233946773N03221512EA0178301892
B1142243946778N03221516EA0178601894
B1142253946782N03221521EA0178701896
B1142263946786N03221526EA0178801896
B1142273946790N03221533EA0178901897
B1142283946794N03221540EA0179001898
B1142293946796N03221547EA0179201901
B1142303946798N03221555EA0179401903
B1142313946799N03221562EA0179701905
B1142323946800N03221570EA0179801906
B1142333946802N03221578EA0179901908
B1142343946802N03221587EA0180101911
B1142353946800N03221595EA0180401913
B1142363946796N03221602EA0180701915
B1142373946791N03221606EA0180801917
B1142383946784N03221610EA0180901919
B1142393946778N03221612EA0181101920
B1142403946771N03221612EA0181201922
B1142413946765N03221610EA0181401924
B1142423946759N03221607EA0181601925
B1142433946753N03221603EA0181801927
B1142443946749N03221598EA0181901929
B1142453946745N03221593EA0182101932
B1142463946741N03221588EA0182301934
B1142473946737N03221583EA0182601936
B1142483946734N03221578EA0182701937
B1142493946729N03221573EA0182901939
B1142503946725N03221568EA0183001940
B1142513946721N03221563EA0183201942
B1142523946719N03221556EA0183401944
B1142533946718N03221549EA0183501946
B1142543946718N03221542EA0183701947
B1142553946719N03221536EA0183901950
B1142563946722N03221530EA0184101952
B1142573946727N03221526EA0184401954
B1142583946731N03221524EA0184601956
B1142593946736N03221524EA0184801959
B1143003946741N03221524EA0185001961
B1143013946745N03221524EA0185201963
B1143023946749N03221525EA0185301964
B1143033946752N03221528EA0185401965
B1143043946756N03221532EA0185501965
B1143053946759N03221538EA0185401964
B1143063946761N03221545EA0185401964
B1143073946763N03221552EA0185501966
B1143083946765N03221558EA0185701968
B1143093946766N03221564EA0185901970
B1143103946766N03221572EA0186001970
B1143113946765N03221580EA0186001969
B1143123946764N03221590EA0185901968
B1143133946761N03221599EA0185801968
B1143143946758N03221608EA0185801969
B1143153946755N03221617EA0185901969
B1143163946751N03221625EA0186001970
B1143173946746N03221631EA0186101971
B1143183946740N03221636EA0186101970
B1143193946733N03221640EA0186101969
B1143203946724N03221642EA0186001969
B1143213946716N03221643EA0186001970
B1143223946708N03221645EA0186101973
B1143233946701N03221646EA0186301975
B1143243946694N03221647EA0186501977
B1143253946687N03221648EA0186601978
B1143263946680N03221648EA0186701979
B1143273946672N03221648EA0186801979
B1143283946664N03221649EA0186901981
B1143293946657N03221649EA0187101984
B1143303946649N03221649EA0187401987
B1143313946643N03221647EA0187701991
B1143323946637N03221646EA0188001993
B1143333946631N03221645EA0188301996
B1143343946625N03221644EA0188501999
B1143353946620N03221642EA0188702000
B1143363946615N03221640EA0188802001
B1143373946610N03221637EA0188902001
B1143383946606N03221632EA0188902001
B1143393946602N03221626EA0189002001
B1143403946601N03221619EA0189002002
B1143413946601N03221613EA0189002003
B1143423946602N03221607EA0189202004
B1143433946605N03221602EA0189402006
B1143443946608N03221599EA0189502008
B1143453946612N03221597EA0189702009
B1143463946617N03221598EA0189902011
B1143473946621N03221601EA0190002013
B1143483946624N03221606EA0190202014
B1143493946627N03221612EA0190302015
B1143503946629N03221619EA0190402017
B1143513946628N03221628EA0190602019
B1143523946626N03221636EA0190802021
B1143533946621N03221644EA0191002023
B1143543946615N03221650EA0191102024
B1143553946607N03221653EA0191302025
B1143563946598N03221652EA0191502027
B1143573946591N03221648EA0191602029
B1143583946585N03221643EA0191802032
B1143593946580N03221637EA0192202037
B1144003946576N03221632EA0192502040
B1144013946572N03221627EA0192802043
B1144023946569N03221622EA0193002044
B1144033946567N03221614EA0193202045
B1144043946567N03221606EA0193302045
B1144053946568N03221598EA0193302045
B1144063946571N03221592EA0193402047
B1144073946575N03221587EA0193602050
B1144083946578N03221584EA0193902053
B1144093946583N03221583EA0194102055
B1144103946587N03221585EA0194302056
B1144113946592N03221588EA0194402058
B1144123946595N03221593EA0194602061
B1144133946598N03221599EA0194902063
B1144143946600N03221606EA0195102065
B1144153946601N03221613EA0195302067
B1144163946601N03221621EA0195402068
B1144173946600N03221630EA0195502068
B1144183946597N03221640EA0195602069
B1144193946592N03221649EA0195802071
B1144203946585N03221656EA0196002074
B1144213946578N03221660EA0196202077
B1144223946571N03221663EA0196602081
B1144233946563N03221666EA0196902084
B1144243946556N03221668EA0197202086
B1144253946547N03221669EA0197302087
B1144263946539N03221669EA0197502088
B1144273946531N03221667EA0197602091
B1144283946524N03221664EA0197902094
B1144293946518N03221661EA0198102097
B1144303946512N03221657EA0198302099
B1144313946506N03221653EA0198602101
B1144323946500N03221649EA0198702102
B1144333946495N03221643EA0198802103
B1144343946491N03221637EA0198902104
B1144353946488N03221631EA0198902103
B1144363946488N03221625EA0198702100
B1144373946488N03221618EA0198502098
B1144383946489N03221612EA0198302096
B1144393946490N03221605EA0198102095
B1144403946490N03221598EA0198002093
B1144413946492N03221591EA0198002094
B1144423946494N03221585EA0198002094
B1144433946496N03221579EA0198102095
B1144443946499N03221573EA0198202096
B1144453946501N03221567EA0198302098
B1144463946504N03221561EA0198502099
B1144473946506N03221556EA0198602101
B1144483946509N03221551EA0198702102
B1144493946512N03221548EA0198902104
B1144503946516N03221546EA0199102106
B1144513946519N03221545EA0199302108
B1144523946523N03221546EA0199502110
B1144533946527N03221550EA0199702112
B1144543946529N03221554EA0200002115
B1144553946531N03221559EA0200102117
B1144563946531N03221565EA0200302118
B1144573946531N03221571EA0200502120
B1144583946530N03221577EA0200602120
B1144593946528N03221585EA0200602120
B1145003946525N03221593EA0200602121
B1145013946520N03221601EA0200702122
B1145023946515N03221608EA0200802123
B1145033946508N03221614EA0201002126
B1145043946500N03221618EA0201302129
B1145053946493N03221621EA0201602132
B1145063946487N03221623EA0201902135
B1145073946480N03221624EA0202202137
B1145083946474N03221625EA0202302138
B1145093946467N03221624EA0202402139
B1145103946460N03221621EA0202502139
B1145113946453N03221618EA0202502139
B1145123946446N03221613EA0202602141
B1145133946440N03221608EA0202702143
B1145143946436N03221601EA0202902145
B1145153946432N03221595EA0203102146
B1145163946429N03221588EA0203202147
B1145173946427N03221580EA0203302148
B1145183946426N03221573EA0203302148
B1145193946425N03221566EA0203302148
B1145203946425N03221559EA0203402149
B1145213946426N03221553EA0203402149
B1145223946427N03221547EA0203402149
B1145233946429N03221542EA0203402149
B1145243946431N03221536EA0203402148
B1145253946434N03221531EA0203302147
B1145263946437N03221527EA0203302147
B1145273946442N03221524EA0203302147
B1145283946446N03221522EA0203302148
B1145293946450N03221521EA0203502150
B1145303946454N03221520EA0203602152
B1145313946457N03221520EA0203702153
B1145323946460N03221518EA0203802153
B1145333946464N03221517EA0203802152
B1145343946468N03221516EA0203802152
B1145353946473N03221517EA0203802153
B1145363946476N03221520EA0203802154
B1145373946480N03221524EA0203902155
B1145383946483N03221528EA0204102157
B1145393946485N03221532EA0204202159
B1145403946488N03221535EA0204402160
B1145413946491N03221537EA0204402160
B1145423946495N03221540EA0204402159
B1145433946499N03221543EA0204402159
B1145443946503N03221546EA0204402160
B1145453946507N03221548EA0204402161
B1145463946510N03221551EA0204502160
B1145473946514N03221554EA0204402159
B1145483946518N03221558EA0204302158
B1145493946521N03221564EA0204102156
B1145503946523N03221573EA0203902153
B1145513946524N03221583EA0203702151
B1145523946521N03221594EA0203502149
B1145533946516N03221604EA0203302147
B1145543946509N03221612EA0203202147
B1145553946501N03221617EA0203102146
B1145563946494N03221621EA0203102146
B1145573946487N03221626EA0203002145
B1145583946480N03221630EA0202802144
B1145593946473N03221635EA0202602140
B1146003946465N03221639EA0202302137
B1146013946456N03221642EA0202202137
B1146023946447N03221645EA0202102137
B1146033946439N03221648EA0202002137
B1146043946431N03221650EA0202002137
B1146053946422N03221652EA0202002136
B1146063946413N03221653EA0201902134
B1146073946404N03221654EA0201802134
B1146083946394N03221654EA0201802134
B1146093946385N03221655EA0201902136
B1146103946376N03221656EA0202002139
B1146113946369N03221657EA0202202140
B1146123946361N03221657EA0202302141
B1146133946352N03221657EA0202402140
B1146143946343N03221656EA0202302140
B1146153946334N03221655EA0202302141
B1146163946324N03221654EA0202402142
B1146173946315N03221653EA0202502144
B1146183946306N03221652EA0202702146
B1146193946298N03221651EA0202902147
B1146203946289N03221650EA0203002147
B1146213946280N03221648EA0203002148
B1146223946271N03221645EA0203002148
B1146233946261N03221643EA0203002149
B1146243946252N03221641EA0203202150
B1146253946243N03221640EA0203302152
B1146263946235N03221640EA0203502153
B1146273946228N03221640EA0203602154
B1146283946220N03221639EA0203502153
B1146293946211N03221638EA0203402151
B1146303946202N03221639EA0203202149
B1146313946193N03221640EA0203102147
B1146323946184N03221641EA0203002147
B1146333946175N03221641EA0202902146
B1146343946166N03221640EA0202802145
B1146353946157N03221638EA0202802144
B1146363946148N03221637EA0202602142
B1146373946139N03221636EA0202402140
B1146383946131N03221635EA0202202138
B1146393946123N03221633EA0202002135
B1146403946114N03221631EA0201602131
B1146413946106N03221629EA0201202126
B1146423946097N03221629EA0200702120
B1146433946089N03221628EA0200102114
B1146443946080N03221627EA0199502107
B1146453946070N03221625EA0198902102
B1146463946060N03221622EA0198402097
B1146473946051N03221619EA0198002093
B1146483946041N03221616EA0197702090
B1146493946033N03221613EA0197302086
B1146503946024N03221610EA0196902081
B1146513946015N03221607EA0196402076
B1146523946005N03221604EA0195902070
B1146533945995N03221600EA0195402066
B1146543945985N03221596EA0195002063
B1146553945976N03221592EA0194802062
B1146563945969N03221589EA0194702062
B1146573945963N03221586EA0194602060
B1146583945956N03221583EA0194402056
B1146593945949N03221580EA0194002049
B1147003945940N03221576EA0193402043
B1147013945931N03221569EA0192802038
B1147023945922N03221561EA0192502037
B1147033945915N03221554EA0192402038
B1147043945909N03221547EA0192402039
B1147053945902N03221541EA0192502039
B1147063945896N03221536EA0192402038
B1147073945888N03221531EA0192202035
B1147083945880N03221527EA0191902032
B1147093945871N03221522EA0191702030
B1147103945862N03221517EA0191502029
B1147113945854N03221513EA0191502029
B1147123945846N03221508EA0191502029
B1147133945839N03221504EA0191502029
B1147143945831N03221501EA0191402027
B1147153945823N03221499EA0191302025
B1147163945814N03221497EA0191102022
B1147173945805N03221496EA0190802020
B1147183945796N03221494EA0190602019
B1147193945787N03221492EA0190502018
B1147203945779N03221489EA0190502017
B1147213945770N03221488EA0190402016
B1147223945762N03221487EA0190302014
B1147233945753N03221486EA0190002011
B1147243945743N03221485EA0189802009
B1147253945734N03221484EA0189702008
B1147263945724N03221483EA0189602008
B1147273945716N03221481EA0189502009
B1147283945708N03221480EA0189602009
B1147293945700N03221478EA0189602008
B1147303945692N03221477EA0189502006
B1147313945683N03221476EA0189302003
B1147323945674N03221474EA0189002001
B1147333945664N03221471EA0188901999
B1147343945655N03221469EA0188701999
B1147353945646N03221466EA0188701999
B1147363945638N03221464EA0188701999
B1147373945630N03221463EA0188601998
B1147383945621N03221462EA0188501997
B1147393945612N03221462EA0188401995
B1147403945603N03221462EA0188301994
B1147413945594N03221462EA0188301994
B1147423945585N03221462EA0188201994
B1147433945577N03221463EA0188201993
B1147443945568N03221463EA0188201993
B1147453945559N03221463EA0188201993
B1147463945550N03221463EA0188201993
B1147473945542N03221463EA0188201993
B1147483945534N03221462EA0188201993
B1147493945525N03221461EA0188201993
B1147503945517N03221461EA0188101992
B1147513945508N03221462EA0188001990
B1147523945499N03221462EA0187801988
B1147533945490N03221462EA0187701987
B1147543945481N03221462EA0187501986
B1147553945472N03221463EA0187501985
B1147563945463N03221463EA0187401984
B1147573945454N03221464EA0187401983
B1147583945445N03221465EA0187201983
B1147593945436N03221465EA0187201982
B1148003945427N03221465EA0187101981
B1148013945419N03221465EA0187001980
B1148023945411N03221465EA0186901978
B1148033945402N03221465EA0186801977
B1148043945393N03221464EA0186701977
B1148053945384N03221463EA0186701977
B1148063945376N03221461EA0186701977
B1148073945368N03221459EA0186701977
B1148083945359N03221458EA0186601976
B1148093945350N03221457EA0186501975
B1148103945341N03221456EA0186501974
B1148113945331N03221456EA0186401974
B1148123945322N03221456EA0186401973
B1148133945313N03221456EA0186301973
B1148143945303N03221456EA0186201971
B1148153945294N03221457EA0186001969
B1148163945285N03221457EA0185801966
B1148173945275N03221458EA0185601964
B1148183945266N03221459EA0185401962
B1148193945257N03221460EA0185301961
B1148203945248N03221461EA0185201961
B1148213945241N03221463EA0185101960
B1148223945233N03221465EA0185001958
B1148233945226N03221469EA0184801955
B1148243945218N03221472EA0184601952
B1148253945210N03221475EA0184201949
B1148263945202N03221479EA0184001947
B1148273945194N03221482EA0183701944
B1148283945186N03221486EA0183501942
B1148293945179N03221489EA0183401941
B1148303945172N03221493EA0183201940
B1148313945166N03221498EA0183201939
B1148323945160N03221502EA0183101938
B1148333945154N03221507EA0183001937
B1148343945148N03221511EA0182901935
B1148353945142N03221516EA0182701933
B1148363945135N03221521EA0182501931
B1148373945127N03221526EA0182301930
B1148383945121N03221530EA0182201930
B1148393945114N03221535EA0182301931
B1148403945109N03221540EA0182301930
B1148413945103N03221545EA0182201929
B1148423945097N03221550EA0182001926
B1148433945089N03221554EA0181801922
B1148443945081N03221558EA0181401918
B1148453945073N03221561EA0181101916
B1148463945065N03221564EA0181001916
B1148473945058N03221566EA0181001917
B1148483945052N03221569EA0181001918
B1148493945047N03221573EA0181101918
B1148503945042N03221576EA0181101917
B1148513945037N03221580EA0180901915
B1148523945032N03221585EA0180701912
B1148533945027N03221592EA0180501910
B1148543945021N03221598EA0180301908
B1148553945016N03221604EA0180201909
B1148563945010N03221610EA0180201910
B1148573945005N03221615EA0180301911
B1148583945001N03221619EA0180401911
B1148593944996N03221624EA0180401911
B1149003944990N03221630EA0180301909
B1149013944984N03221635EA0180201909
B1149023944978N03221640EA0180201910
B1149033944971N03221645EA0180401913
B1149043944964N03221648EA0180601915
B1149053944958N03221651EA0180801916
B1149063944953N03221655EA0180801916
B1149073944947N03221659EA0180801914
B1149083944940N03221664EA0180601911
B1149093944931N03221667EA0180301908
B1149103944923N03221671EA0180101906
B1149113944914N03221675EA0179901905
B1149123944906N03221678EA0179801905
B1149133944898N03221682EA0179801905
B1149143944891N03221685EA0179901904
B1149153944883N03221688EA0179701902
B1149163944876N03221691EA0179501899
B1149173944868N03221694EA0179201896
B1149183944860N03221698EA0179001893
B1149193944852N03221703EA0178801891
B1149203944844N03221708EA0178601890
B1149213944836N03221712EA0178401889
B1149223944828N03221716EA0178301887
B1149233944820N03221720EA0178201885
B1149243944813N03221725EA0177901881
B1149253944805N03221731EA0177601877
B1149263944797N03221738EA0177201873
B1149273944789N03221744EA0176901871
B1149283944782N03221751EA0176701869
B1149293944775N03221756EA0176501867
B1149303944769N03221761EA0176301865
B1149313944763N03221767EA0176001861
B1149323944756N03221772EA0175601856
B1149333944750N03221779EA0175101850
B1149343944743N03221785EA0174601844
B1149353944736N03221793EA0174101840
B1149363944729N03221799EA0173701837
B1149373944723N03221805EA0173401835
B1149383944717N03221810EA0173301833
B1149393944712N03221815EA0173001830
B1149403944708N03221821EA0172601825
B1149413944703N03221828EA0172201820
B1149423944697N03221835EA0171701814
B1149433944690N03221842EA0171101809
B1149443944683N03221848EA0170601805
B1149453944678N03221855EA0170301802
B1149463944673N03221861EA0169901798
B1149473944667N03221867EA0169501794
B1149483944662N03221873EA0169201789
B1149493944656N03221880EA0168801785
B1149503944650N03221886EA0168401781
B1149513944644N03221892EA0167901777
B1149523944637N03221898EA0167601774
B1149533944630N03221903EA0167301771
B1149543944623N03221908EA0167001768
B1149553944616N03221914EA0166801765
B1149563944609N03221920EA0166501763
B1149573944602N03221926EA0166301760
B1149583944595N03221932EA0166001758
B1149593944588N03221938EA0165801756
B1150003944582N03221945EA0165601754
B1150013944575N03221951EA0165401751
B1150023944568N03221957EA0165201749
B1150033944561N03221964EA0165001747
B1150043944555N03221970EA0164801744
B1150053944548N03221976EA0164501742
B1150063944542N03221982EA0164301739
B1150073944536N03221987EA0164001736
B1150083944529N03221993EA0163701732
B1150093944522N03222000EA0163401728
B1150103944514N03222007EA0163001724
B1150113944507N03222014EA0162701722
B1150123944500N03222020EA0162501721
B1150133944494N03222026EA0162401720
B1150143944487N03222032EA0162201718
B1150153944480N03222037EA0162001715
B1150163944473N03222042EA0161701711
B1150173944465N03222047EA0161301707
B1150183944457N03222051EA0160901703
B1150193944449N03222057EA0160601700
B1150203944442N03222063EA0160201696
B1150213944434N03222070EA0159901694
B1150223944426N03222076EA0159701691
B1150233944418N03222082EA0159601690
B1150243944411N03222087EA0159401689
B1150253944404N03222093EA0159301687
B1150263944398N03222098EA0159101685
B1150273944391N03222104EA0158901683
B1150283944383N03222109EA0158701680
B1150293944376N03222115EA0158401677
B1150303944368N03222121EA0158201675
B1150313944361N03222127EA0158001674
B1150323944354N03222132EA0157901673
B1150333944347N03222137EA0157801672
B1150343944341N03222142EA0157601669
B1150353944334N03222147EA0157401666
B1150363944328N03222153EA0157101662
B1150373944321N03222159EA0156701658
B1150383944314N03222164EA0156401654
B1150393944307N03222170EA0156001650
B1150403944299N03222176EA0155701648
B1150413944293N03222182EA0155401645
B1150423944287N03222189EA0155201643
B1150433944280N03222196EA0155001641
B1150443944274N03222202EA0154801637
B1150453944266N03222208EA0154401634
B1150463944258N03222216EA0154101630
B1150473944251N03222223EA0153801628
B1150483944244N03222230EA0153601627
B1150493944237N03222237EA0153501626
B1150503944232N03222244EA0153301625
B1150513944226N03222250EA0153201623
B1150523944220N03222258EA0153001620
B1150533944214N03222265EA0152701617
B1150543944208N03222271EA0152401614
B1150553944201N03222278EA0152201612
B1150563944195N03222283EA0152001609
B1150573944188N03222289EA0151801607
B1150583944182N03222295EA0151501605
B1150593944176N03222301EA0151301602
B1151003944170N03222307EA0151101599
B1151013944163N03222312EA0150801596
B1151023944156N03222318EA0150501593
B1151033944149N03222323EA0150201589
B1151043944142N03222327EA0149901586
B1151053944135N03222332EA0149601583
B1151063944129N03222338EA0149301581
B1151073944123N03222344EA0149101578
B1151083944117N03222351EA0148801575
B1151093944111N03222357EA0148501572
B1151103944106N03222363EA0148101568
B1151113944100N03222369EA0147801565
B1151123944095N03222376EA0147501561
B1151133944090N03222383EA0147101557
B1151143944085N03222390EA0146801554
B1151153944080N03222397EA0146501550
B1151163944074N03222404EA0146101547
B1151173944069N03222411EA0145701543
B1151183944064N03222417EA0145401540
B1151193944059N03222424EA0145101537
B1151203944054N03222430EA0144901534
B1151213944049N03222436EA0144501530
B1151223944044N03222442EA0144101525
B1151233944039N03222448EA0143701520
B1151243944033N03222455EA0143201515
B1151253944027N03222461EA0142801510
B1151263944020N03222467EA0142401507
B1151273944014N03222472EA0142001504
B1151283944008N03222477EA0141801503
B1151293944002N03222481EA0141701502
B1151303943997N03222485EA0141601501
B1151313943991N03222490EA0141501500
B1151323943985N03222496EA0141401499
B1151333943979N03222503EA0141301500
B1151343943974N03222511EA0141401502
B1151353943970N03222518EA0141601505
B1151363943967N03222525EA0141901507
B1151373943963N03222532EA0142101508
B1151383943959N03222540EA0142201508
B1151393943955N03222549EA0142201508
B1151403943949N03222556EA0142301510
B1151413943943N03222561EA0142501512
B1151423943937N03222563EA0142601513
B1151433943930N03222562EA0142701513
B1151443943924N03222559EA0142701513
B1151453943918N03222554EA0142601513
B1151463943914N03222548EA0142701514
B1151473943911N03222540EA0142801515
B1151483943911N03222532EA0142901516
B1151493943914N03222524EA0142901516
B1151503943918N03222519EA0143001516
B1151513943923N03222515EA0143001517
B1151523943928N03222513EA0143101519
B1151533943932N03222513EA0143301520
B1151543943937N03222516EA0143401521
B1151553943940N03222521EA0143501521
B1151563943942N03222528EA0143501522
B1151573943942N03222535EA0143601523
B1151583943940N03222542EA0143801525
B1151593943938N03222547EA0143901527
B1152003943935N03222552EA0144001527
B1152013943933N03222558EA0144001527
B1152023943930N03222565EA0144001526
B1152033943928N03222572EA0143901525
B1152043943925N03222580EA0144001526
B1152053943921N03222588EA0144101529
B1152063943918N03222594EA0144301531
B1152073943914N03222599EA0144501533
B1152083943910N03222604EA0144601533
B1152093943906N03222609EA0144601532
B1152103943900N03222614EA0144601531
B1152113943893N03222618EA0144501530
B1152123943885N03222621EA0144301530
B1152133943877N03222621EA0144301530
B1152143943869N03222618EA0144301530
B1152153943863N03222613EA0144401531
B1152163943858N03222607EA0144501533
B1152173943855N03222600EA0144601534
B1152183943853N03222593EA0144701535
B1152193943852N03222585EA0144801535
B1152203943853N03222578EA0144801535
B1152213943855N03222572EA0144801535
B1152223943859N03222568EA0144801536
B1152233943863N03222566EA0144901537
B1152243943867N03222567EA0145001538
B1152253943870N03222571EA0145101538
B1152263943873N03222576EA0145201539
B1152273943875N03222581EA0145201540
B1152283943877N03222587EA0145301540
B1152293943878N03222594EA0145301541
B1152303943878N03222601EA0145401542
B1152313943877N03222608EA0145401542
B1152323943876N03222615EA0145401542
B1152333943875N03222621EA0145401541
B1152343943873N03222627EA0145301540
B1152353943871N03222633EA0145201538
B1152363943869N03222640EA0145001536
B1152373943867N03222648EA0144801535
B1152383943865N03222655EA0144701533
B1152393943862N03222662EA0144601531
B1152403943859N03222670EA0144401529
B1152413943856N03222678EA0144201528
B1152423943853N03222686EA0144001527
B1152433943850N03222694EA0144001526
B1152443943847N03222703EA0143901525
B1152453943844N03222711EA0143901525
B1152463943840N03222718EA0143901525
B1152473943834N03222725EA0143801524
B1152483943828N03222732EA0143801524
B1152493943822N03222738EA0143701523
B1152503943816N03222744EA0143701524
B1152513943810N03222751EA0143701524
B1152523943805N03222756EA0143801524
B1152533943799N03222762EA0143801524
B1152543943792N03222767EA0143801524
B1152553943786N03222773EA0143701523
B1152563943779N03222779EA0143701522
B1152573943773N03222785EA0143701522
B1152583943767N03222792EA0143601523
B1152593943761N03222798EA0143701523
B1153003943755N03222803EA0143701523
B1153013943749N03222809EA0143601522
B1153023943743N03222815EA0143601521
B1153033943737N03222821EA0143501520
B1153043943731N03222827EA0143401520
B1153053943725N03222832EA0143401520
B1153063943719N03222838EA0143401520
B1153073943713N03222843EA0143301520
B1153083943707N03222848EA0143301519
B1153093943700N03222853EA0143301518
B1153103943694N03222858EA0143201517
B1153113943687N03222863EA0143201517
B1153123943680N03222868EA0143101517
B1153133943673N03222873EA0143001516
B1153143943666N03222878EA0143001516
B1153153943660N03222883EA0143001516
B1153163943653N03222888EA0142901515
B1153173943647N03222894EA0142901514
B1153183943641N03222900EA0142701513
B1153193943634N03222906EA0142601512
B1153203943627N03222912EA0142601512
B1153213943620N03222918EA0142501512
B1153223943613N03222923EA0142501512
B1153233943607N03222928EA0142501511
B1153243943601N03222934EA0142401509
B1153253943595N03222940EA0142201507
B1153263943589N03222946EA0142001505
B1153273943582N03222952EA0141901505
B1153283943576N03222958EA0141801504
B1153293943571N03222963EA0141801504
B1153303943565N03222968EA0141701503
B1153313943560N03222974EA0141501500
B1153323943554N03222980EA0141301497
B1153333943548N03222986EA0141101495
B1153343943543N03222992EA0141001495
B1153353943538N03222997EA0140901495
B1153363943534N03223002EA0140901495
B1153373943529N03223006EA0140801494
B1153383943525N03223011EA0140601491
B1153393943520N03223017EA0140301487
B1153403943514N03223024EA0140001483
B1153413943509N03223031EA0139701481
B1153423943503N03223038EA0139501481
B1153433943498N03223043EA0139501481
B1153443943493N03223048EA0139401480
B1153453943488N03223053EA0139301479
B1153463943483N03223058EA0139201477
B1153473943478N03223063EA0139001475
B1153483943472N03223069EA0138801473
B1153493943467N03223073EA0138701472
B1153503943462N03223077EA0138601471
B1153513943456N03223081EA0138401469
B1153523943451N03223085EA0138201466
B1153533943445N03223090EA0138001463
B1153543943440N03223096EA0137701460
B1153553943433N03223102EA0137501458
B1153563943427N03223108EA0137301456
B1153573943421N03223114EA0137201455
B1153583943415N03223119EA0137101453
B1153593943410N03223123EA0137001453
B1154003943405N03223126EA0136901453
B1154013943400N03223130EA0136801451
B1154023943395N03223134EA0136601448
B1154033943389N03223139EA0136401445
B1154043943382N03223144EA0136101442
B1154053943375N03223147EA0135801440
B1154063943369N03223150EA0135701440
B1154073943362N03223153EA0135601439
B1154083943357N03223155EA0135601438
B1154093943351N03223158EA0135401437
B1154103943345N03223160EA0135201434
B1154113943339N03223162EA0134901430
B1154123943333N03223165EA0134601427
B1154133943327N03223168EA0134201423
B1154143943322N03223171EA0134001421
B1154153943317N03223175EA0133701418
B1154163943312N03223178EA0133401414
B1154173943307N03223181EA0133001410
B1154183943302N03223185EA0132601405
B1154193943296N03223189EA0132101400
B1154203943290N03223193EA0131701397
B1154213943283N03223197EA0131401395
B1154223943278N03223200EA0131301395
B1154233943272N03223202EA0131301394
B1154243943267N03223203EA0131201392
B1154253943262N03223206EA0131001389
B1154263943257N03223209EA0130601385
B1154273943251N03223213EA0130301380
B1154283943246N03223218EA0129901377
B1154293943241N03223222EA0129601374
B1154303943235N03223225EA0129301372
B1154313943229N03223227EA0129101368
B1154323943223N03223230EA0128701364
B1154333943216N03223233EA0128301359
B1154343943209N03223237EA0127801354
B1154353943201N03223241EA0127501352
B1154363943194N03223245EA0127301351
B1154373943188N03223249EA0127201351
B1154383943182N03223252EA0127201350
B1154393943177N03223255EA0127101349
B1154403943171N03223258EA0126801345
B1154413943165N03223261EA0126501342
B1154423943158N03223266EA0126201337
B1154433943151N03223271EA0125801334
B1154443943144N03223276EA0125601332
B1154453943138N03223282EA0125401331
B1154463943133N03223288EA0125301329
B1154473943128N03223294EA0125101328
B1154483943124N03223300EA0124901325
B1154493943119N03223307EA0124701323
B1154503943115N03223314EA0124501321
B1154513943110N03223321EA0124401320
B1154523943105N03223327EA0124201319
B1154533943101N03223333EA0124201318
B1154543943097N03223339EA0124001317
B1154553943093N03223345EA0123901314
B1154563943090N03223352EA0123601312
B1154573943087N03223359EA0123401309
B1154583943084N03223367EA0123301308
B1154593943081N03223374EA0123101306
B1155003943078N03223380EA0122901304
B1155013943074N03223386EA0122701302
B1155023943071N03223392EA0122501300
B1155033943067N03223399EA0122301298
B1155043943063N03223406EA0122101296
B1155053943059N03223413EA0122001295
B1155063943055N03223420EA0122001296
B1155073943050N03223426EA0122001296
B1155083943046N03223433EA0122001296
B1155093943043N03223439EA0122001295
B1155103943039N03223446EA0121901294
B1155113943034N03223454EA0121801292
B1155123943029N03223461EA0121701292
B1155133943024N03223468EA0121701292
B1155143943019N03223475EA0121701293
B1155153943014N03223482EA0121801294
B1155163943009N03223488EA0121801294
B1155173943005N03223496EA0121801293
B1155183943000N03223504EA0121701291
B1155193942995N03223513EA0121601290
B1155203942990N03223521EA0121501290
B1155213942986N03223529EA0121601292
B1155223942981N03223536EA0121601294
B1155233942977N03223542EA0121701294
B1155243942973N03223548EA0121701293
B1155253942968N03223555EA0121701292
B1155263942963N03223563EA0121501290
B1155273942957N03223571EA0121401289
B1155283942952N03223579EA0121301290
B1155293942947N03223587EA0121401291
B1155303942942N03223595EA0121601293
B1155313942936N03223601EA0121701295
B1155323942931N03223608EA0121801295
B1155333942925N03223615EA0121801295
B1155343942920N03223623EA0121801295
B1155353942916N03223631EA0121901296
B1155363942912N03223639EA0121901296
B1155373942908N03223647EA0122001297
B1155383942902N03223655EA0122001297
B1155393942896N03223663EA0122001298
B1155403942891N03223670EA0122201301
B1155413942886N03223678EA0122501305
B1155423942882N03223684EA0122801308
B1155433942877N03223690EA0123101310
B1155443942872N03223697EA0123301311
B1155453942867N03223704EA0123301311
B1155463942862N03223712EA0123401312
B1155473942857N03223720EA0123501314
B1155483942853N03223726EA0123801316
B1155493942848N03223732EA0123901318
B1155503942843N03223738EA0124001318
B1155513942838N03223744EA0124101318
B1155523942833N03223750EA0124001318
B1155533942827N03223755EA0124101319
B1155543942820N03223758EA0124101319
B1155553942812N03223758EA0124201320
B1155563942804N03223755EA0124201321
B1155573942796N03223751EA0124401323
B1155583942789N03223746EA0124601326
B1155593942784N03223739EA0124801328
B1156003942781N03223732EA0124901328
B1156013942779N03223724EA0124901327
B1156023942778N03223716EA0124801326
B1156033942778N03223708EA0124601325
B1156043942779N03223700EA0124601324
B1156053942781N03223695EA0124601324
B1156063942785N03223691EA0124501323
B1156073942789N03223689EA0124401322
B1156083942792N03223690EA0124301320
B1156093942796N03223692EA0124101318
B1156103942798N03223696EA0123901316
B1156113942800N03223702EA0123701313
B1156123942802N03223709EA0123501311
B1156133942802N03223717EA0123401310
B1156143942801N03223726EA0123401311
B1156153942798N03223735EA0123501312
B1156163942794N03223742EA0123601314
B1156173942789N03223749EA0123701314
B1156183942784N03223756EA0123801314
B1156193942780N03223764EA0123801314
B1156203942777N03223773EA0123701314
B1156213942773N03223781EA0123701314
B1156223942769N03223788EA0123801315
B1156233942764N03223795EA0123901316
B1156243942758N03223802EA0123901317
B1156253942753N03223808EA0124101319
B1156263942748N03223815EA0124201320
B1156273942744N03223822EA0124301321
B1156283942740N03223828EA0124401323
B1156293942737N03223834EA0124601325
B1156303942733N03223840EA0124701326
B1156313942729N03223845EA0124801326
B1156323942725N03223851EA0124801326
B1156333942721N03223858EA0124801325
B1156343942718N03223866EA0124701324
B1156353942714N03223874EA0124601323
B1156363942709N03223882EA0124401321
B1156373942705N03223890EA0124301319
B1156383942700N03223899EA0124101317
B1156393942695N03223906EA0123901316
B1156403942690N03223914EA0123801315
B1156413942685N03223921EA0123701314
B1156423942680N03223927EA0123601312
B1156433942674N03223933EA0123401310
B1156443942669N03223938EA0123201308
B1156453942664N03223945EA0122901304
B1156463942658N03223951EA0122601300
B1156473942653N03223959EA0122201296
B1156483942647N03223966EA0121901294
B1156493942641N03223972EA0121701292
B1156503942635N03223978EA0121501291
B1156513942630N03223983EA0121301289
B1156523942625N03223989EA0121201287
B1156533942620N03223995EA0121001284
B1156543942615N03224002EA0120701281
B1156553942610N03224009EA0120501278
B1156563942605N03224016EA0120201276
B1156573942600N03224023EA0119901273
B1156583942595N03224030EA0119601271
B1156593942590N03224036EA0119501269
B1157003942585N03224043EA0119301267
B1157013942580N03224049EA0119101264
B1157023942576N03224056EA0118801261
B1157033942571N03224064EA0118501258
B1157043942566N03224071EA0118301256
B1157053942561N03224079EA0118101254
B1157063942557N03224087EA0117801252
B1157073942552N03224095EA0117601250
B1157083942546N03224102EA0117501248
B1157093942541N03224108EA0117401247
B1157103942536N03224115EA0117301246
B1157113942531N03224122EA0117201245
B1157123942526N03224129EA0117101244
B1157133942520N03224134EA0117001244
B1157143942514N03224140EA0116901243
B1157153942509N03224145EA0116801241
B1157163942504N03224151EA0116701239
B1157173942499N03224157EA0116501237
B1157183942493N03224164EA0116201234
B1157193942488N03224171EA0116001232
B1157203942482N03224177EA0115801231
B1157213942476N03224184EA0115701230
B1157223942471N03224191EA0115701230
B1157233942466N03224197EA0115801232
B1157243942461N03224203EA0115901233
B1157253942455N03224208EA0115901233
B1157263942450N03224212EA0116001233
B1157273942444N03224216EA0115901233
B1157283942438N03224219EA0115901233
B1157293942432N03224223EA0115901233
B1157303942427N03224227EA0116001233
B1157313942422N03224232EA0116001234
B1157323942417N03224238EA0116101234
B1157333942412N03224243EA0116201235
B1157343942407N03224248EA0116201236
B1157353942402N03224253EA0116301237
B1157363942396N03224257EA0116401238
B1157373942390N03224262EA0116501239
B1157383942385N03224266EA0116601239
B1157393942380N03224271EA0116601239
B1157403942375N03224276EA0116601239
B1157413942369N03224280EA0116501238
B1157423942363N03224284EA0116501238
B1157433942358N03224288EA0116401237
B1157443942352N03224293EA0116401236
B1157453942348N03224298EA0116301235
B1157463942343N03224304EA0116201234
B1157473942339N03224310EA0116101234
B1157483942333N03224315EA0116201234
B1157493942328N03224319EA0116201235
B1157503942323N03224323EA0116301236
B1157513942319N03224327EA0116301236
B1157523942315N03224332EA0116301235
B1157533942311N03224337EA0116201234
B1157543942307N03224343EA0116101232
B1157553942303N03224349EA0116001232
B1157563942299N03224356EA0115901231
B1157573942294N03224362EA0115901231
B1157583942290N03224369EA0115801231
B1157593942285N03224375EA0115801230
B1158003942280N03224381EA0115801229
B1158013942275N03224387EA0115701229
B1158023942270N03224393EA0115601228
B1158033942265N03224398EA0115601228
B1158043942260N03224404EA0115601227
B1158053942254N03224409EA0115501227
B1158063942248N03224415EA0115501226
B1158073942242N03224420EA0115401226
B1158083942236N03224425EA0115401226
B1158093942230N03224430EA0115401226
B1158103942223N03224434EA0115401226
B1158113942216N03224438EA0115501226
B1158123942210N03224443EA0115601227
B1158133942203N03224448EA0115701229
B1158143942196N03224453EA0115801230
B1158153942189N03224457EA0116001233
B1158163942182N03224461EA0116201235
B1158173942174N03224465EA0116401237
B1158183942167N03224469EA0116601240
B1158193942161N03224472EA0116901242
B1158203942154N03224475EA0117101246
B1158213942148N03224478EA0117401248
B1158223942142N03224481EA0117601251
B1158233942136N03224485EA0117801253
B1158243942131N03224489EA0118001255
B1158253942125N03224494EA0118201257
B1158263942119N03224498EA0118501260
B1158273942112N03224501EA0118801264
B1158283942106N03224503EA0119101267
B1158293942099N03224504EA0119401270
B1158303942093N03224503EA0119701273
B1158313942086N03224501EA0119901275
B1158323942080N03224497EA0120101277
B1158333942076N03224492EA0120201278
B1158343942073N03224484EA0120301278
B1158353942072N03224476EA0120501281
B1158363942071N03224469EA0120701285
B1158373942072N03224463EA0121101290
B1158383942073N03224458EA0121501295
B1158393942075N03224454EA0121901298
B1158403942077N03224450EA0122201300
B1158413942080N03224446EA0122401301
B1158423942084N03224442EA0122501302
B1158433942090N03224441EA0122601303
B1158443942096N03224442EA0122801304
B1158453942101N03224446EA0122901307
B1158463942104N03224452EA0123201311
B1158473942105N03224459EA0123501315
B1158483942104N03224465EA0123801318
B1158493942103N03224471EA0124201321
B1158503942102N03224475EA0124401324
B1158513942102N03224480EA0124701326
B1158523942101N03224487EA0124801327
B1158533942098N03224493EA0124901328
B1158543942093N03224499EA0125001328
B1158553942086N03224503EA0125001328
B1158563942077N03224503EA0125001329
B1158573942069N03224499EA0125101330
B1158583942063N03224492EA0125401335
B1158593942060N03224486EA0125801340
B1159003942058N03224481EA0126201344
B1159013942057N03224476EA0126501346
B1159023942056N03224470EA0126701348
B1159033942054N03224463EA0126901350
B1159043942053N03224455EA0127201352
B1159053942053N03224447EA0127501356
B1159063942056N03224441EA0127801360
B1159073942060N03224436EA0128201363
B1159083942065N03224433EA0128501366
B1159093942072N03224434EA0128701367
B1159103942078N03224439EA0128901370
B1159113942082N03224447EA0129001372
B1159123942082N03224456EA0129301376
B1159133942080N03224464EA0129601380
B1159143942076N03224469EA0129901384
B1159153942071N03224474EA0130201386
B1159163942066N03224478EA0130401387
B1159173942061N03224483EA0130601388
B1159183942054N03224486EA0130701389
B1159193942047N03224487EA0130801391
B1159203942040N03224484EA0130901392
B1159213942035N03224478EA0131101394
B1159223942032N03224471EA0131301397
B1159233942031N03224462EA0131501400
B1159243942033N03224454EA0131901404
B1159253942035N03224448EA0132301409
B1159263942039N03224445EA0132701413
B1159273942044N03224443EA0133101416
B1159283942049N03224443EA0133401419
B1159293942054N03224445EA0133601421
B1159303942057N03224451EA0133701422
B1159313942057N03224459EA0133901423
B1159323942054N03224467EA0134001425
B1159333942049N03224473EA0134201429
B1159343942044N03224479EA0134501433
B1159353942039N03224484EA0134901436
B1159363942035N03224488EA0135201439
B1159373942030N03224492EA0135401441
B1159383942024N03224495EA0135601442
B1159393942017N03224496EA0135701443
B1159403942009N03224494EA0135901445
B1159413942003N03224490EA0136101448
B1159423941998N03224484EA0136401452
B1159433941995N03224477EA0136801457
B1159443941993N03224471EA0137201461
B1159453941993N03224465EA0137601465
B1159463941993N03224459EA0137901468
B1159473941995N03224452EA0138201471
B1159483941998N03224446EA0138501472
B1159493942001N03224440EA0138701475
B1159503942006N03224436EA0138901478
B1159513942011N03224434EA0139201481
B1159523942017N03224433EA0139601485
B1159533942022N03224434EA0140001490
B1159543942026N03224436EA0140501495
B1159553942029N03224438EA0140901499
B1159563942032N03224440EA0141301503
B1159573942035N03224444EA0141601505
B1159583942037N03224449EA0141901507
B1159593942038N03224455EA0142101509
B1200003942039N03224462EA0142201511
B1200013942037N03224470EA0142401512
B1200023942033N03224478EA0142501514
B1200033942027N03224484EA0142701516
B1200043942021N03224489EA0142901518
B1200053942013N03224491EA0143001520
B1200063942005N03224490EA0143101520
B1200073941998N03224487EA0143101520
B1200083941991N03224481EA0143101520
B1200093941986N03224474EA0143301523
B1200103941982N03224467EA0143601528
B1200113941980N03224461EA0144001533
B1200123941978N03224456EA0144501537
B1200133941975N03224451EA0144801540
B1200143941972N03224446EA0145101542
B1200153941967N03224439EA0145301545
B1200163941965N03224432EA0145701549
B1200173941964N03224426EA0146101554
B1200183941965N03224422EA0146601559
B1200193941966N03224419EA0147001562
B1200203941968N03224415EA0147301565
B1200213941970N03224411EA0147601567
B1200223941973N03224406EA0147901571
B1200233941977N03224403EA0148301575
B1200243941982N03224400EA0148701580
B1200253941987N03224400EA0149101585
B1200263941991N03224403EA0149501589
B1200273941995N03224408EA0149801592
B1200283941996N03224415EA0150201596
B1200293941995N03224421EA0150501600
B1200303941991N03224426EA0150901603
B1200313941986N03224429EA0151201607
B1200323941979N03224430EA0151501610
B1200333941973N03224428EA0152001615
B1200343941969N03224424EA0152401619
B1200353941966N03224418EA0152701621
B1200363941963N03224412EA0153001624
B1200373941960N03224406EA0153301628
B1200383941956N03224400EA0153701634
B1200393941954N03224395EA0154201639
B1200403941953N03224390EA0154701643
B1200413941953N03224385EA0155001646
B1200423941954N03224379EA0155301648
B1200433941957N03224373EA0155501650
B1200443941961N03224369EA0155801653
B1200453941966N03224366EA0156101657
B1200463941971N03224365EA0156501662
B1200473941976N03224367EA0157001667
B1200483941981N03224369EA0157501671
B1200493941985N03224373EA0157901675
B1200503941988N03224378EA0158301679
B1200513941991N03224382EA0158701684
B1200523941992N03224387EA0159101688
B1200533941993N03224393EA0159501691
B1200543941991N03224399EA0159801693
B1200553941988N03224406EA0160001695
B1200563941983N03224413EA0160201698
B1200573941978N03224419EA0160501703
B1200583941971N03224422EA0161001709
B1200593941965N03224422EA0161501714
B1201003941958N03224420EA0162001718
B1201013941952N03224415EA0162401722
B1201023941946N03224410EA0162701726
B1201033941941N03224405EA0163101730
B1201043941936N03224400EA0163501734
B1201053941932N03224393EA0163801737
B1201063941930N03224386EA0164001739
B1201073941929N03224379EA0164301743
B1201083941929N03224372EA0164701748
B1201093941930N03224365EA0165201753
B1201103941931N03224359EA0165601757
B1201113941933N03224354EA0166001761
B1201123941936N03224348EA0166401763
B1201133941940N03224342EA0166701766
B1201143941944N03224336EA0167001770
B1201153941947N03224331EA0167401776
B1201163941949N03224327EA0168001782
B1201173941952N03224324EA0168601788
B1201183941954N03224323EA0169101793
B1201193941956N03224322EA0169601797
B1201203941959N03224324EA0169801799
B1201213941961N03224326EA0169901800
B1201223941963N03224328EA0170001800
B1201233941967N03224331EA0170001799
B1201243941970N03224334EA0170001798
B1201253941972N03224340EA0170001798
B1201263941972N03224349EA0169901797
B1201273941969N03224358EA0170001798
B1201283941965N03224367EA0170301806
B1201293941961N03224372EA0170901814
B1201303941956N03224375EA0171501820
B1201313941951N03224377EA0172001825
B1201323941945N03224378EA0172501829
B1201333941939N03224379EA0172801832
B1201343941933N03224381EA0173201836
B1201353941927N03224381EA0173601840
B1201363941920N03224380EA0174001845
B1201373941914N03224377EA0174401849
B1201383941909N03224373EA0174801853
B1201393941904N03224368EA0175201857
B1201403941900N03224361EA0175501860
B1201413941896N03224354EA0175901864
B1201423941894N03224346EA0176201867
B1201433941893N03224338EA0176501871
B1201443941895N03224329EA0176901875
B1201453941898N03224323EA0177301879
B1201463941903N03224318EA0177801886
B1201473941906N03224316EA0178401893
B1201483941909N03224314EA0179101899
B1201493941912N03224315EA0179601903
B1201503941915N03224316EA0179801904
B1201513941919N03224318EA0179801903
B1201523941923N03224319EA0179801903
B1201533941927N03224322EA0179801904
B1201543941930N03224325EA0179901906
B1201553941933N03224331EA0180001907
B1201563941934N03224337EA0180101908
B1201573941934N03224345EA0180301910
B1201583941934N03224353EA0180601915
B1201593941934N03224360EA0181201922
B1202003941933N03224366EA0181801928
B1202013941932N03224372EA0182301934
B1202023941930N03224378EA0182801938
B1202033941926N03224384EA0183201942
B1202043941922N03224389EA0183601946
B1202053941916N03224392EA0184001949
B1202063941910N03224392EA0184301952
B1202073941903N03224391EA0184501956
B1202083941896N03224387EA0184901960
B1202093941891N03224383EA0185401966
B1202103941887N03224377EA0185901972
B1202113941884N03224370EA0186401976
B1202123941881N03224362EA0186801980
B1202133941880N03224355EA0187201984
B1202143941880N03224347EA0187501987
B1202153941881N03224339EA0187901991
B1202163941884N03224332EA0188101994
B1202173941888N03224327EA0188501997
B1202183941893N03224323EA0188902001
B1202193941898N03224322EA0189202005
B1202203941904N03224323EA0189602010
B1202213941908N03224325EA0190002013
B1202223941912N03224330EA0190402017
B1202233941915N03224335EA0190702020
B1202243941918N03224341EA0191002023
B1202253941919N03224348EA0191302027
B1202263941920N03224355EA0191702031
B1202273941920N03224363EA0192102034
B1202283941919N03224370EA0192502038
B1202293941917N03224377EA0192802041
B1202303941913N03224383EA0193102043
B1202313941908N03224390EA0193402047
B1202323941903N03224396EA0193802053
B1202333941898N03224402EA0194402059
B1202343941894N03224407EA0194902064
B1202353941889N03224411EA0195502069
B1202363941882N03224415EA0195902072
B1202373941875N03224417EA0196202075
B1202383941867N03224417EA0196602079
B1202393941860N03224415EA0197002085
B1202403941853N03224412EA0197502090
B1202413941848N03224408EA0198002096
B1202423941844N03224402EA0198502101
B1202433941840N03224394EA0199002106
B1202443941839N03224387EA0199402111
B1202453941838N03224380EA0199902115
B1202463941839N03224373EA0200302119
B1202473941841N03224366EA0200602122
B1202483941843N03224359EA0201002126
B1202493941846N03224352EA0201202129
B1202503941850N03224346EA0201702133
B1202513941855N03224342EA0202102138
B1202523941860N03224339EA0202602143
B1202533941865N03224339EA0203002147
B1202543941869N03224341EA0203402151
B1202553941874N03224343EA0203802156
B1202563941878N03224346EA0204302160
B1202573941882N03224352EA0204702165
B1202583941884N03224358EA0205102168
B1202593941884N03224366EA0205402171
B1203003941883N03224373EA0205702174
B1203013941879N03224380EA0206002177
B1203023941874N03224385EA0206302179
B1203033941867N03224388EA0206602183
B1203043941860N03224391EA0206902189
B1203053941853N03224392EA0207502196
B1203063941847N03224393EA0208102203
B1203073941841N03224393EA0208702208
B1203083941836N03224393EA0209202213
B1203093941831N03224392EA0209502217
B1203103941826N03224391EA0209902220
B1203113941820N03224388EA0210302223
B1203123941815N03224384EA0210602227
B1203133941811N03224377EA0211002230
B1203143941809N03224369EA0211202233
B1203153941808N03224360EA0211602237
B1203163941809N03224352EA0211902242
B1203173941810N03224345EA0212302246
B1203183941812N03224338EA0212702250
B1203193941815N03224332EA0213102253
B1203203941820N03224328EA0213402256
B1203213941825N03224324EA0213602258
B1203223941831N03224321EA0213902261
B1203233941837N03224320EA0214202264
B1203243941842N03224321EA0214502267
B1203253941847N03224323EA0214802270
B1203263941852N03224327EA0215102273
B1203273941856N03224331EA0215302276
B1203283941859N03224336EA0215702279
B1203293941860N03224342EA0215902281
B1203303941860N03224348EA0216102282
B1203313941859N03224354EA0216202283
B1203323941858N03224361EA0216302284
B1203333941854N03224367EA0216402286
B1203343941850N03224372EA0216602288
B1203353941844N03224376EA0216802291
B1203363941838N03224377EA0217102294
B1203373941832N03224377EA0217302298
B1203383941826N03224375EA0217602301
B1203393941821N03224373EA0217902304
B1203403941816N03224370EA0218202307
B1203413941810N03224367EA0218502311
B1203423941805N03224363EA0218902314
B1203433941800N03224358EA0219202318
B1203443941796N03224351EA0219602323
B1203453941793N03224343EA0220002327
B1203463941792N03224335EA0220402330
B1203473941793N03224326EA0220702333
B1203483941794N03224318EA0221002336
B1203493941797N03224309EA0221302339
B1203503941800N03224301EA0221602343
B1203513941804N03224293EA0222002347
B1203523941808N03224286EA0222302350
B1203533941813N03224281EA0222602352
B1203543941819N03224277EA0222702353
B1203553941826N03224275EA0222702354
B1203563941832N03224274EA0222802355
B1203573941838N03224275EA0223002356
B1203583941842N03224279EA0223002357
B1203593941844N03224285EA0223102357
B1204003941844N03224291EA0223102357
B1204013941842N03224297EA0223102357
B1204023941840N03224302EA0223102357
B1204033941836N03224306EA0223102356
B1204043941832N03224311EA0223102356
B1204053941827N03224314EA0223102355
B1204063941820N03224317EA0223102355
B1204073941813N03224320EA0223102356
B1204083941804N03224320EA0223202358
B1204093941796N03224320EA0223402361
B1204103941787N03224319EA0223602365
B1204113941779N03224318EA0224102371
B1204123941772N03224317EA0224602377
B1204133941766N03224316EA0225202383
B1204143941760N03224315EA0225702388
B1204153941755N03224315EA0226102391
B1204163941749N03224313EA0226402394
B1204173941743N03224311EA0226802396
B1204183941736N03224309EA0227002399
B1204193941730N03224306EA0227302403
B1204203941724N03224303EA0227602407
B1204213941720N03224298EA0227902410
B1204223941717N03224291EA0228302413
B1204233941716N03224284EA0228502415
B1204243941716N03224276EA0228802417
B1204253941717N03224269EA0229002419
B1204263941720N03224263EA0229102421
B1204273941725N03224259EA0229302422
B1204283941731N03224257EA0229502424
B1204293941737N03224258EA0229702428
B1204303941742N03224260EA0230102433
B1204313941746N03224262EA0230602439
B1204323941749N03224264EA0231002443
B1204333941753N03224266EA0231502448
B1204343941756N03224269EA0231902452
B1204353941758N03224272EA0232402456
B1204363941760N03224276EA0232802460
B1204373941761N03224281EA0233102463
B1204383941763N03224286EA0233502466
B1204393941763N03224291EA0233702467
B1204403941763N03224297EA0233902469
B1204413941762N03224303EA0234102472
B1204423941760N03224309EA0234502475
B1204433941758N03224314EA0234702478
B1204443941755N03224319EA0235002481
B1204453941751N03224323EA0235202483
B1204463941746N03224327EA0235402485
B1204473941741N03224330EA0235702488
B1204483941735N03224332EA0235902491
B1204493941729N03224331EA0236102493
B1204503941722N03224329EA0236302495
B1204513941716N03224324EA0236602498
B1204523941711N03224320EA0236902501
B1204533941706N03224314EA0237202505
B1204543941703N03224308EA0237602508
B1204553941701N03224301EA0237802510
B1204563941699N03224294EA0238002512
B1204573941698N03224286EA0238102513
B1204583941698N03224278EA0238302515
B1204593941698N03224271EA0238502517
B1205003941700N03224264EA0238702519
B1205013941702N03224257EA0238902521
B1205023941705N03224252EA0239102524
B1205033941707N03224246EA0239302526
B1205043941711N03224241EA0239502527
B1205053941716N03224237EA0239602528
B1205063941721N03224234EA0239802530
B1205073941727N03224233EA0240002532
B1205083941731N03224233EA0240402536
B1205093941735N03224235EA0240702539
B1205103941739N03224237EA0241002542
B1205113941743N03224240EA0241302543
B1205123941747N03224244EA0241402544
B1205133941752N03224246EA0241502545
B1205143941757N03224248EA0241502546
B1205153941762N03224250EA0241502546
B1205163941765N03224253EA0241502546
B1205173941768N03224257EA0241402544
B1205183941769N03224263EA0241202542
B1205193941769N03224269EA0241002540
B1205203941768N03224275EA0240902539
B1205213941766N03224281EA0240702538
B1205223941762N03224287EA0240702537
B1205233941758N03224292EA0240602537
B1205243941753N03224296EA0240602537
B1205253941748N03224300EA0240602537
B1205263941742N03224302EA0240602536
B1205273941736N03224304EA0240502535
B1205283941729N03224305EA0240402534
B1205293941721N03224306EA0240302535
B1205303941714N03224304EA0240402536
B1205313941708N03224301EA0240502537
B1205323941701N03224296EA0240602538
B1205333941696N03224288EA0240702538
B1205343941691N03224280EA0240702539
B1205353941688N03224271EA0240702540
B1205363941685N03224263EA0240902542
B1205373941683N03224254EA0241002544
B1205383941683N03224246EA0241202544
B1205393941685N03224237EA0241202545
B1205403941688N03224229EA0241302546
B1205413941691N03224222EA0241402547
B1205423941695N03224217EA0241502549
B1205433941700N03224215EA0241702551
B1205443941705N03224215EA0241902552
B1205453941709N03224216EA0242002554
B1205463941712N03224219EA0242202556
B1205473941715N03224221EA0242402557
B1205483941718N03224224EA0242602559
B1205493941720N03224227EA0242802560
B1205503941722N03224231EA0242802561
B1205513941724N03224235EA0242802561
B1205523941725N03224239EA0242802561
B1205533941726N03224245EA0242802561
B1205543941725N03224251EA0242802560
B1205553941724N03224257EA0242802560
B1205563941723N03224263EA0242702558
B1205573941722N03224270EA0242602557
B1205583941721N03224277EA0242502556
B1205593941719N03224284EA0242402556
B1206003941716N03224290EA0242502557
B1206013941713N03224296EA0242502557
B1206023941710N03224302EA0242502557
B1206033941706N03224307EA0242502556
B1206043941702N03224312EA0242502556
B1206053941697N03224317EA0242402555
B1206063941692N03224322EA0242302554
B1206073941686N03224328EA0242202553
B1206083941681N03224333EA0242102552
B1206093941676N03224338EA0242102552
B1206103941670N03224342EA0242202553
B1206113941664N03224347EA0242202553
B1206123941658N03224351EA0242102553
B1206133941653N03224357EA0242202553
B1206143941648N03224363EA0242102552
B1206153941643N03224369EA0242102551
B1206163941637N03224374EA0242002549
B1206173941630N03224380EA0241902549
B1206183941623N03224385EA0241902549
B1206193941617N03224391EA0242002551
B1206203941612N03224396EA0242202554
B1206213941607N03224400EA0242302556
B1206223941602N03224404EA0242402556
B1206233941597N03224408EA0242402555
B1206243941590N03224413EA0242302553
B1206253941584N03224418EA0242202551
B1206263941577N03224424EA0242102552
B1206273941571N03224430EA0242102553
B1206283941565N03224436EA0242202555
B1206293941559N03224441EA0242402557
B1206303941553N03224446EA0242602557
B1206313941547N03224451EA0242602557
B1206323941540N03224456EA0242602556
B1206333941532N03224461EA0242502555
B1206343941525N03224465EA0242402555
B1206353941519N03224469EA0242402556
B1206363941512N03224474EA0242402556
B1206373941506N03224478EA0242402555
B1206383941500N03224482EA0242202552
B1206393941493N03224486EA0242002549
B1206403941486N03224491EA0241702546
B1206413941479N03224496EA0241402543
B1206423941473N03224502EA0241102541
B1206433941466N03224508EA0240902539
B1206443941459N03224513EA0240702538
B1206453941452N03224518EA0240702537
B1206463941446N03224523EA0240502534
B1206473941439N03224529EA0240202532
B1206483941433N03224536EA0240002531
B1206493941427N03224542EA0239902532
B1206503941421N03224547EA0240002533
B1206513941415N03224552EA0240102534
B1206523941410N03224557EA0240202534
B1206533941404N03224562EA0240202534
B1206543941399N03224568EA0240202533
B1206553941393N03224574EA0240102533
B1206563941387N03224579EA0240102533
B1206573941380N03224584EA0240102532
B1206583941374N03224588EA0240002531
B1206593941367N03224592EA0239902530
B1207003941360N03224597EA0239802529
B1207013941353N03224602EA0239902530
B1207023941346N03224607EA0240002533
B1207033941340N03224610EA0240202535
B1207043941335N03224614EA0240302536
B1207053941330N03224618EA0240402535
B1207063941324N03224623EA0240302533
B1207073941317N03224629EA0240102531
B1207083941310N03224635EA0240002532
B1207093941303N03224641EA0240002533
B1207103941298N03224647EA0240202535
B1207113941292N03224652EA0240302536
B1207123941287N03224657EA0240402535
B1207133941281N03224662EA0240402534
B1207143941274N03224667EA0240202531
B1207153941267N03224673EA0240002529
B1207163941259N03224678EA0239902528
B1207173941252N03224684EA0239702527
B1207183941245N03224690EA0239702526
B1207193941239N03224695EA0239602526
B1207203941233N03224700EA0239402524
B1207213941227N03224705EA0239202521
B1207223941221N03224710EA0239002518
B1207233941214N03224716EA0238702515
B1207243941208N03224722EA0238402513
B1207253941201N03224728EA0238302513
B1207263941195N03224732EA0238302514
B1207273941189N03224736EA0238402516
B1207283941183N03224738EA0238502517
B1207293941177N03224742EA0238602516
B1207303941171N03224746EA0238502515
B1207313941165N03224752EA0238402513
B1207323941158N03224757EA0238302513
B1207333941151N03224763EA0238202513
B1207343941145N03224767EA0238302515
B1207353941139N03224771EA0238502516
B1207363941134N03224775EA0238502517
B1207373941128N03224779EA0238502515
B1207383941123N03224783EA0238402513
B1207393941117N03224788EA0238202512
B1207403941111N03224794EA0238102511
B1207413941107N03224801EA0238002510
B1207423941103N03224807EA0238002510
B1207433941099N03224813EA0238002511
B1207443941095N03224818EA0238102511
B1207453941091N03224823EA0238102510
B1207463941086N03224827EA0238002509
B1207473941081N03224831EA0237902508
B1207483941076N03224835EA0237802506
B1207493941070N03224839EA0237602505
B1207503941065N03224844EA0237502504
B1207513941060N03224848EA0237402503
B1207523941055N03224852EA0237402502
B1207533941049N03224856EA0237302501
B1207543941044N03224860EA0237202500
B1207553941039N03224864EA0237102499
B1207563941033N03224868EA0237002498
B1207573941028N03224871EA0237002497
B1207583941022N03224875EA0236902496
B1207593941017N03224879EA0236802495
B1208003941012N03224884EA0236802495
B1208013941007N03224888EA0236702494
B1208023941001N03224892EA0236602493
B1208033940996N03224896EA0236602492
B1208043940990N03224900EA0236502492
B1208053940985N03224904EA0236402491
B1208063940980N03224908EA0236402491
B1208073940974N03224912EA0236402491
B1208083940969N03224916EA0236302490
B1208093940964N03224920EA0236302489
B1208103940958N03224924EA0236102487
B1208113940953N03224928EA0236002485
B1208123940947N03224933EA0235802484
B1208133940942N03224938EA0235702482
B1208143940937N03224943EA0235602481
B1208153940932N03224948EA0235402480
B1208163940927N03224952EA0235302478
B1208173940922N03224956EA0235102476
B1208183940917N03224960EA0235002475
B1208193940912N03224963EA0234802472
B1208203940906N03224968EA0234702470
B1208213940901N03224972EA0234502467
B1208223940895N03224976EA0234202465
B1208233940890N03224980EA0234002463
B1208243940884N03224985EA0233902462
B1208253940878N03224988EA0233802461
B1208263940873N03224992EA0233702459
B1208273940867N03224995EA0233502457
B1208283940862N03224999EA0233402455
B1208293940857N03225003EA0233102453
B1208303940851N03225007EA0232902450
B1208313940846N03225011EA0232602448
B1208323940840N03225015EA0232302445
B1208333940834N03225019EA0232102443
B1208343940829N03225022EA0231902440
B1208353940823N03225026EA0231702438
B1208363940818N03225029EA0231402436
B1208373940812N03225033EA0231202433
B1208383940806N03225036EA0231002431
B1208393940801N03225040EA0230802428
B1208403940795N03225043EA0230502426
B1208413940789N03225046EA0230302424
B1208423940783N03225050EA0230102422
B1208433940777N03225053EA0229902420
B1208443940771N03225056EA0229802419
B1208453940766N03225059EA0229702418
B1208463940760N03225062EA0229602417
B1208473940755N03225065EA0229402416
B1208483940750N03225068EA0229202413
B1208493940745N03225071EA0229002410
B1208503940740N03225075EA0228702408
B1208513940735N03225078EA0228402405
B1208523940729N03225082EA0228202403
B1208533940723N03225085EA0228002401
B1208543940717N03225089EA0227802400
B1208553940712N03225092EA0227702399
B1208563940707N03225094EA0227602398
B1208573940701N03225097EA0227402395
B1208583940696N03225100EA0227102392
B1208593940690N03225103EA0226802388
B1209003940684N03225106EA0226502385
B1209013940677N03225109EA0226202382
B1209023940671N03225111EA0225902380
B1209033940665N03225114EA0225702378
B1209043940659N03225116EA0225402375
B1209053940653N03225119EA0225202372
B1209063940647N03225122EA0224902369
B1209073940642N03225126EA0224602366
B1209083940637N03225129EA0224302363
B1209093940631N03225133EA0224002360
B1209103940625N03225135EA0223702358
B1209113940619N03225138EA0223502356
B1209123940613N03225141EA0223302353
B1209133940607N03225144EA0223102351
B1209143940601N03225148EA0222902349
B1209153940595N03225151EA0222802349
B1209163940589N03225154EA0222702348
B1209173940583N03225157EA0222702348
B1209183940577N03225160EA0222602347
B1209193940572N03225162EA0222502345
B1209203940566N03225166EA0222302343
B1209213940560N03225169EA0222102340
B1209223940554N03225173EA0221902338
B1209233940548N03225177EA0221702337
B1209243940543N03225181EA0221602336
B1209253940537N03225185EA0221502334
B1209263940532N03225189EA0221302333
B1209273940526N03225193EA0221102331
B1209283940520N03225197EA0220902328
B1209293940514N03225202EA0220702326
B1209303940508N03225207EA0220602325
B1209313940502N03225213EA0220402324
B1209323940497N03225219EA0220402323
B1209333940492N03225223EA0220302323
B1209343940487N03225228EA0220302323
B1209353940482N03225233EA0220202321
B1209363940476N03225238EA0220002318
B1209373940470N03225245EA0219802316
B1209383940464N03225252EA0219602314
B1209393940458N03225259EA0219502314
B1209403940453N03225266EA0219402315
B1209413940447N03225272EA0219502316
B1209423940442N03225277EA0219602316
B1209433940437N03225282EA0219602316
B1209443940433N03225287EA0219602316
B1209453940428N03225293EA0219402314
B1209463940423N03225298EA0219202312
B1209473940417N03225305EA0219002309
B1209483940411N03225311EA0218702306
B1209493940405N03225318EA0218502305
B1209503940400N03225324EA0218402305
B1209513940395N03225330EA0218402307
B1209523940391N03225335EA0218502308
B1209533940386N03225340EA0218602308
B1209543940382N03225344EA0218602307
B1209553940378N03225349EA0218502306
B1209563940374N03225355EA0218402304
B1209573940370N03225361EA0218202302
B1209583940366N03225368EA0218002301
B1209593940362N03225374EA0218002300
B1210003940357N03225380EA0217902299
B1210013940352N03225386EA0217802298
B1210023940347N03225392EA0217702297
B1210033940342N03225398EA0217702296
B1210043940336N03225404EA0217602295
B1210053940330N03225411EA0217502294
B1210063940325N03225419EA0217302292
B1210073940321N03225427EA0217202291
B1210083940316N03225435EA0217102290
B1210093940312N03225443EA0217002289
B1210103940307N03225450EA0217002289
B1210113940303N03225457EA0217002289
B1210123940298N03225463EA0216902288
B1210133940293N03225469EA0216702286
B1210143940288N03225475EA0216602284
B1210153940282N03225480EA0216402282
B1210163940275N03225486EA0216202280
B1210173940269N03225492EA0216102279
B1210183940263N03225498EA0216002278
B1210193940257N03225504EA0215802277
B1210203940251N03225509EA0215702276
B1210213940244N03225514EA0215702275
B1210223940238N03225519EA0215502274
B1210233940231N03225525EA0215502273
B1210243940225N03225530EA0215402272
B1210253940219N03225536EA0215302272
B1210263940212N03225541EA0215302272
B1210273940206N03225545EA0215202270
B1210283940199N03225550EA0215102269
B1210293940192N03225554EA0214902267
B1210303940185N03225560EA0214802266
B1210313940178N03225565EA0214702265
B1210323940170N03225570EA0214602264
B1210333940163N03225574EA0214602264
B1210343940156N03225579EA0214602264
B1210353940149N03225583EA0214502263
B1210363940142N03225588EA0214502263
B1210373940135N03225593EA0214502263
B1210383940128N03225597EA0214402263
B1210393940121N03225602EA0214502263
B1210403940115N03225606EA0214502263
B1210413940108N03225610EA0214402262
B1210423940101N03225614EA0214402262
B1210433940094N03225619EA0214302260
B1210443940087N03225624EA0214202260
B1210453940081N03225629EA0214202260
B1210463940074N03225634EA0214202260
B1210473940068N03225638EA0214202260
B1210483940061N03225642EA0214102259
B1210493940054N03225646EA0214002257
B1210503940047N03225651EA0213902256
B1210513940040N03225656EA0213802255
B1210523940033N03225660EA0213702254
B1210533940026N03225665EA0213602254
B1210543940019N03225669EA0213602254
B1210553940013N03225673EA0213602254
B1210563940006N03225677EA0213602252
B1210573940000N03225681EA0213402250
B1210583939993N03225685EA0213202248
B1210593939986N03225688EA0213002246
B1211003939978N03225692EA0212802244
B1211013939971N03225696EA0212602242
B1211023939964N03225700EA0212502241
B1211033939957N03225703EA0212402240
B1211043939950N03225706EA0212302239
B1211053939942N03225709EA0212102236
B1211063939935N03225713EA0211802234
B1211073939927N03225717EA0211602231
B1211083939920N03225723EA0211402229
B1211093939913N03225729EA0211302228
B1211103939906N03225735EA0211202228
B1211113939899N03225740EA0211202228
B1211123939892N03225746EA0211202229
B1211133939885N03225751EA0211302230
B1211143939879N03225756EA0211402231
B1211153939873N03225760EA0211502232
B1211163939867N03225764EA0211502232
B1211173939861N03225769EA0211502232
B1211183939855N03225775EA0211502231
B1211193939848N03225782EA0211402230
B1211203939842N03225789EA0211402230
B1211213939836N03225797EA0211402231
B1211223939831N03225803EA0211502234
B1211233939826N03225810EA0211802236
B1211243939821N03225815EA0211902236
B1211253939816N03225820EA0211902235
B1211263939810N03225826EA0211902236
B1211273939803N03225831EA0211902238
B1211283939796N03225836EA0212102242
B1211293939790N03225840EA0212602247
B1211303939785N03225843EA0213002251
B1211313939781N03225848EA0213402253
B1211323939776N03225852EA0213602253
B1211333939770N03225856EA0213702254
B1211343939762N03225859EA0213902257
B1211353939755N03225859EA0214202260
B1211363939748N03225856EA0214502263
B1211373939742N03225852EA0214602263
B1211383939738N03225846EA0214602263
B1211393939735N03225839EA0214702264
B1211403939733N03225833EA0214802265
B1211413939732N03225827EA0214802266
B1211423939732N03225820EA0214802266
B1211433939734N03225815EA0214902267
B1211443939737N03225809EA0215002269
B1211453939741N03225806EA0215202270
B1211463939745N03225804EA0215302272
B1211473939749N03225805EA0215502274
B1211483939753N03225809EA0215702275
B1211493939755N03225815EA0215902277
B1211503939756N03225822EA0216102280
B1211513939754N03225829EA0216302282
B1211523939751N03225835EA0216602285
B1211533939747N03225841EA0216802288
B1211543939742N03225846EA0217102290
B1211553939736N03225849EA0217302293
B1211563939730N03225851EA0217602296
B1211573939724N03225852EA0217902300
B1211583939717N03225852EA0218202302
B1211593939711N03225852EA0218302303
B1212003939705N03225851EA0218402304
B1212013939698N03225850EA0218402303
B1212023939692N03225849EA0218302302
B1212033939685N03225846EA0218102301
B1212043939679N03225841EA0218002299
B1212053939674N03225834EA0217902299
B1212063939671N03225827EA0217802298
B1212073939670N03225819EA0217802298
B1212083939671N03225812EA0217802298
B1212093939673N03225806EA0217802299
B1212103939676N03225802EA0217902301
B1212113939679N03225799EA0218002302
B1212123939683N03225796EA0218102303
B1212133939687N03225795EA0218302304
B1212143939691N03225795EA0218502306
B1212153939694N03225797EA0218702307
B1212163939697N03225801EA0218802308
B1212173939699N03225806EA0218902309
B1212183939701N03225813EA0219002311
B1212193939701N03225820EA0219202314
B1212203939701N03225827EA0219402317
B1212213939700N03225833EA0219702320
B1212223939699N03225838EA0220002323
B1212233939698N03225844EA0220302325
B1212243939695N03225851EA0220602327
B1212253939692N03225857EA0220802329
B1212263939688N03225864EA0221002332
B1212273939682N03225868EA0221202334
B1212283939677N03225872EA0221302335
B1212293939671N03225873EA0221302334
B1212303939665N03225874EA0221302334
B1212313939658N03225874EA0221302334
B1212323939651N03225874EA0221302335
B1212333939644N03225873EA0221402336
B1212343939637N03225873EA0221502338
B1212353939630N03225873EA0221702340
B1212363939623N03225874EA0221902343
B1212373939617N03225875EA0222102345
B1212383939611N03225876EA0222302347
B1212393939605N03225876EA0222402348
B1212403939598N03225873EA0222502348
B1212413939592N03225869EA0222502348
B1212423939587N03225864EA0222602349
B1212433939582N03225858EA0222702351
B1212443939578N03225851EA0222902353
B1212453939575N03225843EA0223102355
B1212463939574N03225836EA0223202356
B1212473939574N03225827EA0223302358
B1212483939575N03225819EA0223402359
B1212493939577N03225813EA0223602361
B1212503939579N03225807EA0223702362
B1212513939581N03225802EA0223902363
B1212523939584N03225798EA0224002364
B1212533939588N03225794EA0224102364
B1212543939592N03225791EA0224102365
B1212553939597N03225791EA0224202365
B1212563939601N03225792EA0224202366
B1212573939605N03225796EA0224302366
B1212583939607N03225802EA0224302367
B1212593939609N03225808EA0224402367
B1213003939610N03225815EA0224402367
B1213013939610N03225822EA0224402367
B1213023939608N03225828EA0224302366
B1213033939606N03225835EA0224302366
B1213043939603N03225842EA0224402367
B1213053939600N03225848EA0224502369
B1213063939598N03225854EA0224602370
B1213073939595N03225860EA0224702371
B1213083939591N03225866EA0224802372
B1213093939587N03225871EA0224802372
B1213103939582N03225876EA0224802372
B1213113939577N03225881EA0224802372
B1213123939571N03225885EA0224802373
B1213133939564N03225889EA0224902374
B1213143939558N03225893EA0225102376
B1213153939552N03225897EA0225202377
B1213163939547N03225901EA0225402379
B1213173939541N03225905EA0225602381
B1213183939535N03225909EA0225702384
B1213193939528N03225912EA0225902385
B1213203939522N03225914EA0226102387
B1213213939515N03225916EA0226302389
B1213223939508N03225919EA0226502391
B1213233939502N03225922EA0226602393
B1213243939497N03225925EA0226802395
B1213253939491N03225929EA0227002397
B1213263939486N03225932EA0227102398
B1213273939479N03225935EA0227202397
B1213283939472N03225936EA0227202398
B1213293939463N03225936EA0227302398
B1213303939456N03225934EA0227402400
B1213313939449N03225929EA0227602402
B1213323939444N03225923EA0227802403
B1213333939442N03225916EA0227902404
B1213343939441N03225909EA0227902404
B1213353939441N03225901EA0227902404
B1213363939443N03225895EA0227902404
B1213373939446N03225891EA0228002404
B1213383939450N03225888EA0228102405
B1213393939453N03225888EA0228202406
B1213403939457N03225890EA0228202406
B1213413939460N03225894EA0228202406
B1213423939462N03225900EA0228302406
B1213433939463N03225906EA0228302408
B1213443939463N03225913EA0228502411
B1213453939461N03225920EA0228702412
B1213463939458N03225926EA0228802414
B1213473939455N03225931EA0229002415
B1213483939451N03225936EA0229002416
B1213493939445N03225941EA0229102416
B1213503939439N03225944EA0229202417
B1213513939432N03225947EA0229202417
B1213523939424N03225948EA0229202417
B1213533939416N03225949EA0229202417
B1213543939409N03225950EA0229302418
B1213553939402N03225949EA0229302419
B1213563939395N03225948EA0229402420
B1213573939387N03225946EA0229502420
B1213583939380N03225941EA0229502420
B1213593939374N03225936EA0229502420
B1214003939368N03225929EA0229502421
B1214013939362N03225922EA0229602422
B1214023939359N03225915EA0229702423
B1214033939357N03225908EA0229702423
B1214043939356N03225900EA0229602422
B1214053939355N03225893EA0229602422
B1214063939356N03225887EA0229602422
B1214073939357N03225881EA0229502422
B1214083939359N03225876EA0229502421
B1214093939362N03225871EA0229402420
B1214103939365N03225866EA0229402419
B1214113939369N03225864EA0229302418
B1214123939374N03225865EA0229102416
B1214133939378N03225870EA0229002414
B1214143939380N03225878EA0228802414
B1214153939381N03225885EA0228902418
B1214163939380N03225892EA0229102421
B1214173939377N03225898EA0229402423
B1214183939374N03225903EA0229502423
B1214193939370N03225909EA0229602423
B1214203939365N03225915EA0229502422
B1214213939360N03225920EA0229502422
B1214223939353N03225925EA0229502422
B1214233939346N03225930EA0229502422
B1214243939339N03225935EA0229402421
B1214253939332N03225940EA0229402422
B1214263939325N03225946EA0229502423
B1214273939319N03225952EA0229502424
B1214283939312N03225957EA0229702425
B1214293939304N03225962EA0229802425
B1214303939297N03225967EA0229902426
B1214313939290N03225973EA0229902426
B1214323939284N03225978EA0229902426
B1214333939277N03225983EA0229902426
B1214343939269N03225988EA0229802425
B1214353939260N03225992EA0229702424
B1214363939251N03225996EA0229602423
B1214373939243N03226001EA0229502422
B1214383939235N03226006EA0229502422
B1214393939226N03226010EA0229502422
B1214403939218N03226013EA0229402421
B1214413939209N03226017EA0229402420
B1214423939200N03226022EA0229202418
B1214433939192N03226028EA0229102417
B1214443939183N03226034EA0229002417
B1214453939175N03226039EA0229002417
B1214463939167N03226044EA0229002417
B1214473939159N03226049EA0229002416
B1214483939150N03226054EA0228802413
B1214493939142N03226061EA0228602411
B1214503939133N03226067EA0228502411
B1214513939124N03226074EA0228502411
B1214523939116N03226080EA0228502412
B1214533939109N03226085EA0228602413
B1214543939101N03226091EA0228702414
B1214553939093N03226097EA0228702413
B1214563939085N03226103EA0228702413
B1214573939076N03226109EA0228702413
B1214583939067N03226115EA0228702413
B1214593939059N03226121EA0228802415
B1215003939051N03226127EA0228902416
B1215013939044N03226132EA0229002417
B1215023939037N03226137EA0229102417
B1215033939029N03226143EA0229102416
B1215043939021N03226149EA0228902414
B1215053939013N03226155EA0228802413
B1215063939005N03226160EA0228702413
B1215073938997N03226166EA0228702413
B1215083938989N03226171EA0228702413
B1215093938982N03226176EA0228702412
B1215103938975N03226181EA0228602411
B1215113938968N03226186EA0228502410
B1215123938960N03226191EA0228402409
B1215133938953N03226197EA0228302408
B1215143938945N03226201EA0228302408
B1215153938938N03226206EA0228202408
B1215163938931N03226210EA0228202408
B1215173938924N03226214EA0228102406
B1215183938916N03226219EA0228002404
B1215193938908N03226225EA0227902403
B1215203938899N03226231EA0227802403
B1215213938891N03226236EA0227802404
B1215223938883N03226242EA0227902405
B1215233938875N03226247EA0228002406
B1215243938867N03226251EA0228102407
B1215253938860N03226256EA0228102406
B1215263938852N03226261EA0228102406
B1215273938844N03226267EA0228102406
B1215283938837N03226272EA0228002406
B1215293938829N03226277EA0228002406
B1215303938821N03226281EA0228002406
B1215313938814N03226286EA0228002404
B1215323938805N03226290EA0227802403
B1215333938797N03226296EA0227602401
B1215343938789N03226302EA0227402399
B1215353938780N03226307EA0227302399
B1215363938773N03226313EA0227202398
B1215373938765N03226319EA0227302398
B1215383938758N03226325EA0227302398
B1215393938751N03226331EA0227202397
B1215403938744N03226337EA0227102396
B1215413938736N03226342EA0227002393
B1215423938728N03226349EA0226802391
B1215433938721N03226355EA0226602389
B1215443938712N03226361EA0226302387
B1215453938704N03226367EA0226202386
B1215463938696N03226372EA0226002385
B1215473938688N03226377EA0226002384
B1215483938680N03226382EA0225902383
B1215493938673N03226387EA0225802381
B1215503938665N03226392EA0225602378
B1215513938657N03226397EA0225302376
B1215523938648N03226401EA0225002373
B1215533938640N03226405EA0224802370
B1215543938632N03226409EA0224502367
B1215553938624N03226414EA0224102363
B1215563938616N03226419EA0223902361
B1215573938607N03226423EA0223702360
B1215583938599N03226427EA0223602360
B1215593938592N03226430EA0223602360
B1216003938585N03226433EA0223602360
B1216013938578N03226436EA0223602358
B1216023938571N03226440EA0223402356
B1216033938564N03226444EA0223202354
B1216043938557N03226450EA0222902351
B1216053938550N03226455EA0222702350
B1216063938543N03226460EA0222602351
B1216073938535N03226463EA0222602351
B1216083938528N03226465EA0222502350
B1216093938522N03226467EA0222502349
B1216103938515N03226470EA0222302347
B1216113938508N03226473EA0222102343
B1216123938501N03226476EA0221702339
B1216133938493N03226480EA0221402336
B1216143938486N03226483EA0221102334
B1216153938479N03226486EA0220902333
B1216163938471N03226488EA0220902332
B1216173938465N03226491EA0220802331
B1216183938458N03226494EA0220602330
B1216193938452N03226498EA0220502328
B1216203938445N03226502EA0220302326
B1216213938438N03226506EA0220102323
B1216223938431N03226510EA0219802320
B1216233938423N03226515EA0219602318
B1216243938416N03226519EA0219502317
B1216253938410N03226523EA0219402316
B1216263938405N03226528EA0219202315
B1216273938399N03226533EA0219102313
B1216283938394N03226538EA0218902311
B1216293938388N03226542EA0218702309
B1216303938381N03226547EA0218602307
B1216313938375N03226552EA0218402306
B1216323938369N03226557EA0218302304
B1216333938362N03226561EA0218102302
B1216343938355N03226565EA0218002301
B1216353938348N03226569EA0217902300
B1216363938342N03226574EA0217702299
B1216373938335N03226578EA0217602298
B1216383938329N03226582EA0217602297
B1216393938322N03226586EA0217502297
B1216403938315N03226590EA0217402296
B1216413938309N03226594EA0217402295
B1216423938302N03226598EA0217302294
B1216433938296N03226602EA0217202294
B1216443938289N03226605EA0217202294
B1216453938282N03226608EA0217202294
B1216463938276N03226610EA0217202293
B1216473938268N03226613EA0217102293
B1216483938261N03226616EA0217102292
B1216493938254N03226619EA0217002291
B1216503938246N03226622EA0217002291
B1216513938239N03226625EA0217002291
B1216523938232N03226628EA0217102292
B1216533938225N03226631EA0217102293
B1216543938219N03226634EA0217202294
B1216553938213N03226637EA0217202294
B1216563938206N03226639EA0217202293
B1216573938198N03226642EA0217102292
B1216583938191N03226645EA0217002290
B1216593938184N03226648EA0216902290
B1217003938177N03226652EA0217002291
B1217013938171N03226655EA0217002292
B1217023938166N03226658EA0217102293
B1217033938160N03226661EA0217202292
B1217043938154N03226664EA0217102291
B1217053938147N03226667EA0216902289
B1217063938140N03226670EA0216702287
B1217073938132N03226673EA0216602285
B1217083938125N03226677EA0216502285
B1217093938118N03226680EA0216402285
B1217103938112N03226683EA0216402285
B1217113938105N03226686EA0216402284
B1217123938098N03226688EA0216302283
B1217133938092N03226692EA0216202281
B1217143938084N03226695EA0216002280
B1217153938077N03226699EA0216002280
B1217163938070N03226702EA0216002280
B1217173938063N03226705EA0216002281
B1217183938057N03226707EA0216102281
B1217193938051N03226710EA0216002280
B1217203938044N03226712EA0215802277
B1217213938036N03226715EA0215602274
B1217223938028N03226718EA0215402272
B1217233938020N03226721EA0215102270
B1217243938012N03226724EA0215002268
B1217253938004N03226727EA0214802267
B1217263937998N03226731EA0214602265
B1217273937992N03226734EA0214402263
B1217283937985N03226738EA0214202260
B1217293937978N03226742EA0213902256
B1217303937970N03226745EA0213502253
B1217313937963N03226749EA0213202250
B1217323937956N03226753EA0213102248
B1217333937949N03226757EA0212902247
B1217343937943N03226760EA0212702245
B1217353937936N03226764EA0212502242
B1217363937928N03226768EA0212302240
B1217373937921N03226772EA0212002237
B1217383937913N03226775EA0211802236
B1217393937906N03226778EA0211702235
B1217403937899N03226780EA0211602234
B1217413937892N03226782EA0211502232
B1217423937886N03226784EA0211302230
B1217433937879N03226787EA0211002227
B1217443937871N03226790EA0210802224
B1217453937864N03226794EA0210602222
B1217463937857N03226799EA0210402221
B1217473937851N03226803EA0210302220
B1217483937845N03226807EA0210302220
B1217493937840N03226811EA0210302220
B1217503937834N03226816EA0210202219
B1217513937829N03226820EA0210102218
B1217523937824N03226825EA0210002216
B1217533937818N03226830EA0209802214
B1217543937812N03226835EA0209602212
B1217553937806N03226840EA0209502211
B1217563937800N03226844EA0209402211
B1217573937795N03226848EA0209302210
B1217583937789N03226852EA0209202208
B1217593937784N03226856EA0209102206
B1218003937778N03226861EA0208802202
B1218013937773N03226866EA0208502199
B1218023937767N03226871EA0208202197
B1218033937761N03226876EA0208002195
B1218043937756N03226882EA0207802193
B1218053937751N03226887EA0207602191
B1218063937747N03226892EA0207402189
B1218073937743N03226898EA0207202185
B1218083937739N03226905EA0206902182
B1218093937734N03226912EA0206502179
B1218103937729N03226918EA0206302178
B1218113937725N03226925EA0206202177
B1218123937721N03226931EA0206102176
B1218133937717N03226936EA0206002175
B1218143937713N03226941EA0205902173
B1218153937708N03226947EA0205602170
B1218163937703N03226953EA0205302167
B1218173937697N03226959EA0205102165
B1218183937691N03226965EA0204902163
B1218193937685N03226971EA0204802162
B1218203937679N03226975EA0204702162
B1218213937672N03226979EA0204702161
B1218223937665N03226983EA0204602160
B1218233937659N03226987EA0204502159
B1218243937652N03226992EA0204402157
B1218253937646N03226996EA0204202154
B1218263937638N03227001EA0204002152
B1218273937631N03227006EA0203802151
B1218283937623N03227010EA0203702151
B1218293937616N03227014EA0203702151
B1218303937610N03227018EA0203602150
B1218313937604N03227023EA0203502148
B1218323937598N03227028EA0203202145
B1218333937592N03227033EA0202902141
B1218343937585N03227039EA0202602138
B1218353937578N03227046EA0202402135
B1218363937571N03227053EA0202202134
B1218373937564N03227059EA0202002134
B1218383937556N03227064EA0202102136
B1218393937549N03227068EA0202202137
B1218403937543N03227072EA0202202136
B1218413937537N03227077EA0202202135
B1218423937531N03227082EA0201902132
B1218433937525N03227089EA0201702129
B1218443937518N03227095EA0201502127
B1218453937512N03227101EA0201302126
B1218463937506N03227107EA0201202124
B1218473937500N03227113EA0201002123
B1218483937494N03227119EA0200902121
B1218493937489N03227126EA0200702119
B1218503937484N03227133EA0200502116
B1218513937478N03227141EA0200302114
B1218523937471N03227149EA0200102115
B1218533937466N03227156EA0200202118
B1218543937461N03227163EA0200402119
B1218553937456N03227169EA0200602120
B1218563937452N03227176EA0200602119
B1218573937447N03227183EA0200502117
B1218583937443N03227192EA0200302115
B1218593937438N03227201EA0200102114
B1219003937434N03227211EA0200102114
B1219013937430N03227219EA0200202116
B1219023937426N03227227EA0200202117
B1219033937420N03227234EA0200302117
B1219043937415N03227240EA0200402117
B1219053937409N03227247EA0200402116
B1219063937404N03227255EA0200202114
B1219073937398N03227263EA0200002112
B1219083937392N03227272EA0199902111
B1219093937386N03227280EA0199802110
B1219103937379N03227287EA0199802111
B1219113937373N03227294EA0199902112
B1219123937366N03227300EA0200002114
B1219133937360N03227306EA0200102115
B1219143937353N03227312EA0200202115
B1219153937345N03227319EA0200202115
B1219163937338N03227326EA0200302115
B1219173937332N03227335EA0200302115
B1219183937325N03227344EA0200202116
B1219193937319N03227353EA0200302118
B1219203937311N03227360EA0200502119
B1219213937304N03227367EA0200602120
B1219223937297N03227374EA0200702120
B1219233937290N03227382EA0200702120
B1219243937283N03227391EA0200602119
B1219253937276N03227400EA0200602120
B1219263937270N03227408EA0200802122
B1219273937264N03227414EA0201002123
B1219283937257N03227421EA0201102124
B1219293937251N03227426EA0201102124
B1219303937244N03227432EA0201002122
B1219313937237N03227440EA0200702119
B1219323937231N03227448EA0200502118
B1219333937225N03227457EA0200502117
B1219343937218N03227465EA0200402117
B1219353937211N03227472EA0200402117
B1219363937204N03227478EA0200402117
B1219373937197N03227485EA0200302116
B1219383937190N03227492EA0200202115
B1219393937183N03227499EA0200002113
B1219403937175N03227507EA0199902111
B1219413937167N03227513EA0199802111
B1219423937158N03227520EA0199702110
B1219433937151N03227526EA0199602110
B1219443937144N03227533EA0199602110
B1219453937138N03227540EA0199502109
B1219463937132N03227548EA0199402107
B1219473937126N03227556EA0199202105
B1219483937119N03227565EA0199002102
B1219493937113N03227573EA0198802100
B1219503937106N03227582EA0198702100
B1219513937099N03227589EA0198602099
B1219523937093N03227596EA0198502097
B1219533937086N03227603EA0198302095
B1219543937079N03227611EA0198102092
B1219553937072N03227619EA0197802089
B1219563937065N03227627EA0197602088
B1219573937058N03227635EA0197502087
B1219583937051N03227641EA0197402087
B1219593937044N03227647EA0197402086
B1220003937038N03227654EA0197202083
B1220013937031N03227662EA0197002080
B1220023937025N03227670EA0196702078
B1220033937019N03227678EA0196502076
B1220043937012N03227686EA0196302074
B1220053937005N03227692EA0196102072
B1220063936997N03227698EA0195902069
B1220073936990N03227706EA0195602066
B1220083936983N03227714EA0195302063
B1220093936975N03227722EA0195202062
B1220103936968N03227729EA0195102062
B1220113936961N03227735EA0195002061
B1220123936953N03227740EA0194902060
B1220133936946N03227746EA0194802057
B1220143936939N03227753EA0194502055
B1220153936932N03227760EA0194302053
B1220163936925N03227766EA0194202052
B1220173936919N03227772EA0194102052
B1220183936913N03227778EA0194002051
B1220193936908N03227783EA0193902049
B1220203936903N03227788EA0193702045
B1220213936897N03227793EA0193302040
B1220223936891N03227799EA0192802036
B1220233936884N03227806EA0192402032
B1220243936878N03227812EA0192102029
B1220253936872N03227818EA0191802027
B1220263936867N03227824EA0191602026
B1220273936863N03227829EA0191502023
B1220283936858N03227835EA0191202020
B1220293936853N03227841EA0190902016
B1220303936848N03227847EA0190502011
B1220313936843N03227855EA0190202008
B1220323936838N03227862EA0189902005
B1220333936832N03227868EA0189602003
B1220343936827N03227875EA0189402001
B1220353936822N03227882EA0189201999
B1220363936818N03227889EA0189101996
B1220373936813N03227895EA0188801994
B1220383936808N03227902EA0188601992
B1220393936803N03227909EA0188401991
B1220403936798N03227916EA0188201988
B1220413936794N03227923EA0188001986
B1220423936791N03227931EA0187801983
B1220433936786N03227940EA0187501980
B1220443936781N03227948EA0187301979
B1220453936776N03227956EA0187301979
B1220463936770N03227964EA0187301980
B1220473936766N03227971EA0187301981
B1220483936762N03227978EA0187401981
B1220493936759N03227985EA0187301981
B1220503936756N03227992EA0187301980
B1220513936753N03227999EA0187201979
B1220523936749N03228006EA0187201979
B1220533936745N03228013EA0187101979
B1220543936742N03228020EA0187101978
B1220553936739N03228027EA0187001977
B1220563936735N03228035EA0186901975
B1220573936732N03228042EA0186701973
B1220583936728N03228051EA0186601972
B1220593936725N03228059EA0186401971
B1221003936720N03228067EA0186301970
B1221013936715N03228073EA0186301970
B1221023936710N03228078EA0186201969
B1221033936705N03228083EA0186101966
B1221043936699N03228089EA0185801963
B1221053936694N03228096EA0185501959
B1221063936688N03228104EA0185101956
B1221073936683N03228112EA0184901955
B1221083936677N03228118EA0184901955
B1221093936671N03228123EA0184901955
B1221103936666N03228128EA0184901954
B1221113936660N03228135EA0184701952
B1221123936655N03228142EA0184401949
B1221133936648N03228149EA0184201947
B1221143936639N03228156EA0184001946
B1221153936631N03228161EA0184201949
B1221163936624N03228164EA0184401952
B1221173936617N03228167EA0184601954
B1221183936610N03228171EA0184801954
B1221193936603N03228174EA0184701952
B1221203936596N03228178EA0184601951
B1221213936588N03228181EA0184501951
B1221223936580N03228182EA0184501951
B1221233936572N03228182EA0184501950
B1221243936565N03228179EA0184501950
B1221253936557N03228175EA0184401949
B1221263936551N03228170EA0184301948
B1221273936545N03228164EA0184201946
B1221283936541N03228157EA0184001944
B1221293936538N03228149EA0183901943
B1221303936537N03228142EA0183701941
B1221313936537N03228135EA0183601940
B1221323936539N03228129EA0183501939
B1221333936541N03228125EA0183401939
B1221343936543N03228123EA0183401938
B1221353936546N03228123EA0183301936
B1221363936548N03228123EA0183201935
B1221373936551N03228125EA0183101934
B1221383936553N03228127EA0182901933
B1221393936555N03228129EA0182801932
B1221403936556N03228134EA0182701930
B1221413936556N03228139EA0182601929
B1221423936555N03228146EA0182401927
B1221433936552N03228152EA0182301926
B1221443936550N03228159EA0182301926
B1221453936547N03228165EA0182301928
B1221463936544N03228170EA0182401928
B1221473936540N03228175EA0182401928
B1221483936537N03228180EA0182401927
B1221493936532N03228185EA0182301926
B1221503936527N03228190EA0182201925
B1221513936521N03228195EA0182201925
B1221523936515N03228199EA0182101925
B1221533936509N03228204EA0182101924
B1221543936503N03228209EA0182101924
B1221553936497N03228214EA0182001923
B1221563936491N03228220EA0181901922
B1221573936485N03228227EA0181801921
B1221583936478N03228233EA0181701921
B1221593936471N03228239EA0181701921
B1222003936463N03228244EA0181701922
B1222013936456N03228249EA0181801923
B1222023936449N03228253EA0181901923
B1222033936442N03228258EA0181901923
B1222043936435N03228263EA0181801922
B1222053936428N03228268EA0181701921
B1222063936420N03228273EA0181601919
B1222073936412N03228279EA0181501918
B1222083936404N03228284EA0181301917
B1222093936396N03228289EA0181301917
B1222103936388N03228293EA0181201916
B1222113936380N03228297EA0181101915
B1222123936372N03228302EA0181001914
B1222133936364N03228306EA0180801912
B1222143936355N03228310EA0180701910
B1222153936347N03228315EA0180501908
B1222163936338N03228319EA0180301906
B1222173936328N03228322EA0180101905
B1222183936319N03228324EA0180001904
B1222193936310N03228325EA0179901904
B1222203936301N03228327EA0179901903
B1222213936292N03228330EA0179801902
B1222223936284N03228332EA0179701900
B1222233936276N03228334EA0179601899
B1222243936267N03228336EA0179401897
B1222253936258N03228339EA0179301896
B1222263936250N03228342EA0179201895
B1222273936241N03228346EA0179101894
B1222283936232N03228348EA0179001893
B1222293936222N03228350EA0178901892
B1222303936212N03228351EA0178901892
B1222313936201N03228353EA0178901892
B1222323936191N03228354EA0178901893
B1222333936181N03228355EA0178901894
B1222343936172N03228357EA0178901893
B1222353936163N03228359EA0178801891
B1222363936153N03228361EA0178501887
B1222373936142N03228363EA0178101883
B1222383936132N03228365EA0177801880
B1222393936122N03228368EA0177601878
B1222403936113N03228371EA0177301876
B1222413936104N03228373EA0177101874
B1222423936094N03228376EA0176901871
B1222433936084N03228378EA0176601867
B1222443936074N03228380EA0176301865
B1222453936063N03228383EA0176201864
B1222463936054N03228385EA0176001863
B1222473936044N03228387EA0175901861
B1222483936035N03228389EA0175701860
B1222493936025N03228392EA0175501857
B1222503936015N03228396EA0175301855
B1222513936005N03228399EA0175101853
B1222523935995N03228403EA0174901851
B1222533935985N03228406EA0174801851
B1222543935976N03228409EA0174801850
B1222553935967N03228412EA0174701849
B1222563935957N03228415EA0174501847
B1222573935947N03228418EA0174301844
B1222583935937N03228422EA0174101841
B1222593935926N03228426EA0173901839
B1223003935916N03228429EA0173701838
B1223013935905N03228431EA0173601838
B1223023935895N03228432EA0173601837
B1223033935886N03228434EA0173501838
B1223043935876N03228436EA0173501838
B1223053935867N03228439EA0173401837
B1223063935857N03228441EA0173301835
B1223073935847N03228444EA0173101834
B1223083935838N03228446EA0173001832
B1223093935828N03228449EA0172901831
B1223103935818N03228452EA0172701829
B1223113935808N03228455EA0172601827
B1223123935797N03228457EA0172401826
B1223133935787N03228459EA0172401826
B1223143935777N03228461EA0172301825
B1223153935767N03228462EA0172401826
B1223163935757N03228464EA0172501827
B1223173935747N03228467EA0172601830
B1223183935739N03228470EA0172901833
B1223193935731N03228473EA0173101836
B1223203935724N03228477EA0173401837
B1223213935717N03228481EA0173501837
B1223223935709N03228485EA0173401835
B1223233935700N03228489EA0173201832
B1223243935690N03228492EA0173001830
B1223253935682N03228494EA0172801829
B1223263935674N03228497EA0172701828
B1223273935667N03228501EA0172601826
B1223283935661N03228504EA0172401824
B1223293935654N03228507EA0172101820
B1223303935647N03228508EA0171701815
B1223313935640N03228507EA0171301810
B1223323935632N03228505EA0170701806
B1223333935623N03228503EA0170301802
B1223343935614N03228502EA0170001800
B1223353935605N03228502EA0169901801
B1223363935598N03228503EA0169901802
B1223373935592N03228504EA0170001802
B1223383935586N03228504EA0169901801
B1223393935580N03228505EA0169801799
B1223403935573N03228505EA0169601795
B1223413935564N03228506EA0169301792
B1223423935556N03228506EA0169101791
B1223433935548N03228505EA0169001791
B1223443935540N03228505EA0169001792
B1223453935533N03228505EA0169001792
B1223463935527N03228505EA0169001791
B1223473935520N03228506EA0168801788
B1223483935512N03228508EA0168501785
B1223493935504N03228509EA0168301783
B1223503935496N03228511EA0168101780
B1223513935488N03228512EA0167901779
B1223523935481N03228513EA0167701777
B1223533935474N03228513EA0167601775
B1223543935467N03228514EA0167301771
B1223553935459N03228515EA0166901766
B1223563935451N03228518EA0166401761
B1223573935442N03228519EA0166001755
B1223583935433N03228519EA0165501751
B1223593935424N03228519EA0165001747
B1224003935415N03228518EA0164701744
B1224013935407N03228518EA0164501742
B1224023935399N03228519EA0164201739
B1224033935392N03228521EA0163901735
B1224043935383N03228522EA0163501730
B1224053935374N03228523EA0163001725
B1224063935365N03228522EA0162601721
B1224073935356N03228522EA0162301720
B1224083935347N03228521EA0162201720
B1224093935340N03228522EA0162301721
B1224103935333N03228522EA0162401722
B1224113935325N03228523EA0162401721
B1224123935318N03228523EA0162201718
B1224133935309N03228524EA0162001715
B1224143935300N03228526EA0161701712
B1224153935290N03228527EA0161501710
B1224163935280N03228529EA0161401710
B1224173935271N03228529EA0161401711
B1224183935262N03228529EA0161401712
B1224193935254N03228530EA0161401711
B1224203935246N03228531EA0161401710
B1224213935238N03228533EA0161301708
B1224223935230N03228536EA0161101706
B1224233935221N03228539EA0160901704
B1224243935213N03228541EA0160701703
B1224253935204N03228543EA0160601701
B1224263935195N03228544EA0160401699
B1224273935187N03228545EA0160201698
B1224283935178N03228545EA0160201698
B1224293935170N03228546EA0160201697
B1224303935162N03228546EA0160101696
B1224313935155N03228546EA0159901694
B1224323935147N03228546EA0159701691
B1224333935140N03228546EA0159401688
B1224343935132N03228547EA0159101685
B1224353935124N03228547EA0158801681
B1224363935115N03228547EA0158401677
B1224373935107N03228547EA0158001674
B1224383935098N03228546EA0157701670
B1224393935090N03228546EA0157401667
B1224403935083N03228546EA0157101664
B1224413935075N03228547EA0156701660
B1224423935067N03228547EA0156401656
B1224433935059N03228548EA0156101653
B1224443935050N03228548EA0155801651
B1224453935041N03228548EA0155701650
B1224463935033N03228548EA0155601650
B1224473935026N03228548EA0155501648
B1224483935018N03228551EA0155301645
B1224493935010N03228553EA0155101642
B1224503935002N03228556EA0154801641
B1224513934994N03228557EA0154601642
B1224523934988N03228557EA0154701643
B1224533934982N03228557EA0154901644
B1224543934977N03228558EA0154901642
B1224553934971N03228558EA0154601638
B1224563934965N03228559EA0154201633
B1224573934957N03228559EA0153801629
B1224583934950N03228560EA0153601628
B1224593934943N03228562EA0153501629
B1225003934937N03228564EA0153601630
B1225013934931N03228566EA0153601630
B1225023934925N03228567EA0153601628
B1225033934919N03228569EA0153501625
B1225043934912N03228572EA0153101621
B1225053934903N03228576EA0152701617
B1225063934895N03228579EA0152401616
B1225073934888N03228581EA0152301615
B1225083934881N03228581EA0152201614
B1225093934875N03228580EA0152101612
B1225103934868N03228581EA0151801608
B1225113934862N03228582EA0151401604
B1225123934854N03228584EA0151001598
B1225133934846N03228585EA0150501594
B1225143934838N03228585EA0150201592
B1225153934831N03228584EA0150001590
B1225163934824N03228583EA0149801588
B1225173934818N03228581EA0149601585
B1225183934811N03228580EA0149301580
B1225193934803N03228580EA0148801576
B1225203934794N03228579EA0148401572
B1225213934785N03228577EA0148201571
B1225223934777N03228575EA0148101571
B1225233934770N03228574EA0148101570
B1225243934764N03228572EA0147801567
B1225253934756N03228571EA0147601563
B1225263934747N03228568EA0147101557
B1225273934738N03228565EA0146601552
B1225283934729N03228560EA0146301551
B1225293934720N03228557EA0146201552
B1225303934713N03228554EA0146401553
B1225313934707N03228551EA0146401552
B1225323934700N03228549EA0146201550
B1225333934692N03228546EA0145901546
B1225343934683N03228542EA0145601542
B1225353934674N03228539EA0145301540
B1225363934665N03228537EA0145101540
B1225373934656N03228535EA0145101542
B1225383934649N03228534EA0145201542
B1225393934641N03228532EA0145101541
B1225403934634N03228530EA0145001539
B1225413934624N03228528EA0144701536
B1225423934614N03228527EA0144501534
B1225433934603N03228527EA0144301534
B1225443934594N03228527EA0144401537
B1225453934587N03228525EA0144601538
B1225463934580N03228524EA0144801538
B1225473934572N03228523EA0144801537
B1225483934562N03228523EA0144601535
B1225493934552N03228524EA0144501534
B1225503934543N03228525EA0144501536
B1225513934534N03228526EA0144801539
B1225523934526N03228526EA0145001540
B1225533934518N03228526EA0145201541
B1225543934510N03228526EA0145301541
B1225553934502N03228526EA0145301541
B1225563934492N03228527EA0145301541
B1225573934483N03228528EA0145401543
B1225583934473N03228529EA0145501545
B1225593934465N03228529EA0145701547
B1226003934457N03228528EA0145901549
B1226013934449N03228525EA0146101551
B1226023934443N03228520EA0146301552
B1226033934438N03228514EA0146401552
B1226043934434N03228506EA0146501553
B1226053934433N03228499EA0146501553
B1226063934434N03228492EA0146501553
B1226073934436N03228487EA0146601554
B1226083934439N03228484EA0146601554
B1226093934442N03228484EA0146601555
B1226103934445N03228487EA0146701556
B1226113934446N03228493EA0146801557
B1226123934446N03228499EA0146801557
B1226133934445N03228506EA0146801558
B1226143934443N03228512EA0146901558
B1226153934439N03228519EA0146901558
B1226163934434N03228526EA0147001558
B1226173934427N03228532EA0147001559
B1226183934419N03228536EA0147001559
B1226193934411N03228539EA0147001559
B1226203934402N03228541EA0147101561
B1226213934394N03228542EA0147201562
B1226223934386N03228544EA0147301563
B1226233934377N03228545EA0147401564
B1226243934369N03228546EA0147501565
B1226253934360N03228548EA0147601565
B1226263934352N03228548EA0147701566
B1226273934344N03228548EA0147801567
B1226283934336N03228546EA0147801567
B1226293934329N03228542EA0147901567
B1226303934324N03228536EA0147901567
B1226313934320N03228529EA0147801566
B1226323934317N03228521EA0147801565
B1226333934315N03228513EA0147701565
B1226343934315N03228506EA0147701566
B1226353934316N03228501EA0147801566
B1226363934319N03228498EA0147801566
B1226373934322N03228496EA0147801566
B1226383934325N03228498EA0147801566
B1226393934328N03228503EA0147901567
B1226403934328N03228510EA0147901568
B1226413934325N03228519EA0148001569
B1226423934321N03228526EA0148101570
B1226433934315N03228531EA0148201572
B1226443934308N03228535EA0148301573
B1226453934301N03228538EA0148401573
B1226463934293N03228540EA0148401573
B1226473934285N03228543EA0148301572
B1226483934277N03228545EA0148201571
B1226493934267N03228547EA0148201572
B1226503934258N03228549EA0148301573
B1226513934250N03228549EA0148401575
B1226523934242N03228549EA0148501576
B1226533934235N03228548EA0148601577
B1226543934227N03228547EA0148701577
B1226553934219N03228546EA0148801578
B1226563934212N03228543EA0148801578
B1226573934204N03228540EA0148801578
B1226583934197N03228534EA0148901579
B1226593934193N03228527EA0149001580
B1227003934191N03228520EA0149101581
B1227013934191N03228515EA0149201583
B1227023934192N03228510EA0149401584
B1227033934195N03228508EA0149501585
B1227043934199N03228509EA0149601586
B1227053934202N03228512EA0149701587
B1227063934203N03228518EA0149801588
B1227073934203N03228525EA0150001590
B1227083934201N03228533EA0150101592
B1227093934197N03228540EA0150301594
B1227103934192N03228546EA0150501596
B1227113934187N03228551EA0150601597
B1227123934180N03228554EA0150601596
B1227133934173N03228557EA0150501595
B1227143934165N03228559EA0150401594
B1227153934156N03228562EA0150401593
B1227163934147N03228565EA0150301594
B1227173934139N03228570EA0150401595
B1227183934130N03228574EA0150501597
B1227193934123N03228579EA0150701599
B1227203934115N03228584EA0151001602
B1227213934107N03228589EA0151201604
B1227223934099N03228593EA0151401607
B1227233934092N03228598EA0151701610
B1227243934084N03228602EA0152001613
B1227253934078N03228605EA0152301616
B1227263934071N03228608EA0152501618
B1227273934063N03228609EA0152601618
B1227283934056N03228608EA0152701618
B1227293934050N03228604EA0152601618
B1227303934046N03228598EA0152601618
B1227313934044N03228592EA0152701619
B1227323934045N03228586EA0152801621
B1227333934047N03228582EA0153001623
B1227343934050N03228580EA0153201627
B1227353934052N03228580EA0153501629
B1227363934053N03228580EA0153701631
B1227373934055N03228581EA0153801631
B1227383934058N03228583EA0153801630
B1227393934061N03228588EA0153701628
B1227403934065N03228594EA0153501627
B1227413934066N03228603EA0153601629
B1227423934065N03228613EA0153701632
B1227433934062N03228621EA0154001634
B1227443934057N03228628EA0154201636
B1227453934050N03228635EA0154301636
B1227463934043N03228641EA0154401637
B1227473934036N03228647EA0154501639
B1227483934028N03228651EA0154701641
B1227493934021N03228652EA0154801642
B1227503934014N03228651EA0155001643
B1227513934008N03228647EA0155101644
B1227523934003N03228642EA0155101645
B1227533933999N03228636EA0155301647
B1227543933996N03228631EA0155401649
B1227553933995N03228626EA0155601651
B1227563933997N03228621EA0155701651
B1227573934000N03228618EA0155801651
B1227583934004N03228618EA0155801652
B1227593934008N03228620EA0156001654
B1228003934011N03228624EA0156201656
B1228013934013N03228630EA0156301658
B1228023934014N03228636EA0156301658
B1228033934015N03228644EA0156401659
B1228043934014N03228652EA0156601659
B1228053934012N03228661EA0156601660
B1228063934008N03228669EA0156601660
B1228073934002N03228677EA0156601659
B1228083933995N03228684EA0156501660
B1228093933987N03228690EA0156601661
B1228103933979N03228694EA0156801663
B1228113933971N03228698EA0156901664
B1228123933963N03228701EA0157101667
B1228133933955N03228702EA0157301670
B1228143933947N03228702EA0157601672
B1228153933940N03228701EA0157701673
B1228163933934N03228698EA0157901674
B1228173933927N03228695EA0158001675
B1228183933922N03228690EA0158101676
B1228193933917N03228684EA0158201678
B1228203933914N03228678EA0158401680
B1228213933913N03228673EA0158501681
B1228223933914N03228668EA0158701682
B1228233933916N03228666EA0158801682
B1228243933919N03228665EA0158801683
B1228253933923N03228667EA0158901684
B1228263933926N03228670EA0159101687
B1228273933928N03228675EA0159301689
B1228283933929N03228682EA0159401691
B1228293933927N03228691EA0159501692
B1228303933924N03228699EA0159701693
B1228313933920N03228706EA0159801696
B1228323933914N03228712EA0160001698
B1228333933908N03228718EA0160101700
B1228343933902N03228722EA0160301701
B1228353933895N03228725EA0160501702
B1228363933887N03228727EA0160601703
B1228373933879N03228727EA0160701704
B1228383933871N03228725EA0160801705
B1228393933863N03228720EA0161001706
B1228403933858N03228713EA0161101707
B1228413933854N03228706EA0161201709
B1228423933852N03228700EA0161401711
B1228433933852N03228694EA0161601713
B1228443933853N03228690EA0161701713
B1228453933855N03228687EA0161701714
B1228463933858N03228686EA0161801716
B1228473933861N03228686EA0162001717
B1228483933864N03228689EA0162101718
B1228493933866N03228696EA0162201718
B1228503933867N03228704EA0162201719
B1228513933865N03228714EA0162301720
B1228523933860N03228722EA0162501723
B1228533933854N03228728EA0162801727
B1228543933847N03228731EA0163001730
B1228553933840N03228733EA0163301732
B1228563933833N03228734EA0163501734
B1228573933825N03228733EA0163701735
B1228583933817N03228730EA0163801736
B1228593933810N03228724EA0163801736
B1229003933804N03228717EA0163801737
B1229013933800N03228709EA0164001739
B1229023933798N03228703EA0164201742
B1229033933798N03228697EA0164401743
B1229043933798N03228693EA0164601744
B1229053933801N03228689EA0164701744
B1229063933804N03228688EA0164701745
B1229073933807N03228689EA0164801745
B1229083933811N03228693EA0164801746
B1229093933813N03228700EA0164901747
B1229103933814N03228706EA0165001749
B1229113933814N03228714EA0165101751
B1229123933813N03228721EA0165301753
B1229133933811N03228730EA0165501755
B1229143933809N03228738EA0165701756
B1229153933806N03228747EA0165901759
B1229163933802N03228755EA0166101762
B1229173933797N03228762EA0166401764
B1229183933790N03228768EA0166601766
B1229193933782N03228772EA0166801769
B1229203933774N03228773EA0167001771
B1229213933766N03228772EA0167301774
B1229223933759N03228769EA0167501775
B1229233933752N03228765EA0167601777
B1229243933747N03228759EA0167801777
B1229253933742N03228752EA0167801778
B1229263933738N03228745EA0167901779
B1229273933737N03228737EA0168001779
B1229283933737N03228729EA0168201780
B1229293933738N03228722EA0168201782
B1229303933741N03228718EA0168401784
B1229313933744N03228717EA0168501786
B1229323933747N03228717EA0168601787
B1229333933750N03228719EA0168701788
B1229343933753N03228723EA0168901789
B1229353933755N03228728EA0169001790
B1229363933756N03228734EA0169101792
B1229373933755N03228742EA0169401794
B1229383933751N03228750EA0169601797
B1229393933746N03228757EA0169801800
B1229403933740N03228763EA0170101802
B1229413933734N03228768EA0170301804
B1229423933726N03228772EA0170501806
B1229433933718N03228774EA0170601807
B1229443933709N03228775EA0170701808
B1229453933701N03228775EA0170901810
B1229463933693N03228773EA0171101813
B1229473933685N03228769EA0171301816
B1229483933679N03228763EA0171501817
B1229493933674N03228757EA0171501817
B1229503933669N03228750EA0171601818
B1229513933665N03228742EA0171701819
B1229523933662N03228734EA0171801820
B1229533933661N03228726EA0171901822
B1229543933662N03228720EA0172101824
B1229553933663N03228715EA0172301826
B1229563933665N03228712EA0172401827
B1229573933668N03228710EA0172501828
B1229583933671N03228708EA0172601829
B1229593933674N03228707EA0172701829
B1230003933678N03228707EA0172701829
B1230013933682N03228708EA0172701829
B1230023933686N03228711EA0172801831
B1230033933689N03228714EA0172901832
B1230043933692N03228718EA0173101835
B1230053933694N03228723EA0173301837
B1230063933695N03228729EA0173401838
B1230073933695N03228736EA0173601839
B1230083933694N03228744EA0173701841
B1230093933690N03228752EA0173801843
B1230103933686N03228759EA0174101846
B1230113933680N03228766EA0174401849
B1230123933674N03228771EA0174701853
B1230133933667N03228775EA0175001855
B1230143933660N03228779EA0175201858
B1230153933654N03228783EA0175501860
B1230163933647N03228788EA0175701862
B1230173933641N03228792EA0175901864
B1230183933634N03228796EA0176101866
B1230193933627N03228798EA0176201868
B1230203933618N03228798EA0176401868
B1230213933610N03228796EA0176501869
B1230223933603N03228791EA0176501870
B1230233933596N03228784EA0176601871
B1230243933592N03228776EA0176801872
B1230253933589N03228768EA0176901873
B1230263933589N03228759EA0177001874
B1230273933590N03228752EA0177101876
B1230283933592N03228747EA0177301879
B1230293933595N03228745EA0177601881
B1230303933598N03228745EA0177801882
B1230313933601N03228748EA0177901884
B1230323933604N03228752EA0178101886
B1230333933605N03228757EA0178301889
B1230343933606N03228763EA0178501891
B1230353933605N03228770EA0178801894
B1230363933603N03228776EA0179001896
B1230373933599N03228783EA0179301898
B1230383933594N03228789EA0179401900
B1230393933587N03228793EA0179601902
B1230403933580N03228797EA0179801904
B1230413933574N03228799EA0180001906
B1230423933566N03228800EA0180201908
B1230433933559N03228801EA0180301910
B1230443933551N03228800EA0180501911
B1230453933543N03228798EA0180601913
B1230463933535N03228794EA0180801915
B1230473933529N03228788EA0181001916
B1230483933524N03228780EA0181001917
B1230493933522N03228772EA0181101916
B1230503933523N03228764EA0181001916
B1230513933526N03228758EA0181201917
B1230523933530N03228754EA0181401921
B1230533933533N03228752EA0181801926
B1230543933536N03228752EA0182101930
B1230553933538N03228753EA0182501933
B1230563933540N03228756EA0182801936
B1230573933542N03228760EA0183001937
B1230583933543N03228765EA0183201939
B1230593933543N03228772EA0183301940
B1231003933541N03228779EA0183501942
B1231013933538N03228786EA0183701945
B1231023933534N03228792EA0184001948
B1231033933528N03228797EA0184101949
B1231043933522N03228801EA0184301950
B1231053933515N03228804EA0184301950
B1231063933507N03228806EA0184401951
B1231073933499N03228806EA0184501952
B1231083933491N03228804EA0184601954
B1231093933483N03228801EA0184801956
B1231103933476N03228797EA0185001958
B1231113933470N03228790EA0185201959
B1231123933466N03228783EA0185201960
B1231133933464N03228775EA0185301961
B1231143933464N03228768EA0185501962
B1231153933465N03228761EA0185601965
B1231163933466N03228756EA0185801967
B1231173933469N03228752EA0186101970
B1231183933471N03228748EA0186301973
B1231193933473N03228745EA0186601976
B1231203933476N03228742EA0186901978
B1231213933480N03228742EA0187101980
B1231223933484N03228745EA0187301982
B1231233933487N03228749EA0187501985
B1231243933489N03228754EA0187801989
B1231253933489N03228759EA0188101993
B1231263933487N03228763EA0188501995
B1231273933483N03228768EA0188701997
B1231283933478N03228773EA0188901998
B1231293933471N03228778EA0188901999
B1231303933463N03228780EA0188902000
B1231313933455N03228782EA0189102002
B1231323933447N03228782EA0189302005
B1231333933440N03228782EA0189602008
B1231343933433N03228782EA0189902011
B1231353933426N03228781EA0190102013
B1231363933419N03228780EA0190302015
B1231373933413N03228777EA0190402015
B1231383933406N03228772EA0190302013
B1231393933401N03228765EA0190202011
B1231403933396N03228756EA0190002010
B1231413933391N03228747EA0189902010
B1231423933387N03228739EA0189902012
B1231433933384N03228730EA0190102014
B1231443933381N03228722EA0190202015
B1231453933380N03228714EA0190402016
B1231463933380N03228707EA0190402016
B1231473933381N03228700EA0190502017
B1231483933384N03228694EA0190602017
B1231493933387N03228690EA0190702019
B1231503933391N03228687EA0190902021
B1231513933396N03228687EA0191202025
B1231523933401N03228688EA0191602030
B1231533933404N03228689EA0192002035
B1231543933408N03228690EA0192502041
B1231553933411N03228690EA0193102045
B1231563933414N03228688EA0193502049
B1231573933417N03228688EA0193902054
B1231583933420N03228690EA0194302057
B1231593933422N03228695EA0194602061
B1232003933423N03228700EA0194902064
B1232013933423N03228706EA0195402069
B1232023933421N03228711EA0195702074
B1232033933418N03228716EA0196202078
B1232043933415N03228721EA0196602082
B1232053933411N03228726EA0196902085
B1232063933406N03228731EA0197202089
B1232073933401N03228735EA0197702093
B1232083933395N03228738EA0198002097
B1232093933388N03228738EA0198402100
B1232103933381N03228737EA0198702102
B1232113933373N03228734EA0198902105
B1232123933366N03228728EA0199202109
B1232133933360N03228722EA0199502113
B1232143933356N03228714EA0199802115
B1232153933353N03228706EA0199902116
B1232163933353N03228697EA0200102117
B1232173933353N03228689EA0200202118
B1232183933356N03228682EA0200302121
B1232193933359N03228676EA0200602123
B1232203933363N03228669EA0200902126
B1232213933365N03228662EA0201202130
B1232223933368N03228655EA0201502133
B1232233933372N03228648EA0201802137
B1232243933376N03228643EA0202202141
B1232253933380N03228641EA0202502144
B1232263933384N03228643EA0202802145
B1232273933387N03228647EA0202902147
B1232283933388N03228653EA0203102149
B1232293933388N03228658EA0203302152
B1232303933387N03228663EA0203702156
B1232313933385N03228668EA0204002160
B1232323933382N03228672EA0204302163
B1232333933379N03228676EA0204602165
B1232343933374N03228680EA0204902168
B1232353933368N03228682EA0205102170
B1232363933361N03228683EA0205302172
B1232373933354N03228682EA0205502175
B1232383933348N03228678EA0205802177
B1232393933342N03228672EA0206102180
B1232403933338N03228664EA0206302183
B1232413933335N03228655EA0206602186
B1232423933333N03228647EA0206802189
B1232433933332N03228639EA0207102190
B1232443933332N03228630EA0207302191
B1232453933333N03228619EA0207402193
B1232463933334N03228608EA0207602197
B1232473933336N03228598EA0207902202
B1232483933338N03228590EA0208402207
B1232493933341N03228583EA0208802210
B1232503933345N03228578EA0209202213
B1232513933349N03228574EA0209402214
B1232523933354N03228571EA0209602215
B1232533933359N03228570EA0209602216
B1232543933364N03228572EA0209802218
B1232553933367N03228575EA0209902220
B1232563933369N03228579EA0210102222
B1232573933369N03228584EA0210302223
B1232583933369N03228589EA0210502225
B1232593933368N03228594EA0210602227
B1233003933365N03228599EA0210802229
B1233013933362N03228604EA0210902230
B1233023933357N03228608EA0211102233
B1233033933352N03228611EA0211402236
B1233043933347N03228612EA0211602239
B1233053933341N03228613EA0211902243
B1233063933336N03228613EA0212302245
B1233073933331N03228613EA0212602248
B1233083933325N03228612EA0212802250
B1233093933319N03228609EA0213002252
B1233103933312N03228605EA0213202253
B1233113933307N03228600EA0213302254
B1233123933302N03228594EA0213302254
B1233133933297N03228586EA0213302254
B1233143933293N03228578EA0213202253
B1233153933290N03228568EA0213102251
B1233163933288N03228557EA0213002250
B1233173933288N03228545EA0212902251
B1233183933290N03228534EA0213002252
B1233193933293N03228524EA0213202255
B1233203933296N03228515EA0213402257
B1233213933298N03228506EA0213502259
B1233223933300N03228497EA0213702259
B1233233933303N03228488EA0213802260
B1233243933305N03228478EA0213902261
B1233253933308N03228469EA0214002263
B1233263933312N03228461EA0214202266
B1233273933317N03228456EA0214502269
B1233283933323N03228452EA0214802272
B1233293933328N03228449EA0215002275
B1233303933333N03228445EA0215302277
B1233313933338N03228441EA0215602280
B1233323933343N03228437EA0215802282
B1233333933348N03228434EA0215902283
B1233343933352N03228433EA0216102284
B1233353933358N03228434EA0216102284
B1233363933363N03228435EA0216202286
B1233373933367N03228437EA0216402289
B1233383933371N03228437EA0216802293
B1233393933373N03228435EA0217002296
B1233403933376N03228434EA0217202297
B1233413933379N03228435EA0217302295
B1233423933383N03228437EA0217202293
B1233433933387N03228440EA0217002292
B1233443933391N03228445EA0217002294
B1233453933394N03228450EA0217102295
B1233463933394N03228456EA0217102296
B1233473933393N03228462EA0217202297
B1233483933391N03228468EA0217302298
B1233493933387N03228473EA0217502300
B1233503933384N03228477EA0217702302
B1233513933381N03228481EA0217802303
B1233523933377N03228483EA0217902303
B1233533933374N03228486EA0217902302
B1233543933370N03228490EA0217802300
B1233553933366N03228494EA0217602299
B1233563933361N03228498EA0217602300
B1233573933356N03228500EA0217702302
B1233583933352N03228501EA0217902306
B1233593933348N03228502EA0218202309
B1234003933345N03228503EA0218402310
B1234013933341N03228504EA0218502310
B1234023933337N03228504EA0218502309
B1234033933332N03228504EA0218402309
B1234043933326N03228503EA0218402308
B1234053933320N03228500EA0218402308
B1234063933314N03228495EA0218402310
B1234073933310N03228489EA0218502312
B1234083933306N03228482EA0218802314
B1234093933304N03228475EA0219002316
B1234103933302N03228468EA0219102317
B1234113933300N03228461EA0219002315
B1234123933298N03228452EA0218902313
B1234133933296N03228442EA0218702311
B1234143933295N03228432EA0218602311
B1234153933294N03228422EA0218502310
B1234163933294N03228413EA0218502311
B1234173933294N03228404EA0218602312
B1234183933294N03228394EA0218602312
B1234193933294N03228384EA0218702313
B1234203933295N03228374EA0218802314
B1234213933297N03228366EA0218902315
B1234223933300N03228358EA0219102317
B1234233933304N03228352EA0219202318
B1234243933309N03228347EA0219302319
B1234253933314N03228344EA0219402320
B1234263933320N03228343EA0219502321
B1234273933325N03228343EA0219602321
B1234283933330N03228344EA0219602321
B1234293933334N03228348EA0219702322
B1234303933338N03228353EA0219702322
B1234313933340N03228359EA0219802324
B1234323933341N03228364EA0219902326
B1234333933342N03228369EA0220102328
B1234343933342N03228373EA0220302329
B1234353933342N03228376EA0220302329
B1234363933342N03228381EA0220202327
B1234373933342N03228387EA0220002324
B1234383933341N03228392EA0219902323
B1234393933340N03228398EA0219802322
B1234403933338N03228403EA0219702322
B1234413933334N03228409EA0219602321
B1234423933330N03228414EA0219502320
B1234433933326N03228419EA0219502320
B1234443933322N03228422EA0219502322
B1234453933317N03228425EA0219602323
B1234463933313N03228427EA0219802324
B1234473933309N03228429EA0219802324
B1234483933306N03228433EA0219802323
B1234493933302N03228438EA0219702323
B1234503933298N03228442EA0219702323
B1234513933294N03228446EA0219802323
B1234523933289N03228450EA0219802324
B1234533933284N03228453EA0219902325
B1234543933280N03228457EA0220002326
B1234553933275N03228461EA0220102327
B1234563933269N03228466EA0220202328
B1234573933263N03228470EA0220202328
B1234583933257N03228474EA0220302329
B1234593933250N03228478EA0220502331
B1235003933243N03228482EA0220702334
B1235013933237N03228485EA0220902338
B1235023933232N03228488EA0221202340
B1235033933227N03228492EA0221402341
B1235043933222N03228497EA0221402340
B1235053933216N03228503EA0221402339
B1235063933211N03228508EA0221402340
B1235073933206N03228514EA0221502342
B1235083933201N03228518EA0221602344
B1235093933195N03228522EA0221802347
B1235103933190N03228526EA0222002349
B1235113933184N03228530EA0222202350
B1235123933179N03228535EA0222302351
B1235133933172N03228540EA0222502352
B1235143933165N03228545EA0222602353
B1235153933158N03228549EA0222702355
B1235163933150N03228553EA0222902358
B1235173933143N03228555EA0223102360
B1235183933137N03228558EA0223302362
B1235193933130N03228560EA0223402362
B1235203933123N03228564EA0223502362
B1235213933115N03228568EA0223502362
B1235223933107N03228572EA0223602363
B1235233933099N03228575EA0223802366
B1235243933091N03228578EA0224002369
B1235253933084N03228580EA0224202372
B1235263933077N03228582EA0224502374
B1235273933070N03228585EA0224602374
B1235283933063N03228590EA0224602374
B1235293933056N03228594EA0224702375
B1235303933049N03228597EA0224902378
B1235313933043N03228600EA0225102380
B1235323933036N03228603EA0225302382
B1235333933029N03228606EA0225402384
B1235343933022N03228609EA0225602385
B1235353933015N03228613EA0225602385
B1235363933008N03228617EA0225702386
B1235373933000N03228620EA0225902388
B1235383932992N03228622EA0226002390
B1235393932984N03228622EA0226202392
B1235403932977N03228623EA0226302393
B1235413932970N03228624EA0226402393
B1235423932963N03228627EA0226302392
B1235433932957N03228631EA0226202390
B1235443932952N03228635EA0226202390
B1235453932946N03228640EA0226202390
B1235463932941N03228643EA0226102390
B1235473932935N03228646EA0226002389
B1235483932929N03228648EA0225902388
B1235493932922N03228650EA0225802387
B1235503932915N03228650EA0225802385
B1235513932908N03228648EA0225602384
B1235523932901N03228644EA0225502383
B1235533932895N03228639EA0225402383
B1235543932889N03228633EA0225402383
B1235553932884N03228626EA0225402383
B1235563932880N03228619EA0225502385
B1235573932876N03228613EA0225602386
B1235583932873N03228607EA0225802387
B1235593932869N03228601EA0225802386
B1236003932865N03228595EA0225702385
B1236013932861N03228589EA0225702384
B1236023932858N03228581EA0225502383
B1236033932856N03228574EA0225402381
B1236043932853N03228566EA0225202380
B1236053932851N03228559EA0225102378
B1236063932847N03228552EA0225002377
B1236073932844N03228545EA0224802375
B1236083932840N03228537EA0224602372
B1236093932837N03228529EA0224302370
B1236103932834N03228519EA0224102368
B1236113932831N03228510EA0223902367
B1236123932827N03228502EA0223802366
B1236133932823N03228495EA0223802366
B1236143932817N03228490EA0223702366
B1236153932811N03228486EA0223602364
B1236163932805N03228484EA0223502362
B1236173932798N03228484EA0223402360
B1236183932792N03228483EA0223202359
B1236193932785N03228484EA0223102357
B1236203932778N03228485EA0222902356
B1236213932772N03228487EA0222802355
B1236223932766N03228489EA0222702353
B1236233932760N03228492EA0222602352
B1236243932755N03228495EA0222402350
B1236253932749N03228498EA0222102347
B1236263932742N03228501EA0221902344
B1236273932734N03228503EA0221702342
B1236283932727N03228505EA0221502341
B1236293932721N03228506EA0221402340
B1236303932715N03228508EA0221302339
B1236313932708N03228509EA0221202337
B1236323932702N03228511EA0221002335
B1236333932695N03228513EA0220702332
B1236343932688N03228515EA0220502330
B1236353932680N03228518EA0220302328
B1236363932673N03228520EA0220102326
B1236373932666N03228522EA0219902324
B1236383932658N03228524EA0219802323
B1236393932651N03228526EA0219602321
B1236403932644N03228528EA0219502319
B1236413932637N03228530EA0219302318
B1236423932630N03228532EA0219202316
B1236433932624N03228533EA0219002315
B1236443932617N03228534EA0218902313
B1236453932610N03228535EA0218802311
B1236463932603N03228536EA0218602310
B1236473932597N03228537EA0218402307
B1236483932591N03228539EA0218202304
B1236493932584N03228540EA0218002301
B1236503932576N03228542EA0217702299
B1236513932569N03228543EA0217502297
B1236523932562N03228544EA0217202296
B1236533932555N03228545EA0217102294
B1236543932549N03228547EA0216902292
B1236553932543N03228549EA0216702290
B1236563932536N03228550EA0216502288
B1236573932530N03228551EA0216402286
B1236583932524N03228551EA0216202284
B1236593932517N03228552EA0216002280
B1237003932511N03228553EA0215702277
B1237013932504N03228555EA0215402273
B1237023932497N03228555EA0215102270
B1237033932490N03228555EA0214802268
B1237043932482N03228554EA0214602266
B1237053932475N03228553EA0214402264
B1237063932468N03228552EA0214302262
B1237073932461N03228551EA0214002260
B1237083932454N03228550EA0213802257
B1237093932447N03228548EA0213602255
B1237103932440N03228546EA0213402253
B1237113932433N03228543EA0213202251
B1237123932427N03228540EA0213002250
B1237133932421N03228538EA0212902249
B1237143932415N03228536EA0212702248
B1237153932409N03228534EA0212602246
B1237163932402N03228531EA0212402244
B1237173932396N03228529EA0212302242
B1237183932390N03228526EA0212102241
B1237193932384N03228523EA0212002239
B1237203932378N03228520EA0211802237
B1237213932371N03228517EA0211602235
B1237223932365N03228513EA0211402233
B1237233932359N03228510EA0211202231
B1237243932353N03228505EA0211002229
B1237253932347N03228500EA0210802227
B1237263932341N03228495EA0210702226
B1237273932336N03228490EA0210602224
B1237283932330N03228485EA0210402222
B1237293932325N03228481EA0210202220
B1237303932319N03228476EA0210002217
B1237313932313N03228472EA0209702214
B1237323932307N03228466EA0209402211
B1237333932301N03228461EA0209102208
B1237343932295N03228455EA0208802205
B1237353932288N03228449EA0208602203
B1237363932282N03228442EA0208402201
B1237373932277N03228436EA0208202199
B1237383932272N03228428EA0208002198
B1237393932269N03228421EA0207902196
B1237403932266N03228412EA0207702194
B1237413932263N03228403EA0207502192
B1237423932261N03228394EA0207202189
B1237433932258N03228385EA0206902187
B1237443932254N03228376EA0206802185
B1237453932251N03228369EA0206702185
B1237463932247N03228362EA0206602184
B1237473932243N03228355EA0206502182
B1237483932240N03228347EA0206302180
B1237493932235N03228340EA0206102177
B1237503932231N03228331EA0205802175
B1237513932227N03228323EA0205602172
B1237523932224N03228313EA0205502170
B1237533932222N03228304EA0205202168
B1237543932220N03228294EA0205002166
B1237553932217N03228284EA0204802164
B1237563932214N03228274EA0204602161
B1237573932211N03228264EA0204402160
B1237583932210N03228254EA0204302159
B1237593932209N03228245EA0204102158
B1238003932209N03228237EA0203902156
B1238013932208N03228229EA0203702152
B1238023932206N03228221EA0203402148
B1238033932203N03228212EA0203002143
B1238043932201N03228202EA0202602140
B1238053932199N03228193EA0202302137
B1238063932197N03228184EA0202002134
B1238073932195N03228175EA0201802132
B1238083932193N03228165EA0201502129
B1238093932191N03228155EA0201302127
B1238103932189N03228144EA0201102125
B1238113932188N03228134EA0201002124
B1238123932186N03228124EA0200802124
B1238133932183N03228115EA0200802123
B1238143932180N03228107EA0200602122
B1238153932177N03228099EA0200502120
B1238163932174N03228090EA0200302117
B1238173932172N03228080EA0200002113
B1238183932169N03228070EA0199602109
B1238183932165N03228059EA0199302107
B1238193932162N03228050EA0199102106
B1238203932159N03228041EA0199002106
B1238213932157N03228033EA0198902105
B1238223932154N03228025EA0198802102
B1238233932151N03228018EA0198502099
B1238243932147N03228009EA0198102093
B1238253932144N03228000EA0197702089
B1238263932140N03227990EA0197402087
B1238273932136N03227982EA0197202086
B1238283932133N03227976EA0197102086
B1238293932130N03227970EA0197002085
B1238303932126N03227963EA0196902082
B1238313932122N03227956EA0196502077
B1238323932117N03227948EA0196102071
B1238333932110N03227940EA0195502067
B1238343932104N03227932EA0195202066
B1238353932098N03227924EA0195102067
B1238363932093N03227917EA0195102067
B1238373932089N03227910EA0195102065
B1238383932085N03227903EA0195002062
B1238393932079N03227896EA0194702057
B1238403932072N03227888EA0194302053
B1238413932065N03227879EA0193902052
B1238423932059N03227870EA0193902054
B1238433932054N03227862EA0194102057
B1238443932050N03227855EA0194402060
B1238453932046N03227849EA0194602061
B1238463932041N03227843EA0194702062
B1238473932036N03227837EA0194702061
B1238483932031N03227830EA0194702060
B1238493932025N03227823EA0194602060
B1238503932020N03227815EA0194602061
B1238513932015N03227807EA0194702063
B1238523932010N03227800EA0194902066
B1238533932005N03227793EA0195102067
B1238543932000N03227786EA0195302068
B1238553931994N03227778EA0195402069
B1238563931988N03227769EA0195402070
B1238573931982N03227761EA0195602074
B1238583931977N03227754EA0196002079
B1238593931972N03227748EA0196502084
B1239003931967N03227742EA0197002088
B1239013931961N03227737EA0197302091
B1239023931956N03227731EA0197602094
B1239033931952N03227723EA0197902098
B1239043931950N03227716EA0198302101
B1239053931950N03227708EA0198602105
B1239063931950N03227702EA0199002109
B1239073931951N03227697EA0199402113
B1239083931953N03227693EA0199802117
B1239093931955N03227691EA0200202120
B1239103931959N03227690EA0200502123
B1239113931962N03227692EA0200802125
B1239123931964N03227696EA0201002127
B1239133931965N03227702EA0201202130
B1239143931965N03227709EA0201402131
B1239153931963N03227716EA0201602133
B1239163931960N03227723EA0201702135
B1239173931954N03227730EA0201902137
B1239183931948N03227734EA0202202140
B1239193931940N03227737EA0202402142
B1239203931932N03227737EA0202602144
B1239213931923N03227736EA0202902147
B1239223931915N03227733EA0203202150
B1239233931907N03227729EA0203502154
B1239243931901N03227723EA0203802157
B1239253931896N03227716EA0204102161
B1239263931893N03227709EA0204402164
B1239273931891N03227701EA0204802167
B1239283931891N03227694EA0205102171
B1239293931892N03227688EA0205402175
B1239303931895N03227685EA0205802178
B1239313931898N03227684EA0206102182
B1239323931901N03227685EA0206502185
B1239333931904N03227689EA0206802187
B1239343931905N03227695EA0207002190
B1239353931905N03227701EA0207302191
B1239363931903N03227708EA0207402193
B1239373931900N03227716EA0207602195
B1239383931897N03227722EA0207802198
B1239393931892N03227729EA0208002200
B1239403931886N03227734EA0208302203
B1239413931879N03227737EA0208602206
B1239423931871N03227740EA0208902210
B1239433931864N03227741EA0209302214
B1239443931857N03227742EA0209602217
B1239453931849N03227743EA0209902219
B1239463931841N03227743EA0210202222
B1239473931833N03227742EA0210402226
B1239483931825N03227740EA0210702229
B1239493931818N03227736EA0211102232
B1239503931812N03227731EA0211302235
B1239513931807N03227725EA0211602238
B1239523931803N03227718EA0211902240
B1239533931801N03227711EA0212102243
B1239543931800N03227704EA0212402246
B1239553931801N03227698EA0212602248
B1239563931803N03227694EA0212902251
B1239573931806N03227691EA0213202254
B1239583931809N03227690EA0213402256
B1239593931812N03227690EA0213702259
B1240003931816N03227691EA0213902261
B1240013931819N03227694EA0214102263
B1240023931822N03227697EA0214302265
B1240033931824N03227703EA0214602268
B1240043931825N03227710EA0214902271
B1240053931824N03227718EA0215102274
B1240063931821N03227726EA0215402276
B1240073931817N03227734EA0215602278
B1240083931813N03227741EA0215802281
B1240093931808N03227749EA0216102285
B1240103931802N03227755EA0216502289
B1240113931796N03227760EA0216802292
B1240123931789N03227764EA0217102295
B1240133931782N03227767EA0217402297
B1240143931773N03227768EA0217602299
B1240153931765N03227768EA0217702300
B1240163931756N03227766EA0217802301
B1240173931748N03227763EA0217902302
B1240183931740N03227760EA0218102305
B1240193931733N03227756EA0218302307
B1240203931727N03227751EA0218502309
B1240213931721N03227745EA0218602310
B1240223931717N03227737EA0218702311
B1240233931715N03227730EA0218902313
B1240243931714N03227723EA0219002315
B1240253931715N03227717EA0219202315
B1240263931718N03227713EA0219302316
B1240273931720N03227709EA0219402319
B1240283931723N03227706EA0219702322
B1240293931725N03227704EA0220002326
B1240303931727N03227703EA0220302328
B1240313931730N03227704EA0220502330
B1240323931732N03227705EA0220702332
B1240333931735N03227707EA0220902335
B1240343931738N03227709EA0221302339
B1240353931741N03227711EA0221602343
B1240363931744N03227713EA0222002346
B1240373931746N03227715EA0222302349
B1240383931749N03227717EA0222602352
B1240393931750N03227722EA0222802353
B1240403931751N03227728EA0222902353
B1240413931751N03227736EA0223002354
B1240423931750N03227744EA0223002354
B1240433931749N03227753EA0223002355
B1240443931745N03227761EA0223102356
B1240453931740N03227769EA0223102356
B1240463931733N03227776EA0223202357
B1240473931726N03227782EA0223402359
B1240483931718N03227786EA0223502360
B1240493931709N03227789EA0223602362
B1240503931701N03227790EA0223802364
B1240513931692N03227788EA0224002366
B1240523931685N03227786EA0224202368
B1240533931678N03227782EA0224402370
B1240543931672N03227776EA0224502371
B1240553931667N03227769EA0224602372
B1240563931663N03227763EA0224702373
B1240573931660N03227757EA0224802375
B1240583931659N03227750EA0224902376
B1240593931658N03227744EA0225002377
B1241003931658N03227737EA0225102379
B1241013931659N03227732EA0225302382
B1241023931660N03227728EA0225602384
B1241033931661N03227724EA0225702385
B1241043931662N03227719EA0225802385
B1241053931663N03227713EA0225802385
B1241063931664N03227706EA0225902386
B1241073931665N03227699EA0226002389
B1241083931666N03227692EA0226302393
B1241093931667N03227687EA0226702397
B1241103931668N03227684EA0227102401
B1241113931669N03227681EA0227402403
B1241123931670N03227680EA0227502404
B1241133931673N03227679EA0227602403
B1241143931677N03227680EA0227602403
B1241153931680N03227683EA0227502403
B1241163931683N03227688EA0227502404
B1241173931685N03227695EA0227602406
B1241183931686N03227702EA0227802408
B1241193931685N03227709EA0228102411
B1241203931684N03227716EA0228302412
B1241213931682N03227723EA0228302412
B1241223931679N03227730EA0228302410
B1241233931675N03227737EA0228102408
B1241243931670N03227744EA0227902406
B1241253931663N03227752EA0227702404
B1241263931656N03227759EA0227702404
B1241273931648N03227764EA0227702405
B1241283931639N03227767EA0227702405
B1241293931630N03227767EA0227802406
B1241303931621N03227766EA0227902408
B1241313931613N03227764EA0228102409
B1241323931606N03227761EA0228302411
B1241333931599N03227757EA0228402412
B1241343931594N03227751EA0228502413
B1241353931589N03227745EA0228602414
B1241363931585N03227738EA0228702415
B1241373931581N03227731EA0228702415
B1241383931578N03227724EA0228802416
B1241393931574N03227717EA0228802418
B1241403931571N03227710EA0229002419
B1241413931569N03227703EA0229102420
B1241423931568N03227697EA0229202420
B1241433931569N03227690EA0229202420
B1241443931571N03227685EA0229202421
B1241453931573N03227680EA0229302423
B1241463931576N03227678EA0229502424
B1241473931578N03227678EA0229702426
B1241483931581N03227679EA0229802428
B1241493931584N03227681EA0230002430
B1241503931586N03227684EA0230202432
B1241513931587N03227688EA0230502435
B1241523931588N03227694EA0230702436
B1241533931586N03227702EA0230802437
B1241543931584N03227710EA0230902438
B1241553931579N03227719EA0231002440
B1241563931573N03227726EA0231202442
B1241573931567N03227732EA0231402445
B1241583931560N03227736EA0231702447
B1241593931552N03227738EA0231802448
B1242003931544N03227739EA0231902449
B1242013931535N03227739EA0232002449
B1242023931527N03227738EA0232102451
B1242033931520N03227735EA0232202452
B1242043931513N03227731EA0232202453
B1242053931507N03227726EA0232302453
B1242063931501N03227721EA0232402454
B1242073931496N03227716EA0232402454
B1242083931491N03227711EA0232402453
B1242093931486N03227706EA0232302452
B1242103931482N03227699EA0232202451
B1242113931479N03227693EA0232102450
B1242123931477N03227686EA0232002450
B1242133931476N03227680EA0232002449
B1242143931477N03227673EA0231902449
B1242153931476N03227667EA0231902449
B1242163931475N03227660EA0231802448
B1242173931474N03227653EA0231702448
B1242183931474N03227646EA0231702447
B1242193931475N03227639EA0231702447
B1242203931477N03227633EA0231702448
B1242213931477N03227627EA0231702449
B1242223931477N03227621EA0231802450
B1242233931476N03227614EA0231902449
B1242243931475N03227607EA0231902449
B1242263931473N03227600EA0231802448
B1242273931472N03227592EA0231702447
B1242283931471N03227584EA0231602447
B1242293931470N03227576EA0231602447
B1242303931467N03227568EA0231602449
B1242313931464N03227561EA0231802451
B1242323931461N03227554EA0232102454
B1242333931458N03227547EA0232202455
B1242343931455N03227540EA0232302454
B1242353931452N03227531EA0232302454
B1242363931449N03227522EA0232202454
B1242373931447N03227513EA0232302456
B1242383931444N03227505EA0232502459
B1242393931440N03227497EA0232802462
B1242403931436N03227490EA0233002464
B1242413931431N03227482EA0233202465
B1242423931427N03227473EA0233302465
B1242433931423N03227464EA0233302465
B1242443931419N03227454EA0233302465
B1242453931415N03227445EA0233302466
B1242463931412N03227436EA0233302467
B1242473931408N03227428EA0233402468
B1242483931403N03227420EA0233602469
B1242493931398N03227411EA0233602469
B1242503931393N03227402EA0233702470
B1242513931389N03227393EA0233702471
B1242523931385N03227383EA0233902472
B1242533931382N03227374EA0234002473
B1242543931379N03227364EA0234102474
B1242553931375N03227355EA0234202475
B1242563931372N03227346EA0234302475
B1242573931368N03227337EA0234302476
B1242583931365N03227328EA0234402476
B1242593931361N03227319EA0234402477
B1243003931357N03227311EA0234502477
B1243013931354N03227302EA0234502477
B1243023931349N03227294EA0234402476
B1243033931345N03227285EA0234402475
B1243043931341N03227275EA0234402474
B1243053931338N03227266EA0234302474
B1243063931334N03227257EA0234202473
B1243073931331N03227248EA0234102472
B1243083931327N03227239EA0234002471
B1243093931323N03227230EA0233902468
B1243103931319N03227220EA0233702466
B1243113931315N03227211EA0233502464
B1243123931311N03227201EA0233302462
B1243133931307N03227192EA0233202461
B1243143931304N03227182EA0233102460
B1243153931300N03227172EA0233002459
B1243163931297N03227163EA0232902458
B1243173931294N03227152EA0232702456
B1243183931290N03227142EA0232602455
B1243193931287N03227132EA0232602455
B1243203931284N03227121EA0232602456
B1243213931281N03227111EA0232602456
B1243223931278N03227102EA0232702457
B1243233931275N03227092EA0232702457
B1243243931273N03227083EA0232602456
B1243253931269N03227073EA0232502454
B1243263931266N03227063EA0232502454
B1243273931262N03227053EA0232302453
B1243283931259N03227044EA0232202451
B1243293931255N03227034EA0232002449
B1243303931253N03227024EA0231902446
B1243313931251N03227014EA0231602444
B1243323931250N03227005EA0231302441
B1243333931249N03226995EA0231102439
B1243343931247N03226985EA0230902436
B1243353931245N03226975EA0230602434
B1243363931243N03226965EA0230402432
B1243373931241N03226955EA0230202431
B1243383931239N03226946EA0230102429
B1243393931236N03226937EA0229902427
B1243403931233N03226928EA0229702423
B1243413931229N03226918EA0229302419
B1243423931224N03226909EA0228902415
B1243433931219N03226898EA0228502411
B1243443931214N03226888EA0228202409
B1243453931210N03226877EA0227902407
B1243463931207N03226866EA0227802406
B1243473931204N03226856EA0227802406
B1243483931201N03226846EA0227702406
B1243493931197N03226836EA0227702406
B1243503931192N03226826EA0227702405
B1243513931188N03226817EA0227602404
B1243523931184N03226807EA0227502403
B1243533931181N03226798EA0227502402
B1243543931177N03226787EA0227302400
B1243553931173N03226777EA0227102398
B1243563931168N03226767EA0227002397
B1243573931164N03226757EA0226802396
B1243583931160N03226747EA0226702395
B1243593931156N03226738EA0226602394
B1244003931152N03226729EA0226502392
B1244013931148N03226719EA0226302390
B1244023931143N03226709EA0226102388
B1244033931138N03226699EA0225902386
B1244043931134N03226688EA0225702384
B1244053931131N03226678EA0225602384
B1244063931129N03226668EA0225602385
B1244073931126N03226659EA0225602386
B1244083931123N03226651EA0225702385
B1244093931119N03226643EA0225602383
B1244103931116N03226633EA0225402381
B1244113931113N03226623EA0225202378
B1244123931110N03226611EA0224902376
B1244133931107N03226601EA0224902377
B1244143931102N03226592EA0225002380
B1244153931097N03226585EA0225202382
B1244163931091N03226579EA0225302382
B1244173931087N03226572EA0225302380
B1244183931082N03226564EA0225002377
B1244193931077N03226554EA0224702374
B1244203931072N03226545EA0224502371
B1244213931067N03226535EA0224402371
B1244223931063N03226526EA0224302371
B1244233931059N03226518EA0224302371
B1244243931057N03226510EA0224202370
B1244253931054N03226503EA0224102368
B1244263931051N03226496EA0223902366
B1244273931046N03226488EA0223702363
B1244283931042N03226480EA0223502360
B1244293931037N03226472EA0223302359
B1244303931034N03226463EA0223202358
B1244313931032N03226454EA0223002357
B1244323931029N03226445EA0222902356
B1244333931025N03226436EA0222802355
B1244343931021N03226428EA0222802355
B1244353931017N03226420EA0222802354
B1244363931013N03226412EA0222702353
B1244373931009N03226404EA0222602352
B1244383931005N03226396EA0222502350
B1244393931001N03226387EA0222402349
B1244403930998N03226378EA0222302348
B1244413930995N03226369EA0222202348
B1244423930991N03226361EA0222202347
B1244433930988N03226353EA0222102347
B1244443930984N03226345EA0222102346
B1244453930979N03226337EA0222002345
B1244463930975N03226330EA0221902344
B1244473930970N03226323EA0221802343
B1244483930965N03226316EA0221602341
B1244493930959N03226308EA0221402339
B1244503930953N03226300EA0221402337
B1244513930947N03226293EA0221202337
B1244523930941N03226285EA0221102337
B1244533930937N03226278EA0221102336
B1244543930933N03226270EA0221002336
B1244553930929N03226261EA0221002334
B1244563930924N03226252EA0220902333
B1244573930920N03226242EA0220802332
B1244583930914N03226233EA0220702332
B1244593930909N03226225EA0220702334
B1245003930903N03226217EA0220802334
B1245013930899N03226210EA0220802333
B1245023930895N03226202EA0220702332
B1245033930891N03226193EA0220602329
B1245043930887N03226184EA0220302326
B1245053930882N03226176EA0220102325
B1245063930877N03226168EA0219902324
B1245073930873N03226160EA0219802322
B1245083930869N03226152EA0219702320
B1245093930864N03226142EA0219402317
B1245103930859N03226133EA0219202314
B1245113930855N03226122EA0219002313
B1245123930852N03226112EA0218902312
B1245133930848N03226103EA0218802311
B1245143930845N03226095EA0218802312
B1245153930841N03226088EA0218802311
B1245163930836N03226082EA0218802310
B1245173930832N03226075EA0218602308
B1245183930828N03226068EA0218402305
B1245193930824N03226060EA0218102302
B1245203930820N03226051EA0217902300
B1245213930815N03226043EA0217802301
B1245223930810N03226036EA0217802302
B1245233930805N03226030EA0217802302
B1245243930799N03226024EA0217802300
B1245253930793N03226017EA0217702298
B1245263930787N03226010EA0217502296
B1245273930782N03226002EA0217302294
B1245283930777N03225995EA0217202293
B1245293930771N03225988EA0217002291
B1245303930765N03225981EA0216902289
B1245313930759N03225974EA0216502285
B1245323930753N03225966EA0216202281
B1245333930747N03225957EA0215802278
B1245343930742N03225948EA0215602277
B1245353930737N03225940EA0215502277
B1245363930732N03225932EA0215402277
B1245373930727N03225925EA0215402276
B1245383930723N03225918EA0215302273
B1245393930718N03225911EA0215002270
B1245403930714N03225902EA0214602266
B1245413930711N03225893EA0214302263
B1245423930707N03225885EA0214102261
B1245433930703N03225877EA0213902260
B1245443930700N03225869EA0213802258
B1245453930698N03225861EA0213502255
B1245463930695N03225853EA0213302252
B1245473930693N03225845EA0213002248
B1245483930691N03225836EA0212602245
B1245493930689N03225828EA0212402242
B1245503930687N03225819EA0212102239
B1245513930685N03225811EA0211802236
B1245523930682N03225802EA0211502232
B1245533930680N03225792EA0211102228
B1245543930677N03225782EA0210802224
B1245553930676N03225771EA0210402220
B1245563930675N03225762EA0210102218
B1245573930675N03225753EA0209902216
B1245583930675N03225744EA0209702214
B1245593930674N03225736EA0209502211
B1246003930673N03225728EA0209202207
B1246013930671N03225718EA0208802203
B1246023930670N03225708EA0208402199
B1246033930670N03225698EA0208002195
B1246043930669N03225689EA0207802193
B1246053930667N03225679EA0207502191
B1246063930666N03225671EA0207202188
B1246073930664N03225662EA0206902185
B1246083930663N03225653EA0206702181
B1246093930661N03225643EA0206302176
B1246103930660N03225633EA0205902173
B1246113930658N03225622EA0205602170
B1246123930656N03225613EA0205402169
B1246133930655N03225603EA0205302168
B1246143930653N03225594EA0205102166
B1246153930652N03225584EA0205002164
B1246163930650N03225574EA0204802162
B1246173930649N03225564EA0204602160
B1246183930649N03225554EA0204402157
B1246193930648N03225544EA0204102155
B1246203930648N03225534EA0203802152
B1246213930647N03225524EA0203602149
B1246223930647N03225514EA0203302147
B1246233930646N03225504EA0203102145
B1246243930646N03225495EA0202902143
B1246253930646N03225486EA0202702141
B1246263930645N03225477EA0202502139
B1246273930645N03225468EA0202202135
B1246283930645N03225458EA0201902132
B1246293930645N03225447EA0201602129
B1246303930646N03225437EA0201402128
B1246313930646N03225428EA0201302128
B1246323930647N03225420EA0201302129
B1246333930646N03225413EA0201302129
B1246343930646N03225407EA0201202127
B1246353930645N03225399EA0201102124
B1246363930644N03225390EA0200802120
B1246373930643N03225381EA0200502117
B1246383930642N03225371EA0200202115
B1246393930642N03225361EA0200102115
B1246403930641N03225353EA0200102115
B1246413930640N03225345EA0200102115
B1246423930639N03225338EA0200002113
B1246433930638N03225330EA0199802109
B1246443930637N03225320EA0199502105
B1246453930636N03225309EA0199002101
B1246463930636N03225299EA0198702098
B1246473930636N03225289EA0198402097
B1246483930637N03225280EA0198302096
B1246493930637N03225271EA0198102094
B1246503930637N03225263EA0197902091
B1246513930638N03225254EA0197602087
B1246523930639N03225244EA0197202082
B1246533930640N03225234EA0196902079
B1246543930641N03225224EA0196602076
B1246553930642N03225214EA0196402075
B1246563930644N03225206EA0196202073
B1246573930646N03225197EA0196002071
B1246583930648N03225189EA0195802068
B1246593930650N03225180EA0195402064
B1247003930651N03225171EA0195102060
B1247013930653N03225161EA0194802057
B1247023930654N03225152EA0194602054
B1247033930656N03225143EA0194402052
B1247043930658N03225134EA0194102050
B1247053930659N03225126EA0193802046
B1247063930661N03225117EA0193402042
B1247073930663N03225107EA0193002037
B1247083930665N03225097EA0192602033
B1247093930667N03225087EA0192302030
B1247103930669N03225078EA0192102028
B1247113930670N03225069EA0191902027
B1247123930671N03225061EA0191602024
B1247133930672N03225053EA0191302021
B1247143930673N03225046EA0191002018
B1247153930674N03225037EA0190702013
B1247163930675N03225029EA0190302009
B1247173930675N03225019EA0189902005
B1247183930674N03225010EA0189502001
B1247193930672N03225000EA0189201998
B1247203930670N03224991EA0188901996
B1247213930669N03224982EA0188701994
B1247223930669N03224973EA0188501991
B1247233930669N03224963EA0188301989
B1247243930667N03224954EA0188001987
B1247253930665N03224944EA0187901987
B1247263930664N03224935EA0187801986
B1247273930662N03224926EA0187801986
B1247283930662N03224916EA0187701985
B1247293930661N03224907EA0187601983
B1247303930660N03224897EA0187401980
B1247313930658N03224887EA0187201978
B1247323930657N03224876EA0187001976
B1247333930655N03224865EA0186901975
B1247343930654N03224853EA0186801974
B1247353930654N03224842EA0186801975
B1247363930653N03224832EA0186901977
B1247373930652N03224823EA0187001978
B1247383930651N03224815EA0187101978
B1247393930650N03224807EA0187101977
B1247403930649N03224799EA0187001976
B1247413930649N03224789EA0186801973
B1247423930648N03224779EA0186501971
B1247433930647N03224768EA0186401970
B1247443930646N03224758EA0186301970
B1247453930645N03224748EA0186301971
B1247463930643N03224740EA0186401972
B1247473930641N03224733EA0186501971
B1247483930638N03224725EA0186301968
B1247493930635N03224716EA0186001964
B1247503930632N03224705EA0185601960
B1247513930629N03224693EA0185301958
B1247523930626N03224682EA0185201961
B1247533930624N03224673EA0185401965
B1247543930622N03224665EA0185801968
B1247553930621N03224659EA0186001969
B1247563930618N03224652EA0186101968
B1247573930616N03224644EA0186001966
B1247583930613N03224634EA0185801965
B1247593930612N03224625EA0185801965
B1248003930611N03224617EA0185801966
B1248013930612N03224609EA0185901967
B1248023930615N03224603EA0186001967
B1248033930618N03224599EA0186001967
B1248043930622N03224596EA0186001966
B1248053930627N03224595EA0185901966
B1248063930631N03224596EA0185901965
B1248073930635N03224599EA0185901965
B1248083930639N03224604EA0185901965
B1248093930640N03224611EA0185801964
B1248103930641N03224618EA0185801964
B1248113930639N03224625EA0185801964
B1248123930637N03224632EA0185801964
B1248133930633N03224638EA0185801965
B1248143930628N03224642EA0185801965
B1248153930622N03224645EA0185801964
B1248163930616N03224647EA0185801964
B1248173930609N03224646EA0185801964
B1248183930603N03224643EA0185801964
B1248193930597N03224638EA0185801964
B1248203930591N03224633EA0185801964
B1248213930586N03224628EA0185801964
B1248223930580N03224623EA0185801965
B1248233930575N03224617EA0185801965
B1248243930572N03224610EA0185801964
B1248253930569N03224602EA0185801963
B1248263930569N03224594EA0185701963
B1248273930569N03224586EA0185601962
B1248283930569N03224578EA0185501961
B1248293930570N03224569EA0185401960
B1248303930570N03224560EA0185301959
B1248313930570N03224552EA0185201958
B1248323930570N03224543EA0185201958
B1248333930571N03224535EA0185201958
B1248343930572N03224527EA0185201958
B1248353930572N03224521EA0185101958
B1248363930573N03224515EA0185101956
B1248373930574N03224508EA0184901954
B1248383930574N03224501EA0184601951
B1248393930574N03224493EA0184301948
B1248403930574N03224484EA0184001945
B1248413930573N03224475EA0183801943
B1248423930574N03224467EA0183801944
B1248433930574N03224460EA0183801945
B1248443930575N03224455EA0183901944
B1248453930576N03224450EA0183801943
B1248463930576N03224444EA0183601940
B1248473930576N03224436EA0183301937
B1248483930577N03224428EA0183101935
B1248493930577N03224421EA0182901934
B1248503930578N03224414EA0182901935
B1248513930578N03224407EA0182901935
B1248523930578N03224401EA0182901934
B1248533930578N03224395EA0182801933
B1248543930579N03224389EA0182601930
B1248553930580N03224381EA0182401928
B1248563930580N03224373EA0182101926
B1248573930579N03224364EA0182001925
B1248583930578N03224356EA0181901924
B1248593930577N03224348EA0181801923
B1249003930576N03224339EA0181701921
B1249013930575N03224330EA0181501918
B1249023930575N03224321EA0181301917
B1249033930574N03224312EA0181101915
B1249043930574N03224303EA0181001913
B1249053930574N03224295EA0180801911
B1249063930574N03224285EA0180601909
B1249073930574N03224276EA0180401906
B1249083930575N03224267EA0180101904
B1249093930576N03224258EA0179901902
B1249103930577N03224249EA0179701901
B1249113930578N03224240EA0179601900
B1249123930579N03224232EA0179501899
B1249133930580N03224225EA0179501899
B1249143930581N03224217EA0179401897
B1249153930582N03224209EA0179301896
B1249163930583N03224201EA0179101893
B1249173930584N03224193EA0178801891
B1249183930584N03224184EA0178601888
B1249193930585N03224175EA0178401886
B1249203930586N03224166EA0178201884
B1249213930587N03224157EA0178001883
B1249223930587N03224149EA0177801881
B1249233930588N03224140EA0177601878
B1249243930589N03224131EA0177401876
B1249253930590N03224121EA0177201874
B1249263930590N03224112EA0177001872
B1249273930591N03224103EA0176901872
B1249283930591N03224094EA0176801871
B1249293930591N03224086EA0176801870
B1249303930591N03224077EA0176701869
B1249313930592N03224068EA0176501867
B1249323930592N03224059EA0176301865
B1249333930592N03224050EA0176201864
B1249343930592N03224042EA0176001862
B1249353930592N03224034EA0175901861
B1249363930592N03224026EA0175701859
B1249373930592N03224017EA0175501856
B1249383930592N03224008EA0175401854
B1249393930592N03223998EA0175201852
B1249403930592N03223988EA0175001852
B1249413930593N03223979EA0174901852
B1249423930593N03223970EA0174901853
B1249433930592N03223963EA0175001854
B1249443930592N03223955EA0175001852
B1249453930591N03223946EA0174901850
B1249463930591N03223937EA0174601846
B1249473930591N03223927EA0174401844
B1249483930591N03223918EA0174101843
B1249493930591N03223909EA0174101843
B1249503930591N03223900EA0174001842
B1249513930590N03223892EA0173901840
B1249523930589N03223884EA0173701837
B1249533930589N03223874EA0173401834
B1249543930588N03223865EA0173101831
B1249553930588N03223855EA0172701828
B1249563930588N03223845EA0172501825
B1249573930589N03223836EA0172301823
B1249583930589N03223827EA0172101821
B1249593930590N03223818EA0171901818
B1250003930591N03223809EA0171601815
B1250013930592N03223800EA0171401812
B1250023930594N03223790EA0171101810
B1250033930595N03223781EA0170901808
B1250043930596N03223771EA0170701806
B1250053930597N03223762EA0170501804
B1250063930598N03223753EA0170301803
B1250073930599N03223744EA0170201801
B1250083930599N03223736EA0170001798
B1250093930600N03223726EA0169701795
B1250103930601N03223717EA0169501793
B1250113930602N03223707EA0169201790
B1250123930602N03223697EA0169001789
B1250133930603N03223688EA0168901787
B1250143930603N03223679EA0168701785
B1250153930603N03223669EA0168501783
B1250163930602N03223660EA0168301780
B1250173930601N03223650EA0168001777
B1250183930601N03223640EA0167701774
B1250193930600N03223630EA0167501771
B1250203930600N03223620EA0167201769
B1250213930599N03223611EA0167001768
B1250223930599N03223602EA0166901766
B1250233930598N03223593EA0166701764
B1250243930597N03223584EA0166501761
B1250253930597N03223575EA0166201758
B1250263930596N03223567EA0165901755
B1250273930596N03223558EA0165601752
B1250283930596N03223549EA0165301749
B1250293930595N03223541EA0164901745
B1250303930595N03223532EA0164701742
B1250313930595N03223524EA0164401740
B1250323930595N03223516EA0164201737
B1250333930595N03223508EA0163901735
B1250343930595N03223500EA0163701732
B1250353930595N03223493EA0163401729
B1250363930595N03223485EA0163201727
B1250373930595N03223477EA0162901725
B1250383930595N03223470EA0162801722
B1250393930596N03223463EA0162501720
B1250403930597N03223457EA0162301718
B1250413930597N03223450EA0162001714
B1250423930598N03223443EA0161701711
B1250433930599N03223436EA0161301707
B1250443930600N03223429EA0161101705
B1250453930601N03223423EA0160801702
B1250463930601N03223417EA0160601699
B1250473930602N03223410EA0160301696
B1250483930602N03223404EA0160001693
B1250493930602N03223397EA0159801691
B1250503930603N03223390EA0159601689
B1250513930604N03223384EA0159401687
B1250523930604N03223378EA0159201685
B1250533930605N03223370EA0158901682
B1250543930605N03223362EA0158701679
B1250553930605N03223354EA0158401678
B1250563930605N03223345EA0158301677
B1250573930606N03223337EA0158301677
B1250583930606N03223330EA0158201677
B1250593930606N03223323EA0158201676
B1251003930607N03223316EA0158101674
B1251013930607N03223309EA0157901672
B1251023930606N03223301EA0157701669
B1251033930606N03223293EA0157401667
B1251043930607N03223286EA0157201664
B1251053930607N03223278EA0157001662
B1251063930609N03223270EA0156801659
B1251073930609N03223262EA0156601658
B1251083930610N03223254EA0156401656
B1251093930610N03223247EA0156201655
B1251103930611N03223241EA0156001652
B1251113930612N03223233EA0155801649
B1251123930614N03223226EA0155401645
B1251133930615N03223218EA0155101641
B1251143930616N03223210EA0154701637
B1251153930617N03223202EA0154401633
B1251163930618N03223194EA0154001630
B1251173930619N03223187EA0153801628
B1251183930620N03223180EA0153501627
B1251193930620N03223173EA0153401625
B1251203930620N03223166EA0153201622
B1251213930620N03223160EA0153001619
B1251223930620N03223153EA0152701615
B1251233930620N03223145EA0152301610
B1251243930621N03223137EA0151901607
B1251253930622N03223129EA0151501604
B1251263930623N03223122EA0151301602
B1251273930624N03223115EA0151101600
B1251283930625N03223109EA0150901598
B1251293930626N03223103EA0150801595
B1251303930626N03223096EA0150401591
B1251313930627N03223089EA0150001587
B1251323930627N03223082EA0149801583
B1251333930628N03223074EA0149401580
B1251343930628N03223067EA0149101578
B1251353930629N03223059EA0149001577
B1251363930629N03223052EA0148801576
B1251373930630N03223045EA0148701574
B1251383930631N03223038EA0148501572
B1251393930631N03223031EA0148301569
B1251403930632N03223024EA0148001566
B1251413930633N03223016EA0147701563
B1251423930634N03223009EA0147401560
B1251433930634N03223002EA0147101556
B1251443930633N03222995EA0146801552
B1251453930633N03222986EA0146401548
B1251463930633N03222977EA0146101544
B1251473930633N03222968EA0145701542
B1251483930633N03222959EA0145501540
B1251493930632N03222952EA0145401540
B1251503930631N03222945EA0145401539
B1251513930630N03222938EA0145301538
B1251523930629N03222931EA0145101536
B1251533930629N03222923EA0144901534
B1251543930629N03222916EA0144701532
B1251553930629N03222909EA0144501530
B1251563930629N03222902EA0144301528
B1251573930629N03222895EA0144201527
B1251583930630N03222888EA0144001524
B1251593930631N03222882EA0143801522
B1252003930632N03222875EA0143501519
B1252013930635N03222868EA0143201516
B1252023930637N03222861EA0142901514
B1252033930639N03222853EA0142701512
B1252043930640N03222844EA0142601511
B1252053930641N03222836EA0142601511
B1252063930641N03222828EA0142501510
B1252073930642N03222820EA0142401509
B1252083930643N03222811EA0142301508
B1252093930643N03222802EA0142201506
B1252103930644N03222793EA0142101506
B1252113930646N03222783EA0142101507
B1252123930648N03222774EA0142301509
B1252133930649N03222765EA0142501513
B1252143930650N03222757EA0142801516
B1252153930650N03222748EA0143101518
B1252163930651N03222740EA0143201518
B1252173930653N03222733EA0143301519
B1252183930656N03222727EA0143301518
B1252193930660N03222723EA0143401518
B1252203930664N03222723EA0143401519
B1252213930666N03222724EA0143401519
B1252223930668N03222727EA0143501520
B1252233930668N03222731EA0143501520
B1252243930668N03222735EA0143501519
B1252253930667N03222740EA0143301517
B1252263930664N03222746EA0143201515
B1252273930660N03222751EA0143101515
B1252283930653N03222756EA0143001515
B1252293930644N03222757EA0143101516
B1252303930636N03222755EA0143201517
B1252313930627N03222750EA0143301518
B1252323930620N03222744EA0143401520
B1252333930614N03222736EA0143601522
B1252343930609N03222727EA0143801523
B1252353930606N03222718EA0143801524
B1252363930604N03222707EA0143801524
B1252373930604N03222698EA0143901526
B1252383930605N03222690EA0144001527
B1252393930606N03222683EA0144201528
B1252403930607N03222676EA0144301528
B1252413930608N03222669EA0144301528
B1252423930610N03222663EA0144301528
B1252433930614N03222659EA0144301527
B1252443930618N03222657EA0144301527
B1252453930622N03222658EA0144201525
B1252463930624N03222662EA0144101526
B1252473930624N03222668EA0144201526
B1252483930621N03222673EA0144301527
B1252493930618N03222677EA0144301527
B1252503930613N03222680EA0144301528
B1252513930609N03222683EA0144301527
B1252523930604N03222685EA0144201527
B1252533930598N03222687EA0144101526
B1252543930591N03222687EA0144001524
B1252553930584N03222685EA0143901523
B1252563930576N03222681EA0143701521
B1252573930569N03222674EA0143601519
B1252583930563N03222666EA0143401518
B1252593930559N03222657EA0143401519
B1253003930555N03222649EA0143501521
B1253013930552N03222642EA0143601522
B1253023930550N03222635EA0143601522
B1253033930547N03222627EA0143601521
B1253043930545N03222619EA0143501519
B1253053930542N03222610EA0143401518
B1253063930539N03222600EA0143301519
B1253073930537N03222591EA0143301519
B1253083930537N03222582EA0143401519
B1253093930539N03222574EA0143401519
B1253103930541N03222568EA0143401520
B1253113930545N03222563EA0143501520
B1253123930549N03222561EA0143601521
B1253133930554N03222559EA0143601521
B1253143930558N03222559EA0143701522
B1253153930561N03222560EA0143701523
B1253163930565N03222563EA0143801522
B1253173930567N03222566EA0143701521
B1253183930569N03222571EA0143601521
B1253193930569N03222575EA0143601521
B1253203930569N03222580EA0143601521
B1253213930568N03222585EA0143501519
B1253223930565N03222590EA0143401518
B1253233930561N03222595EA0143301518
B1253243930557N03222599EA0143301518
B1253253930552N03222602EA0143401518
B1253263930546N03222605EA0143401518
B1253273930541N03222608EA0143301518
B1253283930535N03222610EA0143301517
B1253293930528N03222611EA0143201516
B1253303930521N03222609EA0143101515
B1253313930514N03222605EA0143001513
B1253323930507N03222598EA0142901513
B1253333930502N03222590EA0142901513
B1253343930500N03222581EA0142901514
B1253353930499N03222572EA0143001515
B1253363930499N03222564EA0143001515
B1253373930500N03222556EA0143101516
B1253383930501N03222547EA0143201517
B1253393930502N03222539EA0143201517
B1253403930504N03222530EA0143301518
B1253413930507N03222522EA0143301518
B1253423930508N03222513EA0143301518
B1253433930508N03222505EA0143401519
B1253443930508N03222497EA0143401520
B1253453930507N03222489EA0143401519
B1253463930506N03222481EA0143301518
B1253473930507N03222474EA0143201516
B1253483930510N03222466EA0143001513
B1253493930513N03222458EA0142701511
B1253503930515N03222451EA0142601510
B1253513930517N03222443EA0142501509
B1253523930520N03222434EA0142401508
B1253533930522N03222426EA0142201506
B1253543930525N03222417EA0142001504
B1253553930529N03222407EA0141801502
B1253563930532N03222398EA0141801502
B1253573930534N03222390EA0141701502
B1253583930537N03222382EA0141701502
B1253593930539N03222373EA0141701502
B1254003930542N03222364EA0141601501
B1254013930544N03222355EA0141501500
B1254023930546N03222345EA0141501500
B1254033930547N03222336EA0141501500
B1254043930549N03222327EA0141501500
B1254053930550N03222319EA0141501499
B1254063930552N03222311EA0141401499
B1254073930553N03222303EA0141401499
B1254083930555N03222296EA0141401500
B1254093930556N03222289EA0141501500
B1254103930556N03222282EA0141401500
B1254113930556N03222275EA0141401499
B1254123930556N03222267EA0141401499
B1254133930556N03222259EA0141401498
B1254143930557N03222252EA0141301498
B1254153930559N03222244EA0141301497
B1254163930560N03222237EA0141201496
B1254173930561N03222230EA0141101495
B1254183930562N03222224EA0141001494
B1254193930562N03222218EA0140801491
B1254203930563N03222213EA0140501488
B1254213930564N03222206EA0140101483
B1254223930565N03222198EA0139701478
B1254233930566N03222189EA0139201474
B1254243930567N03222180EA0138901472
B1254253930569N03222172EA0138801472
B1254263930570N03222165EA0138901474
B1254273930571N03222159EA0139001475
B1254283930571N03222153EA0139101476
B1254293930571N03222147EA0139101475
B1254303930571N03222140EA0139001473
B1254313930572N03222131EA0138901471
B1254323930573N03222121EA0138701471
B1254333930574N03222112EA0138701472
B1254343930575N03222103EA0138901476
B1254353930576N03222097EA0139301482
B1254363930576N03222092EA0139801486
B1254373930577N03222087EA0140101488
B1254383930579N03222083EA0140301489
B1254393930581N03222079EA0140401490
B1254403930585N03222076EA0140501490
B1254413930590N03222075EA0140601491
B1254423930595N03222076EA0140701493
B1254433930599N03222080EA0140901494
B1254443930602N03222087EA0140901494
B1254453930602N03222096EA0141001493
B1254463930599N03222104EA0141001492
B1254473930593N03222111EA0140801491
B1254483930586N03222114EA0140601489
B1254493930579N03222114EA0140501488
B1254503930572N03222111EA0140401489
B1254513930566N03222107EA0140401489
B1254523930561N03222101EA0140501491
B1254533930555N03222096EA0140601492
B1254543930550N03222092EA0140701493
B1254553930545N03222088EA0140801493
B1254563930540N03222084EA0140901494
B1254573930535N03222078EA0140901494
B1254583930531N03222070EA0140901495
B1254593930528N03222061EA0141101497
B1255003930525N03222053EA0141301502
B1255013930522N03222047EA0141701506
B1255023930519N03222041EA0142001509
B1255033930517N03222036EA0142401512
B1255043930515N03222031EA0142601513
B1255053930514N03222024EA0142701514
B1255063930515N03222017EA0142801515
B1255073930518N03222011EA0143001517
B1255083930522N03222008EA0143201519
B1255093930526N03222009EA0143401521
B1255103930530N03222013EA0143501522
B1255113930532N03222020EA0143601523
B1255123930532N03222029EA0143701524
B1255133930530N03222037EA0143801526
B1255143930526N03222045EA0144001528
B1255153930520N03222050EA0144201530
B1255163930512N03222052EA0144301531
B1255173930505N03222050EA0144401532
B1255183930498N03222046EA0144501533
B1255193930492N03222040EA0144601535
B1255203930488N03222035EA0144801537
B1255213930484N03222029EA0144901538
B1255223930482N03222022EA0145101540
B1255233930480N03222014EA0145201541
B1255243930480N03222007EA0145401543
B1255253930481N03222000EA0145501544
B1255263930482N03221994EA0145601546
B1255273930483N03221988EA0145801548
B1255283930484N03221983EA0146001549
B1255293930485N03221977EA0146101550
B1255303930487N03221972EA0146201551
B1255313930489N03221967EA0146301552
B1255323930492N03221964EA0146301552
B1255333930495N03221962EA0146301552
B1255343930499N03221961EA0146301552
B1255353930503N03221962EA0146401553
B1255363930506N03221964EA0146601555
B1255373930509N03221966EA0146701557
B1255383930512N03221968EA0146901558
B1255393930515N03221969EA0146901558
B1255403930519N03221970EA0147001559
B1255413930522N03221972EA0147101561
B1255423930524N03221976EA0147201561
B1255433930524N03221983EA0147301561
B1255443930522N03221991EA0147201560
B1255453930518N03221999EA0147201559
B1255463930511N03222005EA0147101559
B1255473930503N03222008EA0147101560
B1255483930495N03222007EA0147201559
B1255493930488N03222002EA0147101560
B1255503930482N03221996EA0147201560
B1255513930478N03221989EA0147301562
B1255523930476N03221981EA0147401563
B1255533930475N03221975EA0147501564
B1255543930476N03221970EA0147601565
B1255553930478N03221965EA0147701565
B1255563930480N03221961EA0147701566
B1255573930484N03221957EA0147701567
B1255583930487N03221955EA0147801568
B1255593930489N03221952EA0147901568
B1256003930492N03221950EA0147901568
B1256013930494N03221948EA0147901567
B1256023930497N03221947EA0147801566
B1256033930501N03221946EA0147801566
B1256043930504N03221946EA0147801566
B1256053930508N03221946EA0147801566
B1256063930512N03221947EA0147901566
B1256073930516N03221947EA0147901567
B1256083930519N03221946EA0147901567
B1256093930523N03221945EA0148001567
B1256103930526N03221944EA0148001567
B1256113930530N03221944EA0148001567
B1256123930534N03221945EA0148001568
B1256133930537N03221946EA0148201569
B1256143930540N03221947EA0148301570
B1256153930542N03221947EA0148301571
B1256163930544N03221947EA0148401571
B1256173930547N03221948EA0148501571
B1256183930549N03221950EA0148501571
B1256193930551N03221955EA0148401569
B1256203930551N03221962EA0148301568
B1256213930550N03221970EA0148201567
B1256223930547N03221978EA0148101567
B1256233930541N03221984EA0148001567
B1256243930534N03221989EA0148001567
B1256253930527N03221991EA0148001566
B1256263930519N03221991EA0148001566
B1256273930512N03221989EA0147901565
B1256283930506N03221984EA0147801563
B1256293930500N03221978EA0147701562
B1256303930497N03221971EA0147601562
B1256313930494N03221964EA0147601562
B1256323930493N03221957EA0147501562
B1256333930493N03221950EA0147501562
B1256343930492N03221943EA0147601563
B1256353930491N03221936EA0147601563
B1256363930490N03221928EA0147601563
B1256373930490N03221921EA0147501562
B1256383930490N03221913EA0147501562
B1256393930490N03221905EA0147501562
B1256403930489N03221898EA0147501562
B1256413930488N03221890EA0147501562
B1256423930488N03221883EA0147501562
B1256433930488N03221877EA0147401561
B1256443930488N03221870EA0147401561
B1256453930488N03221864EA0147401561
B1256463930488N03221857EA0147401561
B1256473930488N03221850EA0147501563
B1256483930488N03221844EA0147701566
B1256493930488N03221838EA0147901568
B1256503930487N03221833EA0148101569
B1256513930487N03221828EA0148101568
B1256523930486N03221822EA0148001567
B1256533930487N03221816EA0147801564
B1256543930487N03221809EA0147601562
B1256553930487N03221802EA0147401561
B1256563930487N03221796EA0147301560
B1256573930487N03221791EA0147301559
B1256583930487N03221785EA0147101558
B1256593930487N03221780EA0146901555
B1257003930487N03221773EA0146601552
B1257013930486N03221765EA0146301548
B1257023930484N03221757EA0146101546
B1257033930483N03221748EA0145901545
B1257043930481N03221741EA0145801544
B1257053930481N03221734EA0145601543
B1257063930481N03221728EA0145401540
B1257073930481N03221721EA0145201537
B1257083930480N03221713EA0144801533
B1257093930479N03221704EA0144401529
B1257103930479N03221694EA0144101525
B1257113930479N03221684EA0143801523
B1257123930479N03221675EA0143601522
B1257133930479N03221666EA0143501521
B1257143930479N03221658EA0143401519
B1257153930479N03221650EA0143201518
B1257163930479N03221641EA0143101516
B1257173930480N03221632EA0142901515
B1257183930481N03221623EA0142901515
B1257193930481N03221616EA0142901514
B1257203930482N03221608EA0142801513
B1257213930482N03221601EA0142601511
B1257223930482N03221592EA0142301508
B1257233930482N03221582EA0142101506
B1257243930482N03221571EA0142101506
B1257253930482N03221561EA0142001506
B1257263930483N03221552EA0142001507
B1257273930485N03221544EA0142101507
B1257283930487N03221536EA0142101507
B1257293930489N03221527EA0142101506
B1257303930490N03221518EA0142001506
B1257313930491N03221508EA0142001505
B1257323930493N03221499EA0142001505
B1257333930495N03221490EA0142001505
B1257343930497N03221480EA0142001506
B1257353930499N03221472EA0142101508
B1257363930500N03221464EA0142301510
B1257373930502N03221456EA0142401511
B1257383930503N03221447EA0142501511
B1257393930505N03221438EA0142401509
B1257403930507N03221429EA0142301508
B1257413930510N03221420EA0142201508
B1257423930513N03221411EA0142301509
B1257433930515N03221403EA0142401512
B1257443930517N03221396EA0142701514
B1257453930518N03221389EA0142801515
B1257463930519N03221382EA0142901515
B1257473930521N03221377EA0142901515
B1257483930525N03221372EA0142901514
B1257493930529N03221369EA0142801512
B1257503930534N03221368EA0142701511
B1257513930538N03221370EA0142601511
B1257523930542N03221374EA0142501510
B1257533930543N03221380EA0142401509
B1257543930543N03221386EA0142401508
B1257553930539N03221393EA0142301507
B1257563930533N03221397EA0142201506
B1257573930526N03221398EA0142101504
B1257583930518N03221396EA0142001504
B1257593930512N03221390EA0142001504
B1258003930508N03221382EA0142001504
B1258013930506N03221373EA0142001503
B1258023930506N03221364EA0142001503
B1258033930508N03221356EA0141901503
B1258043930510N03221349EA0142001504
B1258053930512N03221342EA0142001504
B1258063930512N03221335EA0142001504
B1258073930512N03221327EA0142001503
B1258083930511N03221320EA0141801501
B1258093930510N03221312EA0141601499
B1258103930510N03221304EA0141401497
B1258113930510N03221295EA0141101494
B1258123930510N03221286EA0140901491
B1258133930510N03221277EA0140801490
B1258143930509N03221268EA0140701491
B1258153930509N03221261EA0140801492
B1258163930508N03221254EA0140801492
B1258173930507N03221247EA0140801491
B1258183930505N03221240EA0140701489
B1258193930502N03221232EA0140401487
B1258203930499N03221223EA0140201484
B1258213930495N03221214EA0140101484
B1258223930490N03221206EA0140001484
B1258233930485N03221199EA0140101486
B1258243930481N03221193EA0140201486
B1258253930476N03221188EA0140101485
B1258263930471N03221181EA0140001482
B1258273930466N03221174EA0139701479
B1258283930460N03221166EA0139501476
B1258293930454N03221158EA0139201474
B1258303930448N03221150EA0139101472
B1258313930444N03221141EA0138901472
B1258323930440N03221133EA0138801472
B1258333930436N03221125EA0138801471
B1258343930432N03221117EA0138701469
B1258353930427N03221109EA0138601468
B1258363930423N03221101EA0138501466
B1258373930418N03221093EA0138301465
B1258383930413N03221085EA0138201464
B1258393930408N03221077EA0138201462
B1258403930404N03221069EA0138001461
B1258413930400N03221061EA0137801458
B1258423930395N03221052EA0137601455
B1258433930391N03221043EA0137301453
B1258443930387N03221034EA0137001450
B1258453930383N03221025EA0136801448
B1258463930379N03221016EA0136701447
B1258473930375N03221008EA0136601446
B1258483930371N03221000EA0136501445
B1258493930366N03220992EA0136301443
B1258503930361N03220983EA0136201440
B1258513930355N03220975EA0136001438
B1258523930349N03220967EA0135801437
B1258533930343N03220959EA0135701436
B1258543930337N03220952EA0135601435
B1258553930332N03220944EA0135501434
B1258563930326N03220936EA0135301433
B1258573930319N03220927EA0135201431
B1258583930312N03220919EA0135101430
B1258593930305N03220910EA0135001431
B1259003930299N03220902EA0135101433
B1259013930294N03220895EA0135201434
B1259023930290N03220888EA0135301434
B1259033930285N03220881EA0135301433
B1259043930280N03220873EA0135101430
B1259053930274N03220865EA0134901429
B1259063930269N03220856EA0134701427
B1259073930265N03220847EA0134501425
B1259083930260N03220838EA0134401424
B1259093930256N03220829EA0134201422
B1259103930251N03220820EA0134101420
B1259113930247N03220811EA0134001419
B1259123930245N03220801EA0133901419
B1259133930242N03220792EA0133901419
B1259143930239N03220782EA0133901419
B1259153930235N03220773EA0134001420
B1259163930231N03220764EA0134101421
B1259173930228N03220755EA0134201423
B1259183930227N03220748EA0134401425
B1259193930227N03220743EA0134501426
B1259203930229N03220740EA0134601426
B1259213930231N03220739EA0134501424
B1259223930234N03220741EA0134301423
B1259233930236N03220746EA0134201421
B1259243930237N03220753EA0134001420
B1259253930236N03220762EA0133901419
B1259263930233N03220771EA0133801419
B1259273930227N03220778EA0133901420
B1259283930219N03220782EA0133901420
B1259293930210N03220781EA0134001421
B1259303930202N03220778EA0134001421
B1259313930195N03220773EA0134001422
B1259323930188N03220769EA0134001422
B1259333930181N03220765EA0134101423
B1259343930173N03220761EA0134101422
B1259353930167N03220756EA0134101422
B1259363930162N03220748EA0134101422
B1259373930158N03220740EA0134001420
B1259383930156N03220732EA0133801419
B1259393930155N03220725EA0133701419
B1259403930154N03220719EA0133801420
B1259413930154N03220715EA0133901421
B1259423930154N03220712EA0134001421
B1259433930156N03220709EA0134001420
B1259443930158N03220706EA0133901420
B1259453930160N03220705EA0133901420
B1259463930163N03220706EA0133901419
B1259473930165N03220710EA0133801418
B1259483930167N03220716EA0133801417
B1259493930166N03220724EA0133701416
B1259503930164N03220732EA0133601415
B1259513930160N03220741EA0133601416
B1259523930153N03220749EA0133601418
B1259533930146N03220754EA0133701419
B1259543930138N03220757EA0133901421
B1259553930130N03220759EA0134101422
B1259563930123N03220759EA0134101422
B1259573930115N03220757EA0134101421
B1259583930106N03220753EA0134001419
B1259593930098N03220747EA0133801418
B1300003930092N03220740EA0133701417
B1300013930087N03220731EA0133601416
B1300023930084N03220722EA0133501415
B1300033930079N03220713EA0133401413
B1300043930074N03220704EA0133301413
B1300053930068N03220695EA0133401414
B1300063930064N03220686EA0133501416
B1300073930061N03220678EA0133501417
B1300083930058N03220670EA0133601418
B1300093930055N03220663EA0133801419
B1300103930051N03220657EA0133801419
B1300113930047N03220650EA0133801418
B1300123930044N03220643EA0133601416
B1300133930040N03220635EA0133501414
B1300143930036N03220626EA0133401413
B1300153930032N03220617EA0133301414
B1300163930028N03220610EA0133501416
B1300173930025N03220603EA0133601418
B1300183930022N03220596EA0133801419
B1300193930020N03220588EA0133901421
B1300203930020N03220580EA0134101424
B1300213930020N03220573EA0134501429
B1300223930020N03220566EA0134901433
B1300233930021N03220560EA0135201436
B1300243930020N03220554EA0135501438
B1300253930021N03220549EA0135701440
B1300263930022N03220543EA0135901442
B1300273930025N03220538EA0136001443
B1300283930029N03220535EA0136201444
B1300293930034N03220535EA0136401447
B1300303930038N03220539EA0136601448
B1300313930040N03220546EA0136701450
B1300323930041N03220554EA0136801453
B1300333930040N03220562EA0137101456
B1300343930038N03220569EA0137401460
B1300353930035N03220575EA0137701462
B1300363930030N03220580EA0137901463
B1300373930023N03220583EA0138101464
B1300383930016N03220584EA0138201466
B1300393930008N03220583EA0138301469
B1300403930001N03220579EA0138601472
B1300413929997N03220573EA0138801475
B1300423929995N03220566EA0139101477
B1300433929996N03220560EA0139401479
B1300443929998N03220554EA0139501481
B1300453930002N03220550EA0139801483
B1300463930006N03220549EA0140001484
B1300473930011N03220550EA0140101486
B1300483930016N03220555EA0140201487
B1300493930018N03220562EA0140401490
B1300503930019N03220571EA0140701495
B1300513930017N03220578EA0141101499
B1300523930013N03220585EA0141401502
B1300533930009N03220590EA0141701504
B1300543930003N03220594EA0141901506
B1300553929997N03220596EA0142101507
B1300563929991N03220597EA0142201508
B1300573929984N03220595EA0142301509
B1300583929978N03220592EA0142401511
B1300593929973N03220586EA0142601514
B1301003929969N03220580EA0142901517
B1301013929966N03220574EA0143201521
B1301023929964N03220569EA0143501524
B1301033929963N03220563EA0143801527
B1301043929964N03220558EA0144101529
B1301053929966N03220553EA0144201530
B1301063929970N03220550EA0144401532
B1301073929975N03220549EA0144601535
B1301083929980N03220551EA0144901538
B1301093929984N03220554EA0145101540
B1301103929988N03220559EA0145301542
B1301113929990N03220566EA0145401544
B1301123929991N03220574EA0145701546
B1301133929991N03220583EA0145901549
B1301143929988N03220591EA0146201552
B1301153929983N03220598EA0146501556
B1301163929978N03220604EA0146801559
B1301173929971N03220608EA0147101562
B1301183929965N03220610EA0147401565
B1301193929958N03220610EA0147701567
B1301203929951N03220607EA0147901569
B1301213929944N03220604EA0148101572
B1301223929938N03220599EA0148501577
B1301233929934N03220594EA0148901581
B1301243929930N03220589EA0149301585
B1301253929928N03220584EA0149601588
B1301263929926N03220578EA0149901590
B1301273929926N03220572EA0150101592
B1301283929926N03220567EA0150301594
B1301293929929N03220562EA0150501597
B1301303929932N03220560EA0150801599
B1301313929937N03220559EA0151001601
B1301323929942N03220561EA0151301605
B1301333929946N03220566EA0151601609
B1301343929949N03220572EA0152001613
B1301353929950N03220580EA0152301615
B1301363929949N03220588EA0152501617
B1301373929946N03220597EA0152601618
B1301383929942N03220605EA0152701619
B1301393929937N03220612EA0152901622
B1301403929931N03220617EA0153101624
B1301413929924N03220620EA0153301626
B1301423929916N03220620EA0153501627
B1301433929909N03220617EA0153701629
B1301443929903N03220613EA0153901633
B1301453929898N03220607EA0154201636
B1301463929895N03220601EA0154501639
B1301473929894N03220595EA0154701641
B1301483929894N03220590EA0154901642
B1301493929894N03220584EA0155101644
B1301503929896N03220579EA0155201646
B1301513929899N03220575EA0155401648
B1301523929903N03220572EA0155601651
B1301533929908N03220571EA0155901653
B1301543929912N03220572EA0156301657
B1301553929917N03220574EA0156601661
B1301563929920N03220578EA0156901664
B1301573929923N03220584EA0157201667
B1301583929925N03220592EA0157501669
B1301593929924N03220602EA0157601670
B1302003929922N03220612EA0157801673
B1302013929918N03220620EA0158001676
B1302023929912N03220626EA0158301679
B1302033929906N03220629EA0158401679
B1302043929898N03220630EA0158501679
B1302053929890N03220630EA0158501680
B1302063929883N03220629EA0158701683
B1302073929876N03220627EA0158901686
B1302083929871N03220625EA0159101688
B1302093929867N03220620EA0159301688
B1302103929863N03220613EA0159301687
B1302113929862N03220606EA0159301688
B1302123929862N03220599EA0159301690
B1302133929863N03220593EA0159601694
B1302143929865N03220590EA0160001698
B1302153929868N03220587EA0160401702
B1302163929872N03220587EA0160701704
B1302173929877N03220588EA0161001707
B1302183929882N03220591EA0161201710
B1302193929887N03220597EA0161601714
B1302203929889N03220605EA0162001718
B1302213929889N03220614EA0162301721
B1302223929888N03220622EA0162601723
B1302233929885N03220630EA0162801724
B1302243929880N03220637EA0162801724
B1302253929873N03220643EA0162901724
B1302263929865N03220646EA0162901724
B1302273929858N03220647EA0162901725
B1302283929850N03220647EA0163001727
B1302293929844N03220645EA0163201728
B1302303929838N03220642EA0163201729
B1302313929834N03220637EA0163301729
B1302323929830N03220631EA0163201727
B1302333929828N03220624EA0163101726
B1302343929826N03220617EA0163001726
B1302353929826N03220610EA0163101729
B1302363929826N03220603EA0163401732
B1302373929827N03220595EA0163701737
B1302383929828N03220589EA0164201743
B1302393929828N03220583EA0164801749
B1302403929829N03220578EA0165301754
B1302413929830N03220573EA0165701758
B1302423929832N03220568EA0166101762
B1302433929835N03220564EA0166601766
B1302443929839N03220562EA0167001770
B1302453929844N03220562EA0167401774
B1302463929849N03220565EA0167701778
B1302473929853N03220571EA0168101783
B1302483929854N03220579EA0168601787
B1302493929854N03220587EA0169001790
B1302503929851N03220596EA0169201793
B1302513929847N03220603EA0169501796
B1302523929842N03220609EA0169801799
B1302533929836N03220613EA0170101802
B1302543929829N03220614EA0170401806
B1302553929822N03220613EA0170701810
B1302563929816N03220610EA0171201815
B1302573929812N03220606EA0171601820
B1302583929809N03220601EA0172001824
B1302593929807N03220596EA0172401828
B1303003929805N03220590EA0172801831
B1303013929805N03220585EA0173101835
B1303023929807N03220580EA0173501838
B1303033929810N03220576EA0173801841
B1303043929814N03220575EA0174101844
B1303053929819N03220576EA0174401848
B1303063929824N03220581EA0174801852
B1303073929826N03220588EA0175201856
B1303083929826N03220596EA0175501859
B1303093929825N03220605EA0175801862
B1303103929823N03220613EA0176101865
B1303113929820N03220621EA0176401868
B1303123929817N03220629EA0176701871
B1303133929813N03220636EA0176901873
B1303143929807N03220641EA0177101874
B1303153929800N03220645EA0177201875
B1303163929792N03220646EA0177401878
B1303173929785N03220644EA0177601881
B1303183929779N03220640EA0178001886
B1303193929774N03220635EA0178401892
B1303203929771N03220632EA0178901897
B1303213929768N03220629EA0179301902
B1303223929766N03220626EA0179701904
B1303233929764N03220622EA0180001906
B1303243929762N03220616EA0180201908
B1303253929761N03220609EA0180401910
B1303263929761N03220603EA0180601914
B1303273929763N03220597EA0181101920
B1303283929765N03220593EA0181601925
B1303293929768N03220590EA0182101930
B1303303929772N03220590EA0182501933
B1303313929775N03220590EA0182801936
B1303323929779N03220592EA0183101938
B1303333929784N03220595EA0183301942
B1303343929788N03220599EA0183601945
B1303353929791N03220605EA0183901948
B1303363929792N03220611EA0184201950
B1303373929793N03220618EA0184401952
B1303383929792N03220627EA0184501952
B1303393929790N03220635EA0184501953
B1303403929786N03220644EA0184601953
B1303413929782N03220651EA0184601954
B1303423929778N03220658EA0184701955
B1303433929772N03220664EA0184801955
B1303443929766N03220670EA0184801955
B1303453929760N03220675EA0184801955
B1303463929753N03220679EA0184801955
B1303473929745N03220680EA0184801955
B1303483929738N03220678EA0184801954
B1303493929731N03220674EA0184801955
B1303503929726N03220668EA0184901957
B1303513929723N03220661EA0185001959
B1303523929720N03220655EA0185301963
B1303533929718N03220648EA0185601966
B1303543929716N03220641EA0185901970
B1303553929715N03220635EA0186301973
B1303563929715N03220628EA0186601976
B1303573929717N03220622EA0186901979
B1303583929719N03220616EA0187201983
B1303593929722N03220610EA0187501987
B1304003929725N03220606EA0187901991
B1304013929728N03220602EA0188401995
B1304023929732N03220600EA0188701998
B1304033929736N03220600EA0189002001
B1304043929740N03220600EA0189302003
B1304053929745N03220601EA0189602005
B1304063929750N03220603EA0189702008
B1304073929755N03220606EA0190002011
B1304083929758N03220609EA0190202013
B1304093929762N03220611EA0190402015
B1304103929764N03220612EA0190602016
B1304113929768N03220613EA0190702016
B1304123929771N03220615EA0190602014
B1304133929774N03220621EA0190502012
B1304143929776N03220630EA0190402013
B1304153929777N03220639EA0190502015
B1304163929776N03220648EA0190802020
B1304173929776N03220655EA0191202024
B1304183929776N03220660EA0191402026
B1304193929778N03220664EA0191502025
B1304203929779N03220669EA0191502024
B1304213929780N03220676EA0191502024
B1304223929780N03220682EA0191402024
B1304233929778N03220689EA0191402024
B1304243929773N03220694EA0191402023
B1304253929767N03220697EA0191302022
B1304263929758N03220697EA0191102019
B1304273929750N03220694EA0190902018
B1304283929742N03220689EA0190902019
B1304293929737N03220683EA0190902021
B1304303929734N03220676EA0191002023
B1304313929732N03220671EA0191102023
B1304323929730N03220665EA0191202023
B1304333929729N03220658EA0191202023
B1304343929728N03220650EA0191202023
B1304353929728N03220642EA0191302025
B1304363929728N03220635EA0191502029
B1304373929728N03220629EA0191802031
B1304383929728N03220623EA0192002033
B1304393929727N03220618EA0192102033
B1304403929726N03220612EA0192202033
B1304413929725N03220606EA0192102031
B1304423929725N03220599EA0192102031
B1304433929726N03220592EA0192002031
B1304443929726N03220585EA0192102032
B1304453929727N03220578EA0192102032
B1304463929728N03220570EA0192202033
B1304473929729N03220563EA0192402034
B1304483929730N03220558EA0192402036
B1304493929731N03220552EA0192502036
B1304503929733N03220546EA0192602035
B1304513929735N03220538EA0192602036
B1304523929739N03220531EA0192702039
B1304533929744N03220526EA0193002044
B1304543929748N03220523EA0193402051
B1304553929752N03220520EA0194002056
B1304563929754N03220516EA0194402059
B1304573929756N03220511EA0194602060
B1304583929759N03220506EA0194802061
B1304593929762N03220501EA0195002062
B1305003929767N03220499EA0195102064
B1305013929772N03220500EA0195202064
B1305023929775N03220505EA0195202064
B1305033929777N03220512EA0195202063
B1305043929776N03220520EA0195102063
B1305053929771N03220528EA0195102062
B1305063929764N03220532EA0195102063
B1305073929757N03220534EA0195102064
B1305083929749N03220532EA0195202066
B1305093929742N03220528EA0195402068
B1305103929736N03220522EA0195602070
B1305113929731N03220514EA0195802072
B1305123929728N03220506EA0196102076
B1305133929726N03220497EA0196402079
B1305143929726N03220488EA0196602081
B1305153929727N03220480EA0196902083
B1305163929729N03220472EA0197102085
B1305173929732N03220465EA0197202086
B1305183929736N03220461EA0197302086
B1305193929740N03220457EA0197402087
B1305203929745N03220455EA0197502089
B1305213929749N03220455EA0197702090
B1305223929752N03220458EA0197602090
B1305233929753N03220462EA0197502089
B1305243929754N03220468EA0197402088
B1305253929754N03220475EA0197402087
B1305263929751N03220482EA0197302087
B1305273929747N03220487EA0197202085
B1305283929740N03220492EA0197102084
B1305293929732N03220494EA0197002083
B1305303929723N03220495EA0197102086
B1305313929716N03220494EA0197402091
B1305323929710N03220494EA0197902097
B1305333929704N03220494EA0198302101
B1305343929699N03220494EA0198602103
B1305353929693N03220494EA0198802104
B1305363929686N03220494EA0199002106
B1305373929679N03220491EA0199202108
B1305383929672N03220487EA0199302110
B1305393929667N03220480EA0199502111
B1305403929663N03220474EA0199702113
B1305413929659N03220466EA0199802115
B1305423929657N03220459EA0200002117
B1305433929654N03220452EA0200102118
B1305443929653N03220445EA0200302120
B1305453929652N03220438EA0200402120
B1305463929652N03220431EA0200402120
B1305473929652N03220423EA0200402119
B1305483929654N03220416EA0200302118
B1305493929656N03220408EA0200202117
B1305503929659N03220400EA0200102115
B1305513929662N03220391EA0200002114
B1305523929664N03220382EA0200002115
B1305533929665N03220372EA0200002117
B1305543929666N03220364EA0200202119
B1305553929665N03220358EA0200302119
B1305563929666N03220352EA0200302118
B1305573929667N03220346EA0200202116
B1305583929669N03220339EA0200002113
B1305593929671N03220333EA0199802110
B1306003929674N03220327EA0199602109
B1306013929678N03220322EA0199502108
B1306023929682N03220319EA0199502108
B1306033929685N03220316EA0199502108
B1306043929688N03220314EA0199502107
B1306053929691N03220311EA0199302106
B1306063929694N03220309EA0199202105
B1306073929697N03220305EA0199002103
B1306083929700N03220302EA0198802100
B1306093929704N03220297EA0198602097
B1306103929707N03220292EA0198402095
B1306113929709N03220287EA0198202094
B1306123929712N03220282EA0198202094
B1306133929714N03220277EA0198102092
B1306143929716N03220272EA0197902091
B1306153929718N03220267EA0197702088
B1306163929721N03220262EA0197502086
B1306173929724N03220257EA0197302084
B1306183929727N03220252EA0197202083
B1306193929730N03220246EA0197202084
B1306203929732N03220241EA0197302085
B1306213929733N03220235EA0197302085
B1306223929734N03220230EA0197202084
B1306233929735N03220224EA0197102082
B1306243929736N03220218EA0196902080
B1306253929738N03220211EA0196702078
B1306263929739N03220204EA0196602077
B1306273929739N03220197EA0196602078
B1306283929740N03220192EA0196602078
B1306293929740N03220187EA0196502076
B1306303929741N03220182EA0196402075
B1306313929743N03220176EA0196202072
B1306323929744N03220170EA0196002071
B1306333929746N03220165EA0196002070
B1306343929747N03220159EA0195902071
B1306353929748N03220154EA0195902071
B1306363929749N03220149EA0195902070
B1306373929751N03220144EA0195902069
B1306383929752N03220139EA0195702068
B1306393929753N03220134EA0195602067
B1306403929754N03220128EA0195602066
B1306413929755N03220123EA0195502065
B1306423929755N03220117EA0195302063
B1306433929757N03220111EA0195102060
B1306443929758N03220105EA0194902058
B1306453929759N03220099EA0194702057
B1306463929760N03220093EA0194602056
B1306473929760N03220088EA0194402054
B1306483929762N03220084EA0194202051
B1306493929763N03220079EA0194002048
B1306503929764N03220074EA0193702045
B1306513929765N03220068EA0193402042
B1306523929765N03220061EA0193202039
B1306533929766N03220055EA0192902036
B1306543929767N03220050EA0192602033
B1306553929768N03220044EA0192302029
B1306563929769N03220038EA0191902025
B1306573929771N03220032EA0191602021
B1306583929774N03220025EA0191202017
B1306593929777N03220019EA0190902015
B1307003929779N03220013EA0190602012
B1307013929781N03220007EA0190302009
B1307023929783N03220001EA0190002006
B1307033929786N03219995EA0189702001
B1307043929789N03219988EA0189301997
B1307053929793N03219982EA0188901994
B1307063929797N03219976EA0188801993
B1307073929801N03219971EA0188701992
B1307083929804N03219967EA0188601992
B1307093929806N03219962EA0188401989
B1307103929809N03219957EA0188201986
B1307113929812N03219953EA0187801982
B1307123929815N03219948EA0187401979
B1307133929819N03219944EA0187201977
B1307143929821N03219940EA0187101976
B1307153929824N03219937EA0186901974
B1307163929828N03219933EA0186701971
B1307173929832N03219929EA0186501967
B1307183929836N03219925EA0186301965
B1307193929839N03219922EA0186001964
B1307203929843N03219919EA0185901964
B1307213929845N03219916EA0185901963
B1307223929847N03219912EA0185701961
B1307233929848N03219906EA0185501957
B1307243929850N03219899EA0185101953
B1307253929851N03219891EA0184701950
B1307263929853N03219883EA0184401948
B1307273929854N03219877EA0184301947
B1307283929855N03219870EA0184201945
B1307293929854N03219864EA0184001942
B1307303929855N03219856EA0183701938
B1307313929855N03219848EA0183201932
B1307323929857N03219840EA0182601927
B1307333929858N03219831EA0182101923
B1307343929859N03219823EA0181801921
B1307353929860N03219816EA0181701920
B1307363929861N03219810EA0181501917
B1307373929861N03219804EA0181201913
B1307383929861N03219797EA0180801908
B1307393929862N03219789EA0180301902
B1307403929863N03219781EA0179801896
B1307413929865N03219773EA0179301890
B1307423929867N03219764EA0178701885
B1307433929869N03219755EA0178301882
B1307443929871N03219746EA0178001881
B1307453929873N03219739EA0178001881
B1307463929874N03219734EA0178001881
B1307473929875N03219729EA0177901879
B1307483929876N03219723EA0177701876
B1307493929877N03219716EA0177401872
B1307503929879N03219709EA0177101868
B1307513929882N03219701EA0176701865
B1307523929884N03219694EA0176401863
B1307533929886N03219687EA0176201861
B1307543929888N03219681EA0176001859
B1307553929890N03219674EA0175901857
B1307563929891N03219668EA0175601854
B1307573929894N03219662EA0175201850
B1307583929896N03219655EA0174901846
B1307593929899N03219648EA0174601843
B1308003929901N03219641EA0174301840
B1308013929903N03219635EA0174001838
B1308023929905N03219629EA0173801835
B1308033929907N03219622EA0173501832
B1308043929909N03219616EA0173301829
B1308053929912N03219610EA0173001827
B1308063929914N03219603EA0172801824
B1308073929918N03219597EA0172601823
B1308083929921N03219591EA0172401821
B1308093929924N03219585EA0172301820
B1308103929928N03219580EA0172201818
B1308113929930N03219574EA0172001816
B1308123929933N03219568EA0171701813
B1308133929937N03219562EA0171401810
B1308143929941N03219555EA0171101807
B1308153929945N03219549EA0171001805
B1308163929948N03219543EA0170801804
B1308173929951N03219536EA0170701803
B1308183929953N03219530EA0170601801
B1308193929956N03219524EA0170401799
B1308203929959N03219519EA0170201796
B1308213929963N03219512EA0169901793
B1308223929966N03219504EA0169701793
B1308233929967N03219496EA0169801795
B1308243929965N03219489EA0169901798
B1308253929962N03219482EA0170101800
B1308263929959N03219475EA0170301802
B1308273929957N03219468EA0170401802
B1308283929957N03219461EA0170401802
B1308293929957N03219453EA0170401803
B1308303929958N03219446EA0170601804
B1308313929958N03219439EA0170801806
B1308323929957N03219431EA0170801807
B1308333929955N03219423EA0170901808
B1308343929953N03219415EA0171001810
B1308353929953N03219407EA0171301812
B1308363929954N03219400EA0171501815
B1308373929956N03219395EA0171701818
B1308383929958N03219393EA0172001821
B1308393929960N03219391EA0172301824
B1308403929963N03219391EA0172501826
B1308413929965N03219392EA0172701827
B1308423929968N03219395EA0172801828
B1308433929971N03219400EA0172901828
B1308443929973N03219406EA0172901829
B1308453929973N03219414EA0172901829
B1308463929972N03219422EA0172901829
B1308473929967N03219431EA0172901828
B1308483929959N03219438EA0172901828
B1308493929951N03219440EA0173001830
B1308503929942N03219439EA0173101832
B1308513929935N03219434EA0173301834
B1308523929931N03219428EA0173401836
B1308533929928N03219422EA0173701839
B1308543929925N03219416EA0173901841
B1308553929923N03219411EA0174101843
B1308563929921N03219406EA0174301844
B1308573929919N03219400EA0174401845
B1308583929919N03219394EA0174401846
B1308593929919N03219389EA0174601847
B1309003929921N03219384EA0174801849
B1309013929923N03219382EA0175001852
B1309023929926N03219382EA0175301855
B1309033929929N03219384EA0175601857
B1309043929930N03219389EA0175701857
B1309053929932N03219393EA0175701858
B1309063929935N03219397EA0175801859
B1309073929938N03219399EA0175901861
B1309083929940N03219401EA0176101863
B1309093929942N03219405EA0176201864
B1309103929942N03219412EA0176301863
B1309113929940N03219419EA0176201862
B1309123929938N03219426EA0176201863
B1309133929935N03219433EA0176301865
B1309143929930N03219438EA0176301866
B1309153929924N03219441EA0176401865
B1309163929916N03219443EA0176301864
B1309173929908N03219441EA0176201864
B1309183929902N03219437EA0176301866
B1309193929897N03219431EA0176501868
B1309203929894N03219424EA0176601869
B1309213929892N03219416EA0176701871
B1309223929892N03219409EA0176801873
B1309233929893N03219403EA0177001875
B1309243929894N03219398EA0177301877
B1309253929895N03219393EA0177501879
B1309263929896N03219388EA0177701882
B1309273929896N03219382EA0177901884
B1309283929896N03219377EA0178201887
B1309293929896N03219372EA0178401889
B1309303929897N03219368EA0178501889
B1309313929899N03219365EA0178501888
B1309323929901N03219362EA0178401888
B1309333929904N03219359EA0178501889
B1309343929906N03219357EA0178701892
B1309353929907N03219356EA0178901895
B1309363929909N03219357EA0179201897
B1309373929911N03219359EA0179401898
B1309383929912N03219364EA0179501899
B1309393929913N03219370EA0179701901
B1309403929913N03219377EA0179801903
B1309413929911N03219384EA0180001904
B1309423929908N03219391EA0180001905
B1309433929903N03219398EA0180001905
B1309443929898N03219404EA0180101905
B1309453929891N03219410EA0180101906
B1309463929884N03219413EA0180201907
B1309473929876N03219414EA0180301909
B1309483929867N03219413EA0180501911
B1309493929860N03219411EA0180701913
B1309503929854N03219407EA0180901915
B1309513929849N03219402EA0181001916
B1309523929844N03219395EA0181101915
B1309533929841N03219387EA0181001915
B1309543929838N03219379EA0181101916
B1309553929838N03219372EA0181201918
B1309563929839N03219368EA0181401919
B1309573929841N03219366EA0181601921
B1309583929844N03219368EA0181601922
B1309593929846N03219371EA0181701923
B1310003929848N03219377EA0181901924
B1310013929849N03219385EA0182001925
B1310023929847N03219395EA0182101927
B1310033929842N03219404EA0182301929
B1310043929836N03219411EA0182501931
B1310053929829N03219415EA0182701934
B1310063929822N03219418EA0182901936
B1310073929815N03219419EA0183001937
B1310083929808N03219420EA0183101937
B1310093929800N03219420EA0183101936
B1310103929792N03219418EA0183101935
B1310113929785N03219415EA0183101934
B1310123929778N03219409EA0183001934
B1310133929773N03219403EA0182901933
B1310143929769N03219396EA0182901933
B1310153929766N03219389EA0182901933
B1310163929765N03219382EA0183001934
B1310173929764N03219376EA0183001935
B1310183929765N03219371EA0183101936
B1310193929767N03219366EA0183201936
B1310203929770N03219363EA0183201936
B1310213929772N03219362EA0183301938
B1310223929775N03219360EA0183401939
B1310233929778N03219359EA0183601941
B1310243929781N03219358EA0183801943
B1310253929783N03219356EA0184001945
B1310263929786N03219355EA0184101947
B1310273929789N03219356EA0184301949
B1310283929791N03219358EA0184401950
B1310293929793N03219362EA0184501950
B1310303929795N03219367EA0184601951
B1310313929797N03219374EA0184701953
B1310323929799N03219380EA0184901956
B1310333929801N03219385EA0185101959
B1310343929802N03219388EA0185401962
B1310353929804N03219391EA0185701964
B1310363929806N03219393EA0185801963
B1310373929808N03219395EA0185701962
B1310383929810N03219398EA0185501959
B1310393929812N03219404EA0185401957
B1310403929814N03219410EA0185201956
B1310413929814N03219416EA0185201957
B1310423929812N03219421EA0185301958
B1310433929808N03219426EA0185301958
B1310443929802N03219430EA0185301957
B1310453929795N03219433EA0185201956
B1310463929788N03219433EA0185101956
B1310473929781N03219431EA0185101957
B1310483929774N03219427EA0185101956
B1310493929767N03219421EA0185101956
B1310503929762N03219414EA0185201958
B1310513929758N03219407EA0185401962
B1310523929755N03219403EA0185701966
B1310533929753N03219399EA0186001968
B1310543929751N03219396EA0186201968
B1310553929748N03219391EA0186101965
B1310563929744N03219384EA0185901963
B1310573929740N03219376EA0185701961
B1310583929737N03219367EA0185601962
B1310593929735N03219359EA0185701966
B1311003929733N03219352EA0186001970
B1311013929732N03219347EA0186401973
B1311023929730N03219344EA0186601975
B1311033929729N03219339EA0186701974
B1311043929728N03219333EA0186501970
B1311053929727N03219325EA0186301968
B1311063929728N03219318EA0186201968
B1311073929730N03219313EA0186301969
B1311083929734N03219311EA0186301970
B1311093929737N03219311EA0186401971
B1311103929741N03219314EA0186401970
B1311113929744N03219319EA0186401970
B1311123929746N03219326EA0186401971
B1311133929746N03219334EA0186501973
B1311143929744N03219341EA0186701974
B1311153929741N03219348EA0186901976
B1311163929735N03219353EA0187001977
B1311173929729N03219356EA0187101978
B1311183929722N03219358EA0187201978
B1311193929715N03219360EA0187101977
B1311203929707N03219361EA0187001976
B1311213929698N03219360EA0186901976
B1311223929690N03219358EA0186901976
B1311233929682N03219355EA0187001977
B1311243929676N03219350EA0187101979
B1311253929671N03219345EA0187201979
B1311263929667N03219340EA0187201979
B1311273929665N03219334EA0187201978
B1311283929664N03219329EA0187101976
B1311293929663N03219323EA0186901974
B1311303929662N03219317EA0186601970
B1311313929663N03219309EA0186301967
B1311323929663N03219301EA0186001965
B1311333929664N03219293EA0185801964
B1311343929666N03219287EA0185801965
B1311353929668N03219283EA0185901965
B1311363929670N03219279EA0185801963
B1311373929674N03219275EA0185701961
B1311383929677N03219271EA0185401958
B1311393929680N03219265EA0185201955
B1311403929682N03219259EA0184901954
B1311413929685N03219252EA0184801953
B1311423929688N03219247EA0184801953
B1311433929691N03219244EA0184801953
B1311443929695N03219241EA0184701951
B1311453929698N03219239EA0184601949
B1311463929702N03219235EA0184401947
B1311473929706N03219231EA0184201945
B1311483929710N03219227EA0184001943
B1311493929714N03219224EA0183901942
B1311503929719N03219220EA0183801940
B1311513929723N03219217EA0183601939
B1311523929728N03219213EA0183501939
B1311533929732N03219208EA0183401938
B1311543929736N03219202EA0183401937
B1311553929739N03219197EA0183401936
B1311563929743N03219192EA0183201934
B1311573929748N03219189EA0183001932
B1311583929754N03219185EA0182901931
B1311593929758N03219181EA0182801931
B1312003929762N03219175EA0182801932
B1312013929764N03219169EA0182901933
B1312023929766N03219164EA0183001934
B1312033929769N03219160EA0183101934
B1312043929773N03219155EA0183101934
B1312053929776N03219150EA0183101934
B1312063929780N03219144EA0183101936
B1312073929783N03219140EA0183301938
B1312083929787N03219136EA0183501940
B1312093929790N03219132EA0183701941
B1312103929794N03219129EA0183801942
B1312113929798N03219125EA0183801941
B1312123929802N03219121EA0183701940
B1312133929807N03219117EA0183601938
B1312143929811N03219112EA0183501938
B1312153929815N03219108EA0183501938
B1312163929819N03219104EA0183501938
B1312173929823N03219099EA0183401937
B1312183929827N03219094EA0183201935
B1312193929831N03219088EA0183101935
B1312203929835N03219081EA0183201935
B1312213929838N03219076EA0183301937
B1312223929841N03219070EA0183401940
B1312233929843N03219065EA0183701942
B1312243929847N03219060EA0183801943
B1312253929851N03219054EA0183901943
B1312263929856N03219049EA0184001944
B1312273929860N03219044EA0184101948
B1312283929865N03219040EA0184501953
B1312293929868N03219037EA0185001958
B1312303929870N03219034EA0185401961
B1312313929873N03219031EA0185701963
B1312323929876N03219030EA0185901965
B1312333929879N03219030EA0186001965
B1312343929883N03219033EA0186001965
B1312353929885N03219038EA0186001965
B1312363929886N03219045EA0186201966
B1312373929884N03219053EA0186301968
B1312383929880N03219060EA0186401969
B1312393929873N03219065EA0186501969
B1312403929865N03219068EA0186501971
B1312413929857N03219069EA0186801976
B1312423929849N03219067EA0187201982
B1312433929843N03219062EA0187601986
B1312443929838N03219056EA0188101990
B1312453929834N03219050EA0188501994
B1312463929830N03219044EA0188801998
B1312473929827N03219038EA0189102000
B1312483929825N03219031EA0189202001
B1312493929824N03219024EA0189302000
B1312503929827N03219018EA0189202000
B1312513929831N03219013EA0189101999
B1312523929836N03219011EA0189202001
B1312533929841N03219011EA0189302004
B1312543929844N03219012EA0189602006
B1312553929847N03219015EA0189802008
B1312563929849N03219020EA0189902008
B1312573929850N03219026EA0189902007
B1312583929850N03219033EA0189902007
B1312593929848N03219042EA0189902007
B1313003929846N03219050EA0190002008
B1313013929843N03219057EA0190102011
B1313023929839N03219063EA0190402014
B1313033929835N03219069EA0190602016
B1313043929831N03219074EA0190802018
B1313053929826N03219079EA0191002020
B1313063929820N03219084EA0191302023
B1313073929813N03219086EA0191602027
B1313083929807N03219087EA0191902029
B1313093929800N03219084EA0192102032
B1313103929794N03219080EA0192402035
B1313113929789N03219073EA0192602036
B1313123929786N03219066EA0192802038
B1313133929784N03219058EA0193002041
B1313143929784N03219050EA0193202044
B1313153929784N03219042EA0193402047
B1313163929785N03219035EA0193702050
B1313173929786N03219029EA0193902052
B1313183929787N03219024EA0194202054
B1313193929789N03219020EA0194402056
B1313203929791N03219016EA0194502057
B1313213929794N03219012EA0194602058
B1313223929797N03219009EA0194602058
B1313233929801N03219008EA0194602057
B1313243929806N03219008EA0194602057
B1313253929811N03219010EA0194602057
B1313263929815N03219014EA0194602058
B1313273929818N03219020EA0194602058
B1313283929820N03219027EA0194702059
B1313293929820N03219035EA0194802060
B1313303929819N03219043EA0194802061
B1313313929816N03219051EA0195002063
B1313323929812N03219057EA0195202066
B1313333929807N03219063EA0195502070
B1313343929803N03219067EA0195802073
B1313353929798N03219069EA0196002074
B1313363929792N03219071EA0196102074
B1313373929785N03219070EA0196202074
B1313383929778N03219069EA0196302076
B1313393929771N03219065EA0196502080
B1313403929765N03219060EA0196902084
B1313413929761N03219055EA0197202087
B1313423929757N03219050EA0197502090
B1313433929753N03219044EA0197802092
B1313443929750N03219038EA0197902094
B1313453929747N03219031EA0198102095
B1313463929746N03219023EA0198202096
B1313473929746N03219015EA0198302096
B1313483929747N03219008EA0198402098
B1313493929748N03219002EA0198602100
B1313503929750N03218997EA0198802102
B1313513929752N03218993EA0199002104
B1313523929754N03218990EA0199102105
B1313533929756N03218987EA0199202106
B1313543929760N03218985EA0199302105
B1313553929764N03218984EA0199302105
B1313563929768N03218985EA0199302105
B1313573929772N03218987EA0199302105
B1313583929776N03218990EA0199302106
B1313593929780N03218994EA0199402107
B1314003929782N03219000EA0199502108
B1314013929783N03219007EA0199502108
B1314023929783N03219014EA0199602109
B1314033929782N03219022EA0199702109
B1314043929780N03219030EA0199702110
B1314053929776N03219036EA0199802111
B1314063929773N03219041EA0199902112
B1314073929768N03219047EA0200002113
B1314083929764N03219052EA0200002113
B1314093929758N03219056EA0200102113
B1314103929752N03219060EA0200202114
B1314113929745N03219061EA0200302115
B1314123929738N03219061EA0200402117
B1314133929732N03219058EA0200502119
B1314143929726N03219054EA0200602120
B1314153929722N03219049EA0200802122
B1314163929718N03219042EA0200902122
B1314173929716N03219035EA0200902122
B1314183929715N03219026EA0200902122
B1314193929715N03219018EA0200902122
B1314203929716N03219009EA0200902123
B1314213929717N03219001EA0201002124
B1314223929719N03218994EA0201102126
B1314233929720N03218988EA0201302128
B1314243929722N03218983EA0201402129
B1314253929725N03218978EA0201502129
B1314263929728N03218973EA0201502129
B1314273929730N03218968EA0201402128
B1314283929733N03218962EA0201302126
B1314293929735N03218954EA0201202125
B1314303929738N03218947EA0201102124
B1314313929741N03218940EA0201002123
B1314323929744N03218933EA0201002123
B1314333929747N03218926EA0201002123
B1314343929750N03218920EA0201002123
B1314353929753N03218914EA0201002123
B1314363929755N03218909EA0201102124
B1314373929758N03218905EA0201102125
B1314383929760N03218901EA0201102124
B1314393929763N03218898EA0201102123
B1314403929767N03218894EA0200902120
B1314413929770N03218889EA0200702118
B1314423929774N03218884EA0200502117
B1314433929779N03218879EA0200402116
B1314443929782N03218875EA0200402117
B1314453929786N03218872EA0200402116
B1314463929789N03218867EA0200302115
B1314473929792N03218861EA0200202112
B1314483929795N03218855EA0200002110
B1314493929798N03218848EA0199702107
B1314503929801N03218840EA0199502105
B1314513929804N03218833EA0199302104
B1314523929808N03218825EA0199302102
B1314533929811N03218818EA0199202102
B1314543929815N03218811EA0199102103
B1314553929818N03218803EA0199202103
B1314563929821N03218796EA0199302105
B1314573929824N03218789EA0199402107
B1314583929827N03218783EA0199602109
B1314593929830N03218779EA0199702111
B1315003929833N03218775EA0199902111
B1315013929836N03218770EA0199902111
B1315023929839N03218764EA0199902110
B1315033929841N03218756EA0199802110
B1315043929843N03218749EA0199802112
B1315053929844N03218742EA0200002114
B1315063929846N03218736EA0200102115
B1315073929848N03218731EA0200202115
B1315083929851N03218726EA0200202114
B1315093929854N03218720EA0200102113
B1315103929858N03218713EA0200002112
B1315113929861N03218705EA0200002114
B1315123929864N03218698EA0200102116
B1315133929867N03218691EA0200402120
B1315143929870N03218684EA0200702122
B1315153929873N03218678EA0201002124
B1315163929877N03218672EA0201102125
B1315173929881N03218665EA0201102125
B1315183929885N03218658EA0201202126
B1315193929890N03218649EA0201302128
B1315203929894N03218642EA0201502131
B1315213929898N03218636EA0201802135
B1315223929901N03218631EA0202202138
B1315233929905N03218625EA0202402140
B1315243929909N03218619EA0202602141
B1315253929913N03218613EA0202602140
B1315263929918N03218607EA0202602140
B1315273929922N03218601EA0202602140
B1315283929927N03218595EA0202602141
B1315293929932N03218589EA0202702142
B1315303929936N03218582EA0202802144
B1315313929940N03218576EA0202902145
B1315323929944N03218570EA0203102147
B1315333929947N03218565EA0203202148
B1315343929951N03218560EA0203302149
B1315353929955N03218555EA0203402149
B1315363929958N03218550EA0203402148
B1315373929962N03218544EA0203302147
B1315383929967N03218538EA0203202146
B1315393929971N03218532EA0203102145
B1315403929975N03218527EA0203102145
B1315413929979N03218521EA0203002144
B1315423929982N03218515EA0203002144
B1315433929986N03218508EA0202902143
B1315443929990N03218501EA0202802143
B1315453929993N03218495EA0202802142
B1315463929997N03218488EA0202802142
B1315473930001N03218481EA0202802142
B1315483930004N03218474EA0202802142
B1315493930008N03218468EA0202802142
B1315503930013N03218462EA0202702141
B1315513930018N03218457EA0202602140
B1315523930023N03218451EA0202502139
B1315533930027N03218444EA0202402139
B1315543930030N03218438EA0202402138
B1315553930034N03218433EA0202202136
B1315563930038N03218427EA0202002133
B1315573930042N03218421EA0201702129
B1315583930046N03218415EA0201302125
B1315593930050N03218407EA0201002122
B1316003930054N03218400EA0200802120
B1316013930058N03218394EA0200602119
B1316023930061N03218389EA0200502119
B1316033930065N03218384EA0200402117
B1316043930068N03218378EA0200202114
B1316053930072N03218372EA0199902111
B1316063930076N03218365EA0199702107
B1316073930081N03218359EA0199402105
B1316083930086N03218353EA0199202104
B1316093930090N03218348EA0199102102
B1316103930093N03218342EA0198902101
B1316113930096N03218335EA0198702097
B1316123930100N03218328EA0198402093
B1316133930104N03218322EA0198002089
B1316143930110N03218316EA0197702087
B1316153930116N03218309EA0197502087
B1316163930120N03218303EA0197602091
B1316173930124N03218298EA0197902096
B1316183930126N03218293EA0198402099
B1316193930128N03218290EA0198702102
B1316203930131N03218285EA0198902102
B1316213930134N03218279EA0198902102
B1316223930138N03218272EA0198902103
B1316233930142N03218265EA0199202107
B1316243930145N03218260EA0199602112
B1316253930148N03218256EA0199902116
B1316263930151N03218253EA0200202118
B1316273930154N03218249EA0200402120
B1316283930158N03218246EA0200602122
B1316293930163N03218244EA0200902126
B1316303930167N03218243EA0201302129
B1316313930171N03218246EA0201602132
B1316323930173N03218251EA0201902135
B1316333930173N03218258EA0202102137
B1316343930170N03218265EA0202302138
B1316353930164N03218271EA0202402140
B1316363930156N03218274EA0202502142
B1316373930148N03218274EA0202902147
B1316383930141N03218271EA0203202151
B1316393930135N03218266EA0203602155
B1316403930130N03218260EA0203902158
B1316413930126N03218253EA0204202161
B1316423930123N03218245EA0204602164
B1316433930122N03218237EA0204902167
B1316443930123N03218229EA0205202170
B1316453930125N03218222EA0205502173
B1316463930129N03218217EA0205702176
B1316473930133N03218214EA0206002179
B1316483930137N03218213EA0206302182
B1316493930141N03218215EA0206602184
B1316503930145N03218219EA0206702185
B1316513930147N03218225EA0206902187
B1316523930147N03218231EA0207102190
B1316533930144N03218237EA0207402193
B1316543930140N03218242EA0207602195
B1316553930133N03218246EA0207702196
B1316563930126N03218248EA0208002200
B1316573930119N03218250EA0208302204
B1316583930113N03218251EA0208602208
B1316593930108N03218252EA0208902210
B1317003930102N03218253EA0209202212
B1317013930095N03218253EA0209302213
B1317023930088N03218250EA0209402214
B1317033930081N03218245EA0209602217
B1317043930075N03218238EA0209902221
B1317053930072N03218230EA0210302225
B1317063930072N03218222EA0210602229
B1317073930073N03218216EA0210902231
B1317083930075N03218209EA0211102233
B1317093930076N03218203EA0211302235
B1317103930078N03218198EA0211502238
B1317113930080N03218193EA0211802239
B1317123930083N03218189EA0211902240
B1317133930087N03218187EA0212002240
B1317143930092N03218185EA0212002241
B1317153930097N03218185EA0212202243
B1317163930101N03218185EA0212402245
B1317173930105N03218184EA0212602247
B1317183930110N03218184EA0212802249
B1317193930114N03218185EA0213002251
B1317203930118N03218186EA0213102252
B1317213930120N03218189EA0213202252
B1317223930122N03218195EA0213202251
B1317233930122N03218201EA0213102250
B1317243930119N03218208EA0213002250
B1317253930115N03218214EA0213102251
B1317263930110N03218219EA0213202253
B1317273930104N03218222EA0213302255
B1317283930097N03218224EA0213502257
B1317293930090N03218224EA0213702260
B1317303930083N03218224EA0214002262
B1317313930078N03218223EA0214202263
B1317323930071N03218222EA0214302264
B1317333930065N03218220EA0214402264
B1317343930057N03218217EA0214402264
B1317353930049N03218213EA0214402265
B1317363930042N03218207EA0214602267
B1317373930037N03218200EA0214802270
B1317383930033N03218193EA0215002273
B1317393930031N03218185EA0215202275
B1317403930029N03218177EA0215402276
B1317413930027N03218169EA0215602278
B1317423930026N03218160EA0215702280
B1317433930026N03218152EA0215902282
B1317443930028N03218144EA0216002283
B1317453930030N03218138EA0216202286
B1317463930033N03218132EA0216402289
B1317473930036N03218126EA0216702291
B1317483930039N03218122EA0217002294
B1317493930043N03218120EA0217202296
B1317503930048N03218120EA0217402297
B1317513930052N03218121EA0217502298
B1317523930057N03218124EA0217602298
B1317533930060N03218129EA0217702299
B1317543930061N03218135EA0217702299
B1317553930059N03218143EA0217702299
B1317563930055N03218149EA0217702300
B1317573930049N03218153EA0217802301
B1317583930043N03218154EA0217802301
B1317593930036N03218153EA0217802300
B1318003930028N03218150EA0217802300
B1318013930021N03218146EA0217802300
B1318023930015N03218140EA0217902302
B1318033930010N03218133EA0218002302
B1318043930006N03218124EA0218002303
B1318053930003N03218115EA0218102304
B1318063930001N03218106EA0218302306
B1318073930001N03218097EA0218402309
B1318083930001N03218089EA0218602311
B1318093930004N03218082EA0218802313
B1318103930007N03218077EA0219002313
B1318113930011N03218071EA0219002313
B1318123930016N03218065EA0218902313
B1318133930020N03218059EA0218902313
B1318143930025N03218052EA0219002314
B1318153930030N03218046EA0219102316
B1318163930035N03218042EA0219302319
B1318173930039N03218038EA0219602321
B1318183930044N03218034EA0219802322
B1318193930048N03218029EA0219902323
B1318203930052N03218023EA0220002324
B1318213930057N03218018EA0220002324
B1318223930061N03218013EA0220102324
B1318233930066N03218008EA0220002324
B1318243930071N03218002EA0220002323
B1318253930075N03217996EA0219902322
B1318263930080N03217989EA0219902322
B1318273930085N03217983EA0219902323
B1318283930090N03217978EA0219902323
B1318293930096N03217973EA0220002324
B1318303930101N03217968EA0220102324
B1318313930106N03217963EA0220202326
B1318323930111N03217958EA0220402328
B1318333930115N03217952EA0220502329
B1318343930120N03217946EA0220602328
B1318353930125N03217940EA0220602327
B1318363930131N03217933EA0220502326
B1318373930137N03217927EA0220402326
B1318383930143N03217921EA0220402326
B1318393930148N03217915EA0220502327
B1318403930153N03217909EA0220502327
B1318413930159N03217904EA0220402326
B1318423930164N03217899EA0220202323
B1318433930169N03217892EA0220002321
B1318443930174N03217886EA0219802318
B1318453930178N03217879EA0219602316
B1318463930183N03217873EA0219202313
B1318473930188N03217868EA0218902310
B1318483930194N03217862EA0218602306
B1318493930199N03217855EA0218302302
B1318503930203N03217848EA0218002300
B1318513930208N03217842EA0217802298
B1318523930213N03217837EA0217502296
B1318533930218N03217832EA0217302294
B1318543930222N03217827EA0217102291
B1318553930227N03217821EA0216802288
B1318563930232N03217814EA0216602286
B1318573930237N03217808EA0216402283
B1318583930242N03217802EA0216202281
B1318593930247N03217796EA0216002278
B1319003930252N03217789EA0215802276
B1319013930257N03217781EA0215602275
B1319023930261N03217774EA0215502274
B1319033930265N03217767EA0215402274
B1319043930269N03217761EA0215302273
B1319053930273N03217754EA0215302271
B1319063930277N03217748EA0215102270
B1319073930281N03217741EA0214902267
B1319083930285N03217734EA0214702265
B1319093930290N03217727EA0214502263
B1319103930294N03217721EA0214302261
B1319113930298N03217714EA0214202260
B1319123930303N03217707EA0214002258
B1319133930307N03217700EA0213902257
B1319143930311N03217694EA0213802256
B1319153930315N03217688EA0213602254
B1319163930318N03217681EA0213402251
B1319173930322N03217675EA0213202248
B1319183930326N03217667EA0212802245
B1319193930329N03217660EA0212602241
B1319203930334N03217653EA0212302239
B1319213930339N03217647EA0212002238
B1319223930344N03217641EA0211902238
B1319233930348N03217636EA0212002238
B1319243930351N03217631EA0211902237
B1319253930355N03217625EA0211802235
B1319263930358N03217619EA0211502231
B1319273930362N03217613EA0211302228
B1319283930366N03217606EA0211002226
B1319293930370N03217598EA0210802224
B1319303930373N03217591EA0210702224
B1319313930376N03217584EA0210602223
B1319323930380N03217577EA0210502222
B1319333930383N03217570EA0210302220
B1319343930386N03217563EA0210102218
B1319353930389N03217555EA0210002216
B1319363930392N03217547EA0209802214
B1319373930395N03217539EA0209702213
B1319383930398N03217532EA0209602212
B1319393930402N03217525EA0209502211
B1319403930405N03217519EA0209402210
B1319413930408N03217512EA0209302209
B1319423930412N03217505EA0209202207
B1319433930415N03217499EA0209002206
B1319443930418N03217493EA0208802204
B1319453930422N03217487EA0208702202
B1319463930426N03217481EA0208402199
B1319473930430N03217476EA0208102196
B1319483930434N03217470EA0207902193
B1319493930439N03217464EA0207602190
B1319503930443N03217458EA0207402189
B1319513930446N03217452EA0207202187
B1319523930450N03217447EA0207102185
B1319533930453N03217441EA0206802182
B1319543930457N03217436EA0206502178
B1319553930461N03217430EA0206202174
B1319563930464N03217424EA0205802171
B1319573930468N03217418EA0205502167
B1319583930472N03217412EA0205202165
B1319593930476N03217405EA0205002163
B1320003930479N03217399EA0204702161
B1320013930482N03217394EA0204502158
B1320023930485N03217389EA0204302155
B1320033930489N03217383EA0203902151
B1320043930493N03217377EA0203502146
B1320053930498N03217371EA0203102142
B1320063930502N03217365EA0202802140
B1320073930506N03217359EA0202602137
B1320083930509N03217353EA0202402135
B1320093930513N03217347EA0202202133
B1320103930516N03217341EA0201902130
B1320113930518N03217335EA0201602127
B1320123930521N03217328EA0201302123
B1320133930524N03217322EA0200902119
B1320143930527N03217315EA0200602116
B1320153930531N03217308EA0200302113
B1320163930534N03217301EA0200002111
B1320173930536N03217295EA0199902110
B1320183930539N03217288EA0199702108
B1320193930541N03217282EA0199602106
B1320203930543N03217275EA0199402104
B1320213930546N03217269EA0199202101
B1320223930549N03217264EA0198902098
B1320233930553N03217258EA0198602096
B1320243930557N03217251EA0198502096
B1320253930560N03217245EA0198502099
B1320263930561N03217240EA0198702101
B1320273930561N03217236EA0199002102
B1320283930562N03217232EA0199002101
B1320293930564N03217227EA0198802098
B1320303930566N03217221EA0198602096
B1320313930569N03217214EA0198402094
B1320323930572N03217207EA0198302095
B1320333930574N03217200EA0198402096
B1320343930576N03217196EA0198502097
B1320353930578N03217191EA0198602096
B1320363930581N03217187EA0198502094
B1320373930584N03217182EA0198302093
B1320383930587N03217176EA0198202091
B1320393930591N03217170EA0198102091
B1320403930594N03217165EA0198002091
B1320413930597N03217161EA0197902090
B1320423930601N03217158EA0197802088
B1320433930604N03217154EA0197602085
B1320443930608N03217149EA0197202080
B1320453930612N03217141EA0196702076
B1320463930617N03217134EA0196502076
B1320473930621N03217128EA0196502077
B1320483930625N03217123EA0196602079
B1320493930627N03217118EA0196802079
B1320503930630N03217113EA0196802078
B1320513930633N03217108EA0196702076
B1320523930637N03217102EA0196502073
B1320533930643N03217095EA0196202071
B1320543930648N03217089EA0196102072
B1320553930652N03217083EA0196302074
B1320563930656N03217078EA0196402077
B1320573930659N03217073EA0196702079
B1320583930662N03217069EA0196802079
B1320593930665N03217064EA0196802078
B1321003930669N03217058EA0196802079
B1321013930673N03217052EA0196902081
B1321023930676N03217046EA0197202085
B1321033930680N03217041EA0197602089
B1321043930683N03217038EA0197902093
B1321053930687N03217034EA0198302097
B1321063930690N03217031EA0198702100
B1321073930694N03217027EA0199002103
B1321083930697N03217025EA0199402107
B1321093930700N03217024EA0199602110
B1321103930703N03217026EA0199802112
B1321113930706N03217028EA0200102114
B1321123930708N03217031EA0200202116
B1321133930710N03217035EA0200402118
B1321143930710N03217040EA0200502119
B1321153930708N03217047EA0200602119
B1321163930704N03217055EA0200602119
B1321173930698N03217062EA0200602119
B1321183930689N03217065EA0200702119
B1321193930680N03217064EA0200702120
B1321203930671N03217060EA0200802121
B1321213930664N03217054EA0200902123
B1321223930658N03217048EA0201102126
B1321233930653N03217041EA0201402131
B1321243930649N03217035EA0201802135
B1321253930646N03217030EA0202302139
B1321263930643N03217026EA0202502142
B1321273930640N03217021EA0202702143
B1321283930638N03217016EA0202902144
B1321293930636N03217009EA0203002145
B1321303930636N03217002EA0203102146
B1321313930637N03216996EA0203202148
B1321323930640N03216992EA0203402150
B1321333930644N03216990EA0203502151
B1321343930649N03216991EA0203602152
B1321353930653N03216994EA0203702154
B1321363930656N03216999EA0203902156
B1321373930657N03217004EA0204202159
B1321383930657N03217009EA0204402161
B1321393930656N03217016EA0204502161
B1321403930653N03217024EA0204502161
B1321413930648N03217032EA0204502161
B1321423930641N03217039EA0204502162
B1321433930633N03217043EA0204702163
B1321443930623N03217042EA0204802165
B1321453930615N03217038EA0204902166
B1321463930608N03217032EA0205002167
B1321473930602N03217024EA0205202170
B1321483930597N03217017EA0205402173
B1321493930594N03217011EA0205702175
B1321503930591N03217004EA0205902177
B1321513930590N03216997EA0206102179
B1321523930589N03216990EA0206302181
B1321533930589N03216984EA0206502183
B1321543930590N03216979EA0206702186
B1321553930592N03216975EA0206902187
B1321563930595N03216973EA0207002188
B1321573930598N03216972EA0207002188
B1321583930602N03216972EA0207102189
B1321593930606N03216973EA0207202191
B1322003930609N03216976EA0207502194
B1322013930611N03216980EA0207702196
B1322023930612N03216985EA0207802198
B1322033930612N03216991EA0207902198
B1322043930613N03216998EA0208002199
B1322053930613N03217005EA0208102200
B1322063930613N03217012EA0208202202
B1322073930612N03217019EA0208402204
B1322083930609N03217025EA0208602206
B1322093930605N03217031EA0208702207
B1322103930598N03217036EA0208702207
B1322113930591N03217041EA0208702207
B1322123930583N03217043EA0208802208
B1322133930575N03217043EA0208902208
B1322143930567N03217039EA0208902209
B1322153930561N03217033EA0209002209
B1322163930556N03217026EA0209102211
B1322173930553N03217018EA0209202212
B1322183930552N03217011EA0209302213
B1322193930552N03217004EA0209302214
B1322203930553N03216998EA0209402214
B1322213930555N03216993EA0209502216
B1322223930558N03216989EA0209602217
B1322233930560N03216985EA0209802219
B1322243930562N03216983EA0209902220
B1322253930564N03216980EA0210002221
B1322263930566N03216976EA0210102221
B1322273930569N03216971EA0210102222
B1322283930571N03216967EA0210302223
B1322293930573N03216964EA0210302224
B1322303930576N03216961EA0210402225
B1322313930579N03216960EA0210502226
B1322323930582N03216957EA0210602227
B1322333930585N03216953EA0210702228
B1322343930588N03216950EA0210802230
B1322353930591N03216946EA0211002233
B1322363930592N03216943EA0211402237
B1322373930594N03216939EA0211802241
B1322383930595N03216934EA0212002242
B1322393930597N03216929EA0212102242
B1322403930600N03216925EA0212002241
B1322413930603N03216921EA0212002241
B1322423930607N03216917EA0212102243
B1322433930610N03216914EA0212302245
B1322443930612N03216910EA0212502248
B1322453930614N03216907EA0212802250
B1322463930616N03216903EA0212902251
B1322473930619N03216899EA0213002251
B1322483930621N03216896EA0213002251
B1322493930624N03216892EA0213002251
B1322503930628N03216888EA0213102252
B1322513930630N03216883EA0213202254
B1322523930632N03216878EA0213302255
B1322533930634N03216873EA0213502256
B1322543930636N03216867EA0213502257
B1322553930638N03216860EA0213602257
B1322563930640N03216854EA0213702258
B1322573930642N03216848EA0213802259
B1322583930644N03216843EA0214002262
B1322593930646N03216838EA0214202264
B1323003930648N03216833EA0214302265
B1323013930649N03216827EA0214502266
B1323023930651N03216822EA0214602267
B1323033930654N03216817EA0214702268
B1323043930657N03216814EA0214802271
B1323053930660N03216812EA0215102274
B1323063930662N03216810EA0215402278
B1323073930664N03216807EA0215702280
B1323083930666N03216804EA0215902282
B1323093930668N03216800EA0216002283
B1323103930672N03216797EA0216202284
B1323113930676N03216796EA0216302287
B1323123930679N03216798EA0216602291
B1323133930681N03216803EA0217002296
B1323143930681N03216809EA0217502301
B1323153930678N03216815EA0217902305
B1323163930674N03216821EA0218302309
B1323173930669N03216827EA0218602311
B1323183930663N03216832EA0218802313
B1323193930655N03216835EA0218902313
B1323203930647N03216836EA0218902312
B1323213930637N03216834EA0218802310
B1323223930628N03216829EA0218702310
B1323233930620N03216822EA0218702311
B1323243930613N03216814EA0218902314
B1323253930607N03216805EA0219202317
B1323263930603N03216797EA0219402320
B1323273930600N03216789EA0219702323
B1323283930598N03216782EA0220002326
B1323293930597N03216776EA0220202329
B1323303930597N03216770EA0220402330
B1323313930598N03216766EA0220602332
B1323323930600N03216761EA0220802334
B1323333930601N03216757EA0221002337
B1323343930603N03216754EA0221202339
B1323353930605N03216751EA0221402340
B1323363930608N03216750EA0221602342
B1323373930610N03216750EA0221802344
B1323383930612N03216753EA0221902345
B1323393930614N03216757EA0222102347
B1323403930614N03216763EA0222302349
B1323413930613N03216770EA0222502352
B1323423930610N03216777EA0222802355
B1323433930606N03216783EA0223102358
B1323443930600N03216789EA0223402363
B1323453930595N03216794EA0223802365
B1323463930588N03216799EA0224002367
B1323473930581N03216803EA0224102367
B1323483930573N03216806EA0224102367
B1323493930564N03216808EA0224102368
B1323503930555N03216809EA0224202369
B1323513930545N03216807EA0224302370
B1323523930536N03216804EA0224402370
B1323533930528N03216798EA0224402370
B1323543930520N03216790EA0224402371
B1323553930514N03216781EA0224502372
B1323563930510N03216772EA0224702374
B1323573930509N03216763EA0224902377
B1323583930509N03216756EA0225102379
B1323593930511N03216751EA0225402382
B1324003930513N03216746EA0225602386
B1324013930514N03216742EA0226002390
B1324023930515N03216738EA0226302393
B1324033930516N03216734EA0226602395
B1324043930518N03216732EA0226702396
B1324053930520N03216729EA0226702395
B1324063930523N03216726EA0226602393
B1324073930528N03216722EA0226502393
B1324083930533N03216717EA0226602396
B1324093930536N03216714EA0226902400
B1324103930540N03216712EA0227202403
B1324113930542N03216710EA0227502406
B1324123930545N03216708EA0227702406
B1324133930549N03216705EA0227702405
B1324143930553N03216702EA0227702405
B1324153930557N03216699EA0227702407
B1324163930561N03216696EA0227902410
B1324173930565N03216694EA0228202413
B1324183930569N03216691EA0228502416
B1324193930572N03216689EA0228802418
B1324203930576N03216686EA0229002420
B1324213930581N03216685EA0229202421
B1324223930585N03216683EA0229302423
B1324233930590N03216682EA0229502425
B1324243930594N03216680EA0229702428
B1324253930597N03216678EA0229902430
B1324263930600N03216676EA0230102431
B1324273930603N03216673EA0230102430
B1324283930606N03216669EA0230002428
B1324293930610N03216663EA0229902427
B1324303930614N03216658EA0229802427
B1324313930618N03216653EA0229902428
B1324323930623N03216650EA0230002429
B1324333930627N03216647EA0230102431
B1324343930632N03216645EA0230202432
B1324353930636N03216642EA0230202431
B1324363930641N03216638EA0230202431
B1324373930646N03216634EA0230202431
B1324383930651N03216630EA0230202432
B1324393930656N03216625EA0230302434
B1324403930661N03216620EA0230502436
B1324413930665N03216615EA0230702438
B1324423930668N03216609EA0230902439
B1324433930671N03216604EA0231002440
B1324443930675N03216598EA0231002440
B1324453930678N03216592EA0231102439
B1324463930681N03216585EA0231002439
B1324473930685N03216578EA0231002440
B1324483930688N03216572EA0231002439
B1324493930692N03216566EA0231002439
B1324503930696N03216559EA0230902438
B1324513930700N03216552EA0230902438
B1324523930703N03216543EA0230902439
B1324533930705N03216535EA0231102441
B1324543930707N03216526EA0231202442
B1324553930709N03216518EA0231402443
B1324563930712N03216511EA0231402443
B1324573930716N03216504EA0231402443
B1324583930720N03216497EA0231502443
B1324593930723N03216489EA0231502444
B1325003930726N03216482EA0231602445
B1325013930730N03216476EA0231702446
B1325023930733N03216470EA0231702446
B1325033930737N03216465EA0231702446
B1325043930742N03216459EA0231702445
B1325053930746N03216454EA0231602445
B1325063930751N03216449EA0231702446
B1325073930755N03216444EA0231702447
B1325083930759N03216439EA0231702447
B1325093930763N03216433EA0231802447
B1325103930766N03216428EA0231702445
B1325113930771N03216422EA0231602443
B1325123930775N03216417EA0231302440
B1325133930780N03216412EA0231002437
B1325143930785N03216406EA0230802435
B1325153930789N03216400EA0230602434
B1325163930793N03216393EA0230602433
B1325173930796N03216387EA0230502432
B1325183930800N03216381EA0230402432
B1325193930803N03216375EA0230302432
B1325203930805N03216370EA0230402432
B1325213930808N03216364EA0230402432
B1325223930810N03216358EA0230302430
B1325233930813N03216352EA0230102428
B1325243930816N03216346EA0229902426
B1325253930820N03216339EA0229702425
B1325263930823N03216333EA0229602424
B1325273930826N03216327EA0229502423
B1325283930829N03216320EA0229402421
B1325293930833N03216313EA0229302420
B1325303930837N03216307EA0229202419
B1325313930841N03216302EA0229202419
B1325323930845N03216297EA0229102419
B1325333930849N03216291EA0229102419
B1325343930854N03216286EA0229102418
B1325353930858N03216280EA0229102418
B1325363930862N03216275EA0229102418
B1325373930867N03216270EA0229102419
B1325383930871N03216266EA0229102418
B1325393930874N03216262EA0229102418
B1325403930878N03216257EA0229002416
B1325413930881N03216253EA0228802414
B1325423930885N03216248EA0228602412
B1325433930889N03216243EA0228402409
B1325443930894N03216237EA0228302408
B1325453930899N03216232EA0228202407
B1325463930903N03216228EA0228102407
B1325473930907N03216223EA0228002408
B1325483930911N03216219EA0228002407
B1325493930915N03216214EA0228002406
B1325503930919N03216210EA0227902404
B1325513930923N03216205EA0227702403
B1325523930927N03216201EA0227502402
B1325533930931N03216197EA0227402401
B1325543930935N03216192EA0227302399
B1325553930939N03216187EA0227102398
B1325563930943N03216182EA0227002396
B1325573930947N03216176EA0226902395
B1325583930951N03216170EA0226702394
B1325593930954N03216164EA0226702393
B1326003930957N03216159EA0226502392
B1326013930961N03216153EA0226302390
B1326023930964N03216148EA0226102388
B1326033930968N03216142EA0226002387
B1326043930972N03216136EA0226002387
B1326053930976N03216129EA0226002387
B1326063930979N03216122EA0226002388
B1326073930983N03216116EA0226102389
B1326083930985N03216108EA0226102389
B1326093930989N03216100EA0226202389
B1326103930992N03216092EA0226302389
B1326113930997N03216086EA0226402390
B1326123931002N03216082EA0226402391
B1326133931007N03216078EA0226502393
B1326143931010N03216073EA0226702395
B1326153931013N03216067EA0226902397
B1326163931016N03216060EA0227102399
B1326173931018N03216055EA0227202400
B1326183931022N03216050EA0227302401
B1326193931025N03216045EA0227302401
B1326203931029N03216039EA0227402402
B1326213931032N03216032EA0227402402
B1326223931035N03216024EA0227402402
B1326233931038N03216015EA0227402402
B1326243931040N03216006EA0227402402
B1326253931042N03215998EA0227502403
B1326263931045N03215989EA0227502403
B1326273931047N03215981EA0227502402
B1326283931051N03215973EA0227402401
B1326293931054N03215964EA0227402401
B1326303931057N03215955EA0227302401
B1326313931060N03215946EA0227402401
B1326323931063N03215938EA0227402402
B1326333931066N03215931EA0227402402
B1326343931070N03215924EA0227402402
B1326353931073N03215916EA0227402401
B1326363931077N03215909EA0227202399
B1326373931081N03215901EA0227102398
B1326383931086N03215893EA0227002397
B1326393931090N03215886EA0227002397
B1326403931094N03215879EA0227002398
B1326413931098N03215872EA0227102399
B1326423931102N03215866EA0227002398
B1326433931106N03215859EA0227002397
B1326443931111N03215851EA0226902396
B1326453931115N03215844EA0226802395
B1326463931119N03215837EA0226802395
B1326473931123N03215830EA0226702394
B1326483931127N03215823EA0226602393
B1326493931131N03215816EA0226502391
B1326503931135N03215809EA0226202388
B1326513931140N03215801EA0226002385
B1326523931145N03215794EA0225702382
B1326533931149N03215786EA0225402380
B1326543931153N03215779EA0225202377
B1326553931157N03215772EA0224902373
B1326563931160N03215765EA0224602369
B1326573931164N03215758EA0224202365
B1326583931168N03215750EA0223802362
B1326593931172N03215742EA0223502359
B1327003931175N03215735EA0223302356
B1327013931179N03215727EA0223002353
B1327023931182N03215719EA0222702350
B1327033931185N03215710EA0222502347
B1327043931189N03215703EA0222202344
B1327053931192N03215695EA0221802341
B1327063931196N03215688EA0221602338
B1327073931199N03215681EA0221302336
B1327083931203N03215675EA0221102334
B1327093931207N03215669EA0220902332
B1327103931210N03215663EA0220702329
B1327113931214N03215657EA0220402326
B1327123931218N03215650EA0220202324
B1327133931221N03215643EA0220002322
B1327143931225N03215636EA0219802321
B1327153931228N03215629EA0219702319
B1327163931231N03215623EA0219502317
B1327173931235N03215616EA0219302315
B1327183931239N03215609EA0219002313
B1327193931242N03215602EA0218802310
B1327203931246N03215595EA0218602308
B1327213931250N03215588EA0218502307
B1327223931253N03215581EA0218402307
B1327233931256N03215575EA0218402306
B1327243931259N03215569EA0218302305
B1327253931262N03215563EA0218202304
B1327263931265N03215557EA0218002302
B1327273931269N03215550EA0217802299
B1327283931272N03215543EA0217602296
B1327293931276N03215536EA0217202293
B1327303931280N03215529EA0217102292
B1327313931283N03215522EA0217002291
B1327323931287N03215515EA0216902291
B1327333931290N03215509EA0216802289
B1327343931293N03215503EA0216702287
B1327353931296N03215497EA0216502284
B1327363931300N03215490EA0216202282
B1327373931304N03215482EA0216002279
B1327383931308N03215475EA0215902279
B1327393931311N03215467EA0215802278
B1327403931314N03215461EA0215702278
B1327413931318N03215454EA0215602276
B1327423931321N03215449EA0215402274
B1327433931325N03215443EA0215202271
B1327443931329N03215436EA0215002268
B1327453931333N03215429EA0214702265
B1327463931337N03215422EA0214502263
B1327473931340N03215415EA0214302262
B1327483931343N03215408EA0214102260
B1327493931347N03215401EA0213902258
B1327503931350N03215394EA0213702255
B1327513931353N03215387EA0213502253
B1327523931355N03215379EA0213302251
B1327533931358N03215371EA0213102249
B1327543931361N03215363EA0212902246
B1327553931364N03215355EA0212602244
B1327563931367N03215348EA0212402241
B1327573931370N03215340EA0212202239
B1327583931373N03215332EA0211902236
B1327593931376N03215324EA0211702234
B1328003931380N03215317EA0211502232
B1328013931383N03215309EA0211302230
B1328023931386N03215301EA0211102228
B1328033931389N03215293EA0210902226
B1328043931393N03215286EA0210702225
B1328053931396N03215279EA0210502223
B1328063931400N03215272EA0210302221
B1328073931403N03215265EA0210202219
B1328083931407N03215258EA0210102218
B1328093931410N03215251EA0209902217
B1328103931414N03215245EA0209802215
B1328113931417N03215239EA0209702213
B1328123931420N03215232EA0209402210
B1328133931424N03215225EA0209102206
B1328143931428N03215217EA0208802203
B1328153931433N03215210EA0208502201
B1328163931437N03215202EA0208402200
B1328173931441N03215195EA0208302200
B1328183931444N03215188EA0208302200
B1328193931447N03215182EA0208302199
B1328203931451N03215175EA0208202197
B1328213931454N03215168EA0208002195
B1328223931458N03215161EA0207802192
B1328233931462N03215153EA0207602190
B1328243931466N03215146EA0207402189
B1328253931470N03215139EA0207302189
B1328263931473N03215132EA0207302188
B1328273931477N03215126EA0207202187
B1328283931480N03215119EA0207102186
B1328293931483N03215112EA0207002184
B1328303931487N03215104EA0206702181
B1328313931491N03215097EA0206502179
B1328323931495N03215089EA0206302178
B1328333931499N03215081EA0206202177
B1328343931502N03215073EA0206202177
B1328353931505N03215066EA0206102176
B1328363931509N03215058EA0206002175
B1328373931512N03215051EA0205902173
B1328383931516N03215043EA0205802171
B1328393931519N03215035EA0205602169
B1328403931523N03215027EA0205402168
B1328413931526N03215019EA0205302167
B1328423931530N03215011EA0205202166
B1328433931533N03215003EA0205102165
B1328443931537N03214996EA0205002163
B1328453931541N03214988EA0204802161
B1328463931545N03214980EA0204702160
B1328473931549N03214972EA0204602159
B1328483931552N03214964EA0204502158
B1328493931556N03214957EA0204402158
B1328503931560N03214950EA0204402157
B1328513931564N03214942EA0204302155
B1328523931567N03214935EA0204102153
B1328533931570N03214928EA0203902151
B1328543931574N03214920EA0203702148
B1328553931578N03214913EA0203502146
B1328563931582N03214906EA0203302145
B1328573931585N03214900EA0203102143
B1328583931589N03214894EA0202902140
B1328593931593N03214887EA0202702138
B1329003931597N03214880EA0202402135
B1329013931601N03214872EA0202202133
B1329023931605N03214865EA0202102132
B1329033931609N03214858EA0202002131
B1329043931613N03214851EA0201802130
B1329053931617N03214844EA0201702129
B1329063931620N03214837EA0201602127
B1329073931624N03214830EA0201502126
B1329083931627N03214823EA0201302125
B1329093931630N03214817EA0201202124
B1329103931634N03214811EA0201102123
B1329113931637N03214805EA0201002121
B1329123931640N03214800EA0200802119
B1329133931643N03214794EA0200602116
B1329143931646N03214787EA0200302113
B1329153931650N03214779EA0200102110
B1329163931653N03214772EA0199802108
B1329173931656N03214765EA0199602106
B1329183931658N03214759EA0199302103
B1329193931661N03214753EA0199002099
B1329203931664N03214746EA0198702096
B1329213931666N03214738EA0198402093
B1329223931668N03214731EA0198102090
B1329233931671N03214724EA0197802086
B1329243931674N03214718EA0197502082
B1329253931677N03214712EA0197102078
B1329263931680N03214705EA0196702074
B1329273931683N03214697EA0196302070
B1329283931686N03214689EA0195902065
B1329293931689N03214681EA0195502061
B1329303931693N03214674EA0195102058
B1329313931697N03214666EA0194802055
B1329323931701N03214658EA0194602053
B1329333931704N03214652EA0194402052
B1329343931707N03214645EA0194302051
B1329353931710N03214639EA0194202049
B1329363931713N03214633EA0194002047
B1329373931716N03214627EA0193602043
B1329383931719N03214620EA0193402040
B1329393931722N03214612EA0193002037
B1329403931725N03214604EA0192802036
B1329413931727N03214596EA0192702037
B1329423931728N03214588EA0192802038
B1329433931728N03214581EA0192902038
B1329443931728N03214574EA0192902037
B1329453931728N03214566EA0192702034
B1329463931730N03214558EA0192402030
B1329473931732N03214548EA0192102027
B1329483931734N03214539EA0191902026
B1329493931736N03214531EA0191802026
B1329503931737N03214525EA0191802027
B1329513931739N03214520EA0191702026
B1329523931741N03214515EA0191602023
B1329533931743N03214510EA0191302019
B1329543931746N03214504EA0190902015
B1329553931750N03214498EA0190602011
B1329563931753N03214492EA0190302008
B1329573931757N03214487EA0190102006
B1329583931761N03214482EA0189802004
B1329593931766N03214476EA0189602001
B1330003931770N03214470EA0189301999
B1330013931775N03214465EA0189201998
B1330023931778N03214460EA0189101996
B1330033931782N03214456EA0188901995
B1330043931786N03214452EA0188701992
B1330053931790N03214448EA0188501989
B1330063931794N03214443EA0188101985
B1330073931799N03214437EA0187701982
B1330083931803N03214431EA0187501980
B1330093931806N03214426EA0187401978
B1330103931810N03214421EA0187101976
B1330113931814N03214418EA0186901973
B1330123931818N03214414EA0186501969
B1330133931822N03214408EA0186201964
B1330143931826N03214402EA0185801960
B1330153931831N03214397EA0185401957
B1330163931836N03214392EA0185101956
B1330173931839N03214388EA0184901954
B1330183931843N03214383EA0184801951
B1330193931846N03214377EA0184401947
B1330203931849N03214369EA0184001942
B1330213931852N03214362EA0183701938
B1330223931856N03214355EA0183301934
B1330233931861N03214348EA0182901930
B1330243931865N03214340EA0182601928
B1330253931868N03214332EA0182401927
B1330263931870N03214325EA0182301925
B1330273931873N03214318EA0182001923
B1330283931876N03214311EA0181701919
B1330293931879N03214303EA0181401915
B1330303931882N03214295EA0181101912
B1330313931885N03214287EA0180801910
B1330323931888N03214279EA0180601907
B1330333931891N03214272EA0180301905
B1330343931894N03214265EA0180001900
B1330353931898N03214258EA0179701896
B1330363931902N03214249EA0179301890
B1330373931906N03214241EA0178701886
B1330383931910N03214231EA0178401884
B1330393931914N03214223EA0178201883
B1330403931918N03214216EA0178001882
B1330413931922N03214210EA0177901879
B1330423931927N03214204EA0177601876
B1330433931932N03214197EA0177301872
B1330443931937N03214188EA0176901868
B1330453931941N03214179EA0176501865
B1330463931945N03214170EA0176301865
B1330473931948N03214162EA0176301864
B1330483931952N03214155EA0176101862
B1330493931956N03214148EA0175901859
B1330503931960N03214141EA0175601855
B1330513931964N03214132EA0175201850
B1330523931967N03214124EA0174901847
B1330533931971N03214115EA0174701845
B1330543931975N03214108EA0174401843
B1330553931979N03214100EA0174201840
B1330563931983N03214092EA0174001838
B1330573931988N03214084EA0173801836
B1330583931992N03214075EA0173601834
B1330593931997N03214067EA0173401832
B1331003932002N03214059EA0173301830
B1331013932006N03214052EA0173101829
B1331023932010N03214045EA0173001827
B1331033932014N03214037EA0172801825
B1331043932017N03214029EA0172601821
B1331053932021N03214020EA0172201818
B1331063932025N03214012EA0171901814
B1331073932030N03214005EA0171601812
B1331083932035N03213999EA0171401810
B1331093932039N03213993EA0171201809
B1331103932043N03213986EA0171101806
B1331113932047N03213978EA0170901804
B1331123932051N03213971EA0170701802
B1331133932056N03213963EA0170501800
B1331143932059N03213956EA0170401799
B1331153932063N03213948EA0170201797
B1331163932066N03213939EA0170101796
B1331173932069N03213931EA0169901794
B1331183932072N03213923EA0169801792
B1331193932075N03213915EA0169601790
B1331203932078N03213907EA0169401788
B1331213932081N03213899EA0169101785
B1331223932084N03213890EA0168901782
B1331233932088N03213881EA0168601779
B1331243932091N03213871EA0168401777
B1331253932093N03213860EA0168101776
B1331263932093N03213849EA0168001776
B1331273932093N03213839EA0168001775
B1331283932093N03213828EA0168001774
B1331293932094N03213818EA0167901774
B1331303932096N03213807EA0167901773
B1331313932097N03213797EA0167801772
B1331323932098N03213787EA0167801772
B1331333932099N03213776EA0167701772
B1331343932101N03213767EA0167701772
B1331353932103N03213758EA0167701772
B1331363932106N03213751EA0167601772
B1331373932109N03213744EA0167601770
B1331383932112N03213737EA0167501768
B1331393932114N03213730EA0167301767
B1331403932117N03213724EA0167101765
B1331413932120N03213718EA0166901763
B1331423932123N03213713EA0166701761
B1331433932127N03213708EA0166501759
B1331443932130N03213703EA0166301757
B1331453932133N03213699EA0166101754
B1331463932136N03213694EA0165901751
B1331473932139N03213689EA0165601748
B1331483932142N03213684EA0165301744
B1331493932146N03213679EA0164901741
B1331503932149N03213674EA0164601738
B1331513932152N03213668EA0164301735
B1331523932155N03213663EA0164101732
B1331533932159N03213657EA0163801729
B1331543932162N03213652EA0163501726
B1331553932166N03213646EA0163201722
B1331563932169N03213640EA0162801719
B1331573932172N03213634EA0162501716
B1331583932175N03213627EA0162301713
B1331593932178N03213621EA0162001711
B1332003932181N03213615EA0161801708
B1332013932183N03213608EA0161501705
B1332023932186N03213601EA0161201701
B1332033932189N03213594EA0160901697
B1332043932192N03213586EA0160501693
B1332053932195N03213580EA0160201690
B1332063932198N03213573EA0159801687
B1332073932201N03213566EA0159501685
B1332083932204N03213560EA0159301682
B1332093932206N03213553EA0159001678
B1332103932209N03213547EA0158701675
B1332113932213N03213542EA0158301671
B1332123932217N03213537EA0158001667
B1332133932221N03213532EA0157701664
B1332143932225N03213526EA0157401661
B1332153932228N03213521EA0157101659
B1332163932231N03213515EA0156901656
B1332173932233N03213509EA0156601653
B1332183932235N03213502EA0156301649
B1332193932238N03213496EA0155901644
B1332203932240N03213489EA0155501640
B1332213932243N03213482EA0155201637
B1332223932245N03213475EA0154901634
B1332233932247N03213468EA0154601631
B1332243932250N03213462EA0154301627
B1332253932252N03213456EA0153901623
B1332263932255N03213451EA0153601619
B1332273932258N03213445EA0153101614
B1332283932261N03213438EA0152701610
B1332293932264N03213432EA0152301605
B1332303932268N03213426EA0151801601
B1332313932271N03213420EA0151401597
B1332323932274N03213413EA0151001592
B1332333932278N03213407EA0150501587
B1332343932282N03213400EA0150101583
B1332353932286N03213394EA0149801580
B1332363932290N03213388EA0149401577
B1332373932293N03213382EA0149101573
B1332383932297N03213377EA0148801569
B1332393932301N03213371EA0148401565
B1332403932306N03213366EA0148101562
B1332413932310N03213361EA0147801560
B1332423932314N03213357EA0147601558
B1332433932317N03213353EA0147401556
B1332443932321N03213350EA0147101553
B1332453932324N03213347EA0146801549
B1332463932328N03213343EA0146501546
B1332473932331N03213339EA0146101542
B1332483932335N03213336EA0145901539
B1332493932339N03213334EA0145501536
B1332503932342N03213332EA0145201533
B1332513932346N03213329EA0145001531
B1332523932349N03213325EA0144901529
B1332533932352N03213322EA0144701528
B1332543932355N03213318EA0144601527
B1332553932357N03213315EA0144401525
B1332563932359N03213311EA0144201522
B1332573932362N03213306EA0144001519
B1332583932366N03213301EA0143701516
B1332593932371N03213297EA0143501516
B1333003932374N03213293EA0143501517
B1333013932377N03213290EA0143601518
B1333023932380N03213286EA0143601518
B1333033932382N03213283EA0143501516
B1333043932385N03213279EA0143301513
B1333053932388N03213274EA0143001509
B1333063932392N03213270EA0142701507
B1333073932395N03213265EA0142501506
B1333083932398N03213262EA0142501507
B1333093932401N03213260EA0142601508
B1333103932403N03213257EA0142601507
B1333113932404N03213254EA0142501506
B1333123932406N03213251EA0142301503
B1333133932409N03213248EA0142201501
B1333143932412N03213244EA0142001499
B1333153932415N03213241EA0141901499
B1333163932417N03213239EA0141901500
B1333173932419N03213236EA0142001500
B1333183932421N03213234EA0142001500
B1333193932423N03213232EA0141801498
B1333203932426N03213229EA0141701495
B1333213932429N03213226EA0141501493
B1333223932433N03213224EA0141401493
B1333233932437N03213222EA0141401494
B1333243932439N03213221EA0141401495
B1333253932442N03213220EA0141501495
B1333263932444N03213218EA0141401493
B1333273932446N03213216EA0141101489
B1333283932449N03213213EA0140801485
B1333293932452N03213210EA0140501482
B1333303932456N03213207EA0140201480
B1333313932460N03213204EA0140001479
B1333323932464N03213201EA0140001478
B1333333932468N03213198EA0140001479
B1333343932472N03213196EA0140001479
B1333353932476N03213194EA0140001479
B1333363932480N03213192EA0139901479
B1333373932484N03213190EA0139901478
B1333383932489N03213188EA0139901478
B1333393932493N03213187EA0139901478
B1333403932498N03213185EA0139801477
B1333413932502N03213184EA0139801477
B1333423932506N03213182EA0139801476
B1333433932510N03213180EA0139701475
B1333443932514N03213179EA0139601474
B1333453932518N03213178EA0139501473
B1333463932522N03213178EA0139401472
B1333473932525N03213178EA0139301471
B1333483932529N03213176EA0139101469
B1333493932533N03213175EA0139001467
B1333503932537N03213174EA0138801465
B1333513932542N03213174EA0138601464
B1333523932547N03213175EA0138501465
B1333533932552N03213176EA0138601466
B1333543932556N03213178EA0138801469
B1333553932559N03213180EA0138901470
B1333563932561N03213181EA0139001470
B1333573932564N03213184EA0139001469
B1333583932568N03213186EA0138801466
B1333593932573N03213188EA0138601464
B1334003932578N03213189EA0138501464
B1334013932582N03213190EA0138501465
B1334023932586N03213190EA0138601466
B1334033932589N03213191EA0138601466
B1334043932593N03213193EA0138501465
B1334053932596N03213194EA0138401462
B1334063932601N03213195EA0138201460
B1334073932605N03213196EA0138101459
B1334083932610N03213196EA0138001459
B1334093932614N03213197EA0137901458
B1334103932617N03213198EA0137901458
B1334113932621N03213199EA0137801456
B1334123932626N03213199EA0137601454
B1334133932630N03213199EA0137501452
B1334143932635N03213200EA0137401451
B1334153932639N03213200EA0137201451
B1334163932643N03213202EA0137201451
B1334173932647N03213203EA0137101450
B1334183932651N03213204EA0137001448
B1334193932656N03213206EA0136801446
B1334203932661N03213207EA0136601444
B1334213932665N03213209EA0136501442
B1334223932669N03213211EA0136301440
B1334233932673N03213214EA0136001437
B1334243932678N03213216EA0135801434
B1334253932682N03213218EA0135501430
B1334263932687N03213218EA0135201427
B1334273932692N03213218EA0134901425
B1334283932697N03213220EA0134701423
B1334293932701N03213222EA0134501421
B1334303932705N03213224EA0134301418
B1334313932710N03213225EA0134001415
B1334323932715N03213226EA0133801413
B1334333932720N03213227EA0133501410
B1334343932725N03213229EA0133301407
B1334353932731N03213231EA0133001405
B1334363932736N03213233EA0132901403
B1334373932741N03213235EA0132701401
B1334383932746N03213235EA0132501400
B1334393932751N03213236EA0132401398
B1334403932756N03213237EA0132201396
B1334413932760N03213238EA0132001394
B1334423932764N03213241EA0131701390
B1334433932768N03213243EA0131301386
B1334443932773N03213244EA0130901381
B1334453932779N03213245EA0130601377
B1334463932784N03213245EA0130201374
B1334473932790N03213245EA0129901372
B1334483932795N03213244EA0129701370
B1334493932799N03213243EA0129601369
B1334503932803N03213240EA0129401367
B1334513932806N03213236EA0129101363
B1334523932809N03213231EA0128901360
B1334533932812N03213225EA0128601356
B1334543932815N03213221EA0128201353
B1334553932818N03213216EA0127901351
B1334563932821N03213212EA0127701347
B1334573932824N03213208EA0127301344
B1334583932826N03213203EA0127001339
B1334593932829N03213198EA0126601335
B1335003932833N03213193EA0126201331
B1335013932836N03213188EA0125901328
B1335023932839N03213184EA0125601326
B1335033932841N03213180EA0125301323
B1335043932844N03213176EA0125001319
B1335053932847N03213172EA0124601314
B1335063932851N03213168EA0124101308
B1335073932855N03213162EA0123601304
B1335083932858N03213157EA0123301301
B1335093932860N03213152EA0123001299
B1335103932861N03213148EA0122801296
B1335113932862N03213144EA0122501293
B1335123932864N03213141EA0122101288
B1335133932867N03213137EA0121601282
B1335143932871N03213132EA0121101277
B1335153932874N03213127EA0120601273
B1335163932877N03213122EA0120301270
B1335173932880N03213118EA0120001267
B1335183932882N03213115EA0119701263
B1335193932884N03213111EA0119401259
B1335203932887N03213106EA0118901252
B1335213932890N03213101EA0118401247
B1335223932894N03213097EA0118001243
B1335233932898N03213094EA0117601239
B1335243932902N03213091EA0117301236
B1335253932906N03213089EA0116901232
B1335263932910N03213086EA0116601228
B1335273932915N03213083EA0116201224
B1335283932919N03213080EA0115901221
B1335293932924N03213077EA0115501218
B1335303932928N03213074EA0115401217
B1335313932932N03213069EA0115301216
B1335323932935N03213065EA0115201215
B1335333932938N03213060EA0115101214
B1335343932941N03213056EA0115001213
B1335353932945N03213051EA0115001212
B1335363932949N03213046EA0114901212
B1335373932952N03213040EA0114901213
B1335383932954N03213035EA0115001213
B1335393932956N03213030EA0114901212
B1335403932959N03213025EA0114901211
B1335413932962N03213020EA0114801210
B1335423932964N03213016EA0114801210
B1335433932965N03213011EA0114701209
B1335443932966N03213006EA0114601208
B1335453932968N03213001EA0114401206
B1335463932971N03212995EA0114201204
B1335473932974N03212989EA0114101203
B1335483932977N03212983EA0114001202
B1335493932980N03212978EA0114001202
B1335503932984N03212973EA0114001202
B1335513932987N03212968EA0113901201
B1335523932991N03212962EA0113901200
B1335533932994N03212957EA0113801200
B1335543932998N03212951EA0113801200
B1335553933001N03212945EA0113801200
B1335563933004N03212939EA0113801200
B1335573933007N03212934EA0113801199
B1335583933010N03212928EA0113701198
B1335593933013N03212923EA0113501196
B1336003933017N03212918EA0113301194
B1336013933020N03212913EA0113201192
B1336023933024N03212907EA0112901190
B1336033933026N03212901EA0112701188
B1336043933029N03212894EA0112501186
B1336053933031N03212889EA0112401186
B1336063933033N03212884EA0112301184
B1336073933035N03212879EA0112101182
B1336083933037N03212873EA0111901179
B1336093933039N03212868EA0111601175
B1336103933041N03212863EA0111201172
B1336113933044N03212859EA0110901168
B1336123933047N03212854EA0110501165
B1336133933049N03212850EA0110201161
B1336143933051N03212845EA0109801156
B1336153933054N03212840EA0109401152
B1336163933056N03212835EA0109001148
B1336173933059N03212830EA0108801147
B1336183933062N03212825EA0108601146
B1336193933065N03212821EA0108501144
B1336203933068N03212816EA0108401143
B1336213933072N03212810EA0108301142
B1336223933076N03212803EA0108201142
B1336233933080N03212796EA0108201142
B1336243933084N03212789EA0108201143
B1336253933088N03212784EA0108201143
B1336263933092N03212777EA0108301143
B1336273933095N03212769EA0108201142
B1336283933098N03212762EA0108201144
B1336293933101N03212756EA0108301146
B1336303933104N03212751EA0108501147
B1336313933108N03212746EA0108701149
B1336323933111N03212740EA0108801150
B1336333933113N03212735EA0109001152
B1336343933116N03212730EA0109201154
B1336353933119N03212726EA0109401155
B1336363933123N03212722EA0109401156
B1336373933127N03212719EA0109501157
B1336383933132N03212717EA0109601158
B1336393933136N03212717EA0109601158
B1336403933140N03212720EA0109701159
B1336413933144N03212723EA0109701158
B1336423933147N03212728EA0109701158
B1336433933149N03212734EA0109701159
B1336443933150N03212740EA0109501157
B1336453933149N03212746EA0109401155
B1336463933147N03212753EA0109101153
B1336473933144N03212760EA0108901151
B1336483933140N03212766EA0108801150
B1336493933136N03212772EA0108601150
B1336503933131N03212776EA0108601150
B1336513933125N03212778EA0108601148
B1336523933118N03212777EA0108401145
B1336533933111N03212774EA0108101142
B1336543933105N03212768EA0107901140
B1336553933100N03212762EA0107601139
B1336563933096N03212755EA0107601138
B1336573933094N03212748EA0107501137
B1336583933093N03212742EA0107301134
B1336593933093N03212735EA0107101132
B1337003933094N03212729EA0106901131
B1337013933097N03212722EA0106901130
B1337023933100N03212718EA0106801131
B1337033933104N03212714EA0106901131
B1337043933107N03212712EA0106801131
B1337053933111N03212709EA0106801130
B1337063933114N03212705EA0106701129
B1337073933118N03212702EA0106601128
B1337083933122N03212699EA0106501128
B1337093933125N03212696EA0106601128
B1337103933128N03212694EA0106601128
B1337113933131N03212691EA0106501127
B1337123933133N03212688EA0106401124
B1337133933136N03212684EA0106101121
B1337143933140N03212680EA0105901118
B1337153933144N03212675EA0105701116
B1337163933148N03212671EA0105501114
B1337173933151N03212668EA0105301112
B1337183933156N03212665EA0105101110
B1337193933160N03212662EA0104901107
B1337203933165N03212657EA0104601104
B1337213933169N03212652EA0104301102
B1337223933174N03212648EA0104101101
B1337233933178N03212644EA0104001099
B1337243933182N03212641EA0103801097
B1337253933186N03212639EA0103601094
B1337263933190N03212636EA0103301090
B1337273933195N03212632EA0102901085
B1337283933200N03212630EA0102501081
B1337293933206N03212627EA0102101078
B1337303933211N03212625EA0101801075
B1337313933216N03212623EA0101601073
B1337323933220N03212621EA0101301070
B1337333933224N03212619EA0101101068
B1337343933228N03212617EA0100901066
B1337353933233N03212616EA0100701063
B1337363933237N03212615EA0100401060
B1337373933241N03212614EA0100101058
B1337383933245N03212613EA0099901055
B1337393933250N03212611EA0099601051
B1337403933254N03212609EA0099201048
B1337413933258N03212605EA0099001045
B1337423933261N03212600EA0098701043
B1337433933265N03212596EA0098501040
B1337443933268N03212591EA0098301039
B1337453933271N03212586EA0098101037
B1337463933273N03212581EA0097901035
B1337473933276N03212577EA0097701032
B1337483933279N03212572EA0097501029
B1337493933282N03212567EA0097201025
B1337503933286N03212562EA0096801022
B1337513933290N03212557EA0096601021
B1337523933294N03212553EA0096501020
B1337533933297N03212549EA0096501020
B1337543933301N03212546EA0096401018
B1337553933305N03212543EA0096201016
B1337563933309N03212540EA0095901012
B1337573933314N03212536EA0095601009
B1337583933318N03212532EA0095301007
B1337593933323N03212527EA0095201006
B1338003933328N03212524EA0095101006
B1338013933332N03212521EA0095001005
B1338023933335N03212518EA0094901004
B1338033933339N03212514EA0094701001
B1338043933344N03212510EA0094500998
B1338053933349N03212506EA0094200995
B1338063933354N03212501EA0094000994
B1338073933358N03212497EA0093900994
B1338083933361N03212493EA0093900993
B1338093933363N03212488EA0093800992
B1338103933366N03212483EA0093600989
B1338113933369N03212478EA0093400986
B1338123933373N03212472EA0093100984
B1338133933377N03212468EA0093000983
B1338143933381N03212464EA0092900983
B1338153933385N03212461EA0092900983
B1338163933389N03212457EA0092900982
B1338173933392N03212452EA0092800981
B1338183933396N03212448EA0092700980
B1338193933399N03212443EA0092700980
B1338203933403N03212439EA0092700980
B1338213933407N03212435EA0092700980
B1338223933410N03212431EA0092700980
B1338233933413N03212426EA0092600980
B1338243933417N03212422EA0092700980
B1338253933420N03212416EA0092700980
B1338263933424N03212411EA0092700981
B1338273933427N03212405EA0092800983
B1338283933431N03212400EA0093000985
B1338293933434N03212395EA0093100986
B1338303933437N03212391EA0093200987
B1338313933440N03212386EA0093400988
B1338323933444N03212383EA0093400989
B1338333933449N03212381EA0093500989
B1338343933453N03212380EA0093500990
B1338353933458N03212382EA0093500989
B1338363933462N03212387EA0093500989
B1338373933464N03212394EA0093500991
B1338383933465N03212402EA0093700992
B1338393933463N03212409EA0093800994
B1338403933459N03212416EA0094000996
B1338413933454N03212420EA0094100997
B1338423933448N03212422EA0094200998
B1338433933442N03212424EA0094300999
B1338443933435N03212424EA0094401000
B1338453933428N03212424EA0094401002
B1338463933421N03212422EA0094601003
B1338473933415N03212420EA0094701005
B1338483933410N03212416EA0095001008
B1338493933407N03212410EA0095101010
B1338503933405N03212404EA0095301011
B1338513933405N03212397EA0095401012
B1338523933406N03212391EA0095501014
B1338533933409N03212386EA0095601014
B1338543933413N03212382EA0095701015
B1338553933417N03212380EA0095701014
B1338563933423N03212380EA0095701014
B1338573933428N03212382EA0095701016
B1338583933432N03212386EA0095701017
B1338593933435N03212390EA0095901019
B1339003933437N03212395EA0096001021
B1339013933437N03212401EA0096201023
B1339023933437N03212408EA0096401025
B1339033933436N03212415EA0096501027
B1339043933433N03212421EA0096701029
B1339053933429N03212426EA0096801030
B1339063933426N03212432EA0097001031
B1339073933421N03212437EA0097101032
B1339083933417N03212442EA0097201034
B1339093933412N03212446EA0097401036
B1339103933406N03212449EA0097501036
B1339113933400N03212449EA0097501037
B1339123933395N03212447EA0097601037
B1339133933390N03212442EA0097601038
B1339143933388N03212435EA0097701037
B1339153933387N03212428EA0097701037
B1339163933387N03212421EA0097601036
B1339173933389N03212415EA0097601036
B1339183933392N03212408EA0097601037
B1339193933396N03212404EA0097701037
B1339203933401N03212402EA0097801038
B1339213933407N03212403EA0097901040
B1339223933412N03212405EA0098001041
B1339233933415N03212410EA0098201044
B1339243933418N03212415EA0098401047
B1339253933418N03212421EA0098701050
B1339263933417N03212428EA0098801051
B1339273933413N03212434EA0098901051
B1339283933409N03212439EA0099001051
B1339293933403N03212443EA0099001052
B1339303933397N03212445EA0099001053
B1339313933390N03212445EA0099101054
B1339323933384N03212444EA0099201055
B1339333933379N03212440EA0099301056
B1339343933375N03212435EA0099301056
B1339353933371N03212428EA0099401057
B1339363933369N03212421EA0099401056
B1339373933369N03212414EA0099401056
B1339383933369N03212406EA0099401056
B1339393933371N03212400EA0099401057
B1339403933375N03212395EA0099501057
B1339413933379N03212392EA0099601057
B1339423933385N03212393EA0099501056
B1339433933390N03212398EA0099501057
B1339443933394N03212403EA0099701059
B1339453933396N03212408EA0100001063
B1339463933399N03212412EA0100301066
B1339473933401N03212415EA0100501068
B1339483933404N03212417EA0100601068
B1339493933406N03212421EA0100601068
B1339503933409N03212426EA0100601068
B1339513933409N03212433EA0100601067
B1339523933408N03212440EA0100501066
B1339533933404N03212447EA0100501066
B1339543933399N03212453EA0100401067
B1339553933393N03212456EA0100601069
B1339563933387N03212456EA0100701071
B1339573933382N03212454EA0100901072
B1339583933376N03212450EA0100901072
B1339593933371N03212444EA0100901072
B1340003933367N03212437EA0101001073
B1340013933364N03212430EA0101101074
B1340023933363N03212422EA0101301076
B1340033933363N03212415EA0101401078
B1340043933365N03212410EA0101601079
B1340053933368N03212406EA0101701080
B1340063933372N03212404EA0101801082
B1340073933376N03212404EA0101801082
B1340083933380N03212405EA0101901082
B1340093933383N03212409EA0101901082
B1340103933387N03212414EA0102001083
B1340113933390N03212419EA0102001084
B1340123933392N03212426EA0102101086
B1340133933393N03212433EA0102301087
B1340143933393N03212440EA0102501089
B1340153933391N03212446EA0102601090
B1340163933387N03212452EA0102601090
B1340173933383N03212457EA0102601090
B1340183933377N03212462EA0102601090
B1340193933372N03212466EA0102601091
B1340203933366N03212468EA0102701092
B1340213933359N03212469EA0102801093
B1340223933353N03212466EA0102901094
B1340233933347N03212462EA0103001096
B1340243933342N03212457EA0103301098
B1340253933338N03212452EA0103501101
B1340263933334N03212446EA0103701102
B1340273933330N03212441EA0103901104
B1340283933328N03212434EA0104001105
B1340293933326N03212426EA0104101105
B1340303933325N03212418EA0104201106
B1340313933326N03212410EA0104301107
B1340323933328N03212404EA0104501109
B1340333933331N03212399EA0104701111
B1340343933335N03212396EA0104801112
B1340353933339N03212396EA0104901113
B1340363933343N03212397EA0105001114
B1340373933347N03212400EA0105101114
B1340383933350N03212406EA0105201116
B1340393933351N03212413EA0105301116
B1340403933349N03212420EA0105301117
B1340413933347N03212428EA0105401118
B1340423933343N03212435EA0105601120
B1340433933338N03212440EA0105701122
B1340443933332N03212442EA0105901123
B1340453933326N03212442EA0106001124
B1340463933319N03212442EA0106101126
B1340473933313N03212440EA0106301128
B1340483933306N03212436EA0106501130
B1340493933301N03212431EA0106701131
B1340503933296N03212424EA0106801132
B1340513933293N03212416EA0107001133
B1340523933291N03212408EA0107101134
B1340533933290N03212399EA0107201136
B1340543933291N03212392EA0107401138
B1340553933292N03212386EA0107601140
B1340563933295N03212381EA0107701141
B1340573933298N03212377EA0107801140
B1340583933302N03212375EA0107801140
B1340593933307N03212374EA0107901141
B1341003933311N03212375EA0108001143
B1341013933314N03212377EA0108101144
B1341023933317N03212381EA0108201144
B1341033933318N03212387EA0108201144
B1341043933318N03212395EA0108201145
B1341053933316N03212403EA0108301146
B1341063933312N03212409EA0108401149
B1341073933307N03212414EA0108601151
B1341083933301N03212416EA0108901154
B1341093933294N03212417EA0109101157
B1341103933288N03212415EA0109301159
B1341113933281N03212413EA0109501161
B1341123933275N03212409EA0109701162
B1341133933269N03212403EA0109801163
B1341143933264N03212397EA0109901164
B1341153933260N03212390EA0110001164
B1341163933258N03212381EA0110101165
B1341173933257N03212373EA0110101165
B1341183933258N03212365EA0110201165
B1341193933260N03212359EA0110201166
B1341203933264N03212354EA0110201166
B1341213933268N03212352EA0110301167
B1341223933272N03212352EA0110301167
B1341233933274N03212354EA0110301167
B1341243933276N03212358EA0110301167
B1341253933278N03212363EA0110201166
B1341263933278N03212369EA0110101166
B1341273933278N03212375EA0110101165
B1341283933277N03212382EA0110101166
B1341293933274N03212388EA0110201168
B1341303933270N03212394EA0110401171
B1341313933266N03212399EA0110701174
B1341323933262N03212404EA0110901178
B1341333933259N03212410EA0111201181
B1341343933256N03212415EA0111501183
B1341353933252N03212420EA0111701185
B1341363933247N03212423EA0111801186
B1341373933239N03212424EA0111901186
B1341383933231N03212422EA0111901187
B1341393933224N03212417EA0112001189
B1341403933217N03212410EA0112201192
B1341413933213N03212401EA0112501195
B1341423933212N03212393EA0112801197
B1341433933213N03212386EA0113001199
B1341443933215N03212379EA0113101199
B1341453933219N03212374EA0113101199
B1341463933223N03212369EA0113201200
B1341473933228N03212367EA0113201202
B1341483933233N03212367EA0113401204
B1341493933237N03212369EA0113701207
B1341503933239N03212373EA0113901209
B1341513933239N03212378EA0114201212
B1341523933238N03212383EA0114401213
B1341533933235N03212389EA0114501215
B1341543933230N03212394EA0114701217
B1341553933224N03212399EA0114801218
B1341563933218N03212402EA0115001221
B1341573933211N03212403EA0115401224
B1341583933204N03212401EA0115601227
B1341593933197N03212397EA0115801228
B1342003933192N03212390EA0115901229
B1342013933187N03212381EA0115901230
B1342023933185N03212371EA0116101230
B1342033933186N03212362EA0116101231
B1342043933188N03212354EA0116201232
B1342053933192N03212348EA0116301234
B1342063933196N03212344EA0116501236
B1342073933199N03212340EA0116701238
B1342083933203N03212337EA0116901240
B1342093933206N03212334EA0117001241
B1342103933209N03212331EA0117201241
B1342113933213N03212330EA0117101240
B1342123933217N03212332EA0117001239
B1342133933221N03212336EA0116901238
B1342143933223N03212342EA0117001240
B1342153933224N03212347EA0117201243
B1342163933224N03212352EA0117401245
B1342173933222N03212356EA0117501246
B1342183933219N03212360EA0117601245
B1342193933216N03212365EA0117401243
B1342203933212N03212370EA0117301240
B1342213933208N03212376EA0117101239
B1342223933202N03212381EA0116901239
B1342233933196N03212386EA0117001240
B1342243933190N03212390EA0117001240
B1342253933183N03212392EA0117001239
B1342263933175N03212391EA0116801236
B1342273933167N03212389EA0116601233
B1342283933159N03212384EA0116401232
B1342293933152N03212378EA0116301233
B1342303933147N03212369EA0116401234
B1342313933144N03212361EA0116501236
B1342323933143N03212352EA0116701237
B1342333933142N03212344EA0116801238
B1342343933141N03212336EA0116901239
B1342353933140N03212328EA0117001240
B1342363933141N03212320EA0117001240
B1342373933143N03212314EA0117101240
B1342383933146N03212309EA0117101241
B1342393933150N03212305EA0117201242
B1342403933153N03212303EA0117301243
B1342413933156N03212302EA0117401244
B1342423933159N03212303EA0117501245
B1342433933161N03212306EA0117501244
B1342443933163N03212310EA0117401243
B1342453933164N03212315EA0117301243
B1342463933164N03212320EA0117301243
B1342473933164N03212324EA0117301244
B1342483933163N03212330EA0117401244
B1342493933162N03212335EA0117301243
B1342503933160N03212342EA0117301243
B1342513933157N03212348EA0117301243
B1342523933154N03212354EA0117301243
B1342533933149N03212360EA0117401245
B1342543933144N03212365EA0117501246
B1342553933138N03212369EA0117601247
B1342563933132N03212371EA0117701248
B1342573933126N03212373EA0117801248
B1342583933118N03212372EA0117801248
B1342593933110N03212370EA0117801247
B1343003933103N03212366EA0117701246
B1343013933097N03212359EA0117601245
B1343023933093N03212351EA0117501245
B1343033933090N03212342EA0117501245
B1343043933087N03212334EA0117601247
B1343053933084N03212327EA0117801249
B1343063933081N03212320EA0117901250
B1343073933077N03212314EA0118001250
B1343083933072N03212308EA0118001250
B1343093933068N03212302EA0117901250
B1343103933064N03212295EA0117901249
B1343113933062N03212288EA0117901248
B1343123933061N03212280EA0117901249
B1343133933062N03212274EA0118001251
B1343143933064N03212270EA0118001252
B1343153933067N03212267EA0118101251
B1343163933070N03212266EA0117901250
B1343173933074N03212265EA0117801249
B1343183933078N03212265EA0117801249
B1343193933082N03212268EA0117701248
B1343203933084N03212271EA0117701248
B1343213933086N03212277EA0117701247
B1343223933087N03212282EA0117601248
B1343233933086N03212288EA0117701248
B1343243933084N03212294EA0117801249
B1343253933081N03212299EA0117901250
B1343263933077N03212304EA0117901250
B1343273933072N03212307EA0117901250
B1343283933065N03212309EA0117901250
B1343293933058N03212309EA0117901250
B1343303933050N03212307EA0117901250
B1343313933043N03212303EA0118001251
B1343323933038N03212297EA0118101252
B1343333933034N03212291EA0118201253
B1343343933031N03212286EA0118301254
B1343353933027N03212280EA0118401255
B1343363933024N03212275EA0118501255
B1343373933021N03212268EA0118501254
B1343383933019N03212261EA0118501253
B1343393933019N03212255EA0118401252
B1343403933019N03212249EA0118201251
B1343413933019N03212243EA0118101249
B1343423933020N03212237EA0117901247
B1343433933021N03212230EA0117701245
B1343443933023N03212224EA0117601243
B1343453933025N03212219EA0117401240
B1343463933028N03212214EA0117101237
B1343473933032N03212210EA0116901235
B1343483933036N03212209EA0116701233
B1343493933041N03212209EA0116501232
B1343503933045N03212210EA0116401230
B1343513933049N03212213EA0116201229
B1343523933052N03212217EA0116101228
B1343533933055N03212221EA0116001228
B1343543933058N03212225EA0115901227
B1343553933060N03212230EA0115901226
B1343563933061N03212236EA0115801226
B1343573933062N03212242EA0115701224
B1343583933063N03212249EA0115601224
B1343593933063N03212256EA0115601223
B1344003933063N03212263EA0115601224
B1344013933063N03212270EA0115701225
B1344023933062N03212278EA0115701226
B1344033933061N03212284EA0115801227
B1344043933061N03212290EA0115901227
B1344053933062N03212296EA0115801227
B1344063933065N03212302EA0115701225
B1344073933069N03212307EA0115701225
B1344083933072N03212310EA0115701226
B1344093933075N03212313EA0115801227
B1344103933077N03212316EA0115901228
B1344113933079N03212319EA0115801227
B1344123933082N03212322EA0115701224
B1344133933086N03212325EA0115501222
B1344143933090N03212329EA0115401221
B1344153933093N03212332EA0115301221
B1344163933096N03212336EA0115301222
B1344173933098N03212340EA0115301222
B1344183933100N03212343EA0115301221
B1344193933102N03212348EA0115201219
B1344203933105N03212353EA0115001217
B1344213933108N03212359EA0114801216
B1344223933111N03212364EA0114801217
B1344233933114N03212368EA0114901220
B1344243933116N03212371EA0115201223
B1344253933117N03212373EA0115401224
B1344263933119N03212377EA0115401223
B1344273933121N03212381EA0115301221
B1344283933124N03212386EA0115201219
B1344293933126N03212391EA0115001219
B1344303933128N03212397EA0115101221
B1344313933127N03212402EA0115301224
B1344323933126N03212407EA0115501227
B1344333933126N03212411EA0115801229
B1344343933125N03212415EA0115901230
B1344353933124N03212419EA0115901229
B1344363933124N03212423EA0115901228
B1344373933122N03212427EA0115801227
B1344383933119N03212432EA0115601224
B1344393933115N03212436EA0115301221
B1344403933108N03212439EA0115101218
B1344413933101N03212440EA0114901217
B1344423933093N03212438EA0114801217
B1344433933087N03212434EA0114701216
B1344443933081N03212428EA0114601215
B1344453933075N03212421EA0114501215
B1344463933070N03212413EA0114501215
B1344473933066N03212406EA0114601216
B1344483933062N03212398EA0114601217
B1344493933059N03212391EA0114801218
B1344503933057N03212383EA0114801218
B1344513933055N03212376EA0114901219
B1344523933055N03212370EA0115001219
B1344533933057N03212363EA0115001218
B1344543933059N03212358EA0115001218
B1344553933063N03212353EA0114901218
B1344563933067N03212350EA0115001219
B1344573933070N03212348EA0115101221
B1344583933073N03212348EA0115201222
B1344593933075N03212349EA0115201222
B1345003933077N03212353EA0115301221
B1345013933079N03212358EA0115301222
B1345023933079N03212364EA0115401224
B1345033933077N03212369EA0115501225
B1345043933073N03212374EA0115601226
B1345053933069N03212377EA0115601225
B1345063933064N03212380EA0115501225
B1345073933059N03212382EA0115501223
B1345083933053N03212383EA0115401222
B1345093933046N03212384EA0115201220
B1345103933038N03212384EA0115101219
B1345113933031N03212382EA0115001219
B1345123933023N03212378EA0115001219
B1345133933016N03212374EA0115001220
B1345143933010N03212369EA0115101220
B1345153933005N03212363EA0115201221
B1345163933001N03212356EA0115201221
B1345173932998N03212349EA0115201221
B1345183932997N03212341EA0115201222
B1345193932996N03212334EA0115301222
B1345203932996N03212328EA0115301223
B1345213932998N03212322EA0115401222
B1345223933000N03212316EA0115301221
B1345233933003N03212311EA0115301221
B1345243933007N03212306EA0115201220
B1345253933010N03212300EA0115201219
B1345263933013N03212293EA0115201219
B1345273933017N03212288EA0115201219
B1345283933020N03212283EA0115201220
B1345293933024N03212279EA0115301221
B1345303933026N03212274EA0115401223
B1345313933029N03212269EA0115501223
B1345323933032N03212264EA0115501224
B1345333933035N03212259EA0115601224
B1345343933038N03212254EA0115601224
B1345353933042N03212252EA0115601224
B1345363933045N03212249EA0115601224
B1345373933049N03212248EA0115701225
B1345383933052N03212246EA0115701225
B1345393933054N03212244EA0115701225
B1345403933057N03212241EA0115601222
B1345413933061N03212238EA0115301219
B1345423933066N03212234EA0115101217
B1345433933072N03212229EA0114901216
B1345443933077N03212225EA0114901218
B1345453933081N03212219EA0115101222
B1345463933084N03212215EA0115401225
B1345473933087N03212212EA0115601226
B1345483933091N03212209EA0115701227
B1345493933095N03212205EA0115801227
B1345503933099N03212202EA0115901228
B1345513933102N03212199EA0116001230
B1345523933105N03212197EA0116101232
B1345533933108N03212194EA0116301233
B1345543933111N03212190EA0116301233
B1345553933114N03212186EA0116301232
B1345563933116N03212181EA0116301232
B1345573933120N03212177EA0116301232
B1345583933123N03212173EA0116201231
B1345593933127N03212169EA0116201230
B1346003933130N03212166EA0116101229
B1346013933134N03212162EA0116001229
B1346023933138N03212158EA0116001228
B1346033933142N03212154EA0115901228
B1346043933146N03212149EA0115901228
B1346053933150N03212144EA0116001229
B1346063933153N03212140EA0116101230
B1346073933157N03212137EA0116101230
B1346083933161N03212135EA0116101229
B1346093933164N03212132EA0116001228
B1346103933169N03212130EA0115901226
B1346113933172N03212127EA0115701225
B1346123933176N03212124EA0115601224
B1346133933179N03212120EA0115501222
B1346143933182N03212117EA0115401221
B1346153933186N03212113EA0115301221
B1346163933190N03212110EA0115301221
B1346173933193N03212106EA0115301221
B1346183933197N03212103EA0115401221
B1346193933200N03212099EA0115401221
B1346203933203N03212096EA0115401221
B1346213933207N03212092EA0115301221
B1346223933211N03212088EA0115301220
B1346233933214N03212085EA0115201219
B1346243933219N03212081EA0115101218
B1346253933224N03212077EA0115001217
B1346263933229N03212073EA0115001217
B1346273933234N03212070EA0114901216
B1346283933238N03212067EA0114901216
B1346293933242N03212064EA0115001216
B1346303933246N03212061EA0114901215
B1346313933251N03212058EA0114801213
B1346323933256N03212054EA0114701212
B1346333933260N03212049EA0114601213
B1346343933265N03212043EA0114601214
B1346353933269N03212038EA0114801217
B1346363933272N03212034EA0115001219
B1346373933274N03212030EA0115201221
B1346383933276N03212026EA0115301222
B1346393933278N03212020EA0115401221
B1346403933281N03212016EA0115401221
B1346413933284N03212012EA0115301221
B1346423933289N03212008EA0115301221
B1346433933293N03212006EA0115401222
B1346443933296N03212002EA0115501224
B1346453933300N03211998EA0115601225
B1346463933302N03211993EA0115701226
B1346473933306N03211989EA0115801227
B1346483933310N03211985EA0115901228
B1346493933314N03211980EA0115901228
B1346503933317N03211975EA0116001229
B1346513933320N03211969EA0116101230
B1346523933323N03211963EA0116201232
B1346533933326N03211958EA0116401233
B1346543933329N03211954EA0116501234
B1346553933333N03211950EA0116501234
B1346563933337N03211946EA0116601234
B1346573933340N03211941EA0116601235
B1346583933344N03211936EA0116701236
B1346593933348N03211931EA0116801237
B1347003933353N03211926EA0116901239
B1347013933358N03211921EA0117101241
B1347023933362N03211916EA0117401244
B1347033933366N03211911EA0117601246
B1347043933369N03211906EA0117801248
B1347053933373N03211901EA0117901249
B1347063933376N03211895EA0118001248
B1347073933380N03211889EA0117901247
B1347083933385N03211883EA0117801247
B1347093933390N03211877EA0118001248
B1347103933395N03211874EA0118101251
B1347113933399N03211873EA0118401254
B1347123933403N03211874EA0118601256
B1347133933407N03211877EA0118701257
B1347143933409N03211882EA0118901258
B1347153933410N03211888EA0119001260
B1347163933408N03211894EA0119101261
B1347173933404N03211899EA0119301262
B1347183933397N03211902EA0119301262
B1347193933390N03211903EA0119301264
B1347203933381N03211903EA0119401266
B1347213933374N03211901EA0119701270
B1347223933369N03211898EA0119901272
B1347233933364N03211894EA0120101273
B1347243933359N03211888EA0120101273
B1347253933355N03211880EA0120101272
B1347263933351N03211870EA0120101272
B1347273933348N03211860EA0120101272
B1347283933348N03211851EA0120101273
B1347293933349N03211842EA0120301275
B1347303933351N03211835EA0120401277
B1347313933354N03211828EA0120601279
B1347323933358N03211823EA0120801280
B1347333933362N03211820EA0121001283
B1347343933367N03211819EA0121301286
B1347353933371N03211821EA0121601289
B1347363933374N03211822EA0121801293
B1347373933377N03211824EA0122201296
B1347383933380N03211825EA0122401299
B1347393933383N03211827EA0122701301
B1347403933386N03211831EA0122801302
B1347413933388N03211836EA0122901303
B1347423933389N03211842EA0123101305
B1347433933389N03211847EA0123301308
B1347443933387N03211852EA0123601312
B1347453933384N03211857EA0123901314
B1347463933381N03211861EA0124101317
B1347473933375N03211864EA0124401318
B1347483933369N03211866EA0124501319
B1347493933361N03211864EA0124701321
B1347503933354N03211861EA0124801323
B1347513933348N03211855EA0125001326
B1347523933343N03211848EA0125201328
B1347533933340N03211840EA0125401329
B1347543933339N03211832EA0125501330
B1347553933339N03211824EA0125601331
B1347563933340N03211815EA0125701332
B1347573933342N03211808EA0125901334
B1347583933346N03211801EA0126101336
B1347593933351N03211797EA0126401340
B1348003933355N03211794EA0126801344
B1348013933359N03211791EA0127201348
B1348023933361N03211788EA0127501351
B1348033933362N03211785EA0127701353
B1348043933364N03211782EA0127901353
B1348053933367N03211778EA0127901353
B1348063933371N03211776EA0128001354
B1348073933375N03211777EA0128101356
B1348083933378N03211779EA0128401360
B1348093933380N03211781EA0128701365
B1348103933382N03211783EA0129101370
B1348113933384N03211783EA0129601374
B1348123933386N03211782EA0129901377
B1348133933387N03211783EA0130101379
B1348143933388N03211787EA0130201379
B1348153933387N03211792EA0130301379
B1348163933384N03211799EA0130301379
B1348173933379N03211804EA0130401380
B1348183933371N03211806EA0130401382
B1348193933364N03211804EA0130601385
B1348203933357N03211800EA0130901388
B1348213933351N03211793EA0131201390
B1348223933347N03211786EA0131401393
B1348233933345N03211778EA0131601395
B1348243933344N03211769EA0131801396
B1348253933343N03211761EA0131901397
B1348263933344N03211752EA0132001397
B1348273933346N03211745EA0132101399
B1348283933348N03211739EA0132401403
B1348293933350N03211736EA0132701406
B1348303933352N03211734EA0133001408
B1348313933354N03211734EA0133101409
B1348323933357N03211736EA0133201409
B1348333933359N03211740EA0133201410
B1348343933359N03211745EA0133301411
B1348353933358N03211751EA0133501413
B1348363933355N03211756EA0133601414
B1348373933349N03211760EA0133801416
B1348383933343N03211762EA0133901418
B1348393933337N03211763EA0134101420
B1348403933331N03211762EA0134301423
B1348413933324N03211761EA0134601425
B1348423933318N03211758EA0134801426
B1348433933310N03211754EA0134901427
B1348443933303N03211750EA0134901428
B1348453933295N03211744EA0135001430
B1348463933290N03211738EA0135201432
B1348473933285N03211731EA0135301432
B1348483933282N03211722EA0135401433
B1348493933281N03211713EA0135501434
B1348503933280N03211705EA0135601436
B1348513933281N03211698EA0135801438
B1348523933282N03211693EA0136001440
B1348533933284N03211690EA0136101441
B1348543933287N03211689EA0136301442
B1348553933290N03211688EA0136401443
B1348563933293N03211688EA0136501445
B1348573933296N03211688EA0136801449
B1348583933299N03211689EA0137101452
B1348593933300N03211691EA0137301454
B1349003933301N03211696EA0137401455
B1349013933301N03211702EA0137501455
B1349023933301N03211709EA0137601456
B1349033933299N03211715EA0137801458
B1349043933295N03211720EA0137901460
B1349053933290N03211724EA0138001461
B1349063933286N03211729EA0138201462
B1349073933281N03211735EA0138301464
B1349083933278N03211741EA0138501467
B1349093933274N03211746EA0138801470
B1349103933268N03211749EA0139101473
B1349113933262N03211749EA0139301474
B1349123933255N03211746EA0139401474
B1349133933248N03211742EA0139401474
B1349143933242N03211736EA0139401475
B1349153933237N03211728EA0139501476
B1349163933233N03211719EA0139601477
B1349173933231N03211709EA0139701477
B1349183933230N03211699EA0139801479
B1349193933231N03211691EA0140001482
B1349203933232N03211685EA0140301485
B1349213933233N03211680EA0140601488
B1349223933235N03211676EA0140801490
B1349233933236N03211673EA0141001492
B1349243933238N03211671EA0141101492
B1349253933240N03211670EA0141301493
B1349263933243N03211671EA0141301493
B1349273933245N03211674EA0141301494
B1349283933247N03211677EA0141401495
B1349293933248N03211682EA0141501497
B1349303933247N03211686EA0141701499
B1349313933245N03211692EA0141801500
B1349323933243N03211697EA0141901502
B1349333933241N03211702EA0142101504
B1349343933238N03211708EA0142201505
B1349353933236N03211714EA0142401508
B1349363933233N03211720EA0142601510
B1349373933228N03211725EA0142901513
B1349383933223N03211729EA0143101515
B1349393933216N03211732EA0143301517
B1349403933209N03211732EA0143501519
B1349413933202N03211732EA0143701521
B1349423933195N03211731EA0143801524
B1349433933188N03211729EA0144101526
B1349443933182N03211727EA0144201528
B1349453933176N03211723EA0144301528
B1349463933169N03211717EA0144401528
B1349473933163N03211710EA0144401528
B1349483933158N03211702EA0144501530
B1349493933154N03211692EA0144701531
B1349503933153N03211683EA0144901534
B1349513933153N03211676EA0145001536
B1349523933152N03211670EA0145301539
B1349533933152N03211665EA0145501541
B1349543933151N03211659EA0145701542
B1349553933151N03211653EA0145801541
B1349563933152N03211647EA0145801541
B1349573933154N03211642EA0145801542
B1349583933156N03211638EA0145901543
B1349593933159N03211637EA0146101546
B1350003933161N03211636EA0146301548
B1350013933162N03211636EA0146501549
B1350023933164N03211636EA0146601549
B1350033933167N03211637EA0146601549
B1350043933170N03211637EA0146601549
B1350053933173N03211639EA0146601549
B1350063933175N03211641EA0146701551
B1350073933178N03211643EA0146801553
B1350083933179N03211645EA0147001555
B1350093933181N03211647EA0147201557
B1350103933182N03211650EA0147301558
B1350113933184N03211653EA0147401559
B1350123933185N03211658EA0147601560
B1350133933184N03211664EA0147601561
B1350143933182N03211671EA0147701562
B1350153933178N03211678EA0147901563
B1350163933173N03211684EA0148001565
B1350173933167N03211688EA0148101566
B1350183933160N03211690EA0148201567
B1350193933152N03211690EA0148301567
B1350203933144N03211688EA0148301567
B1350213933135N03211684EA0148301567
B1350223933127N03211678EA0148301568
B1350233933120N03211672EA0148401570
B1350243933114N03211665EA0148501572
B1350253933110N03211656EA0148701573
B1350263933107N03211646EA0148701573
B1350273933106N03211637EA0148801574
B1350283933106N03211628EA0148901576
B1350293933105N03211619EA0149101578
B1350303933105N03211612EA0149301580
B1350313933105N03211606EA0149401581
B1350323933106N03211600EA0149501582
B1350333933107N03211594EA0149601582
B1350343933110N03211589EA0149701584
B1350353933112N03211584EA0149901586
B1350363933115N03211580EA0150101588
B1350373933117N03211579EA0150301591
B1350383933120N03211579EA0150501592
B1350393933121N03211582EA0150601593
B1350403933122N03211587EA0150701593
B1350413933122N03211592EA0150801595
B1350423933119N03211599EA0151001597
B1350433933114N03211604EA0151101600
B1350443933107N03211608EA0151401602
B1350453933100N03211609EA0151601603
B1350463933093N03211609EA0151701605
B1350473933085N03211608EA0151901607
B1350483933077N03211606EA0152001608
B1350493933069N03211602EA0152101609
B1350503933062N03211597EA0152201610
B1350513933056N03211589EA0152201610
B1350523933052N03211580EA0152301611
B1350533933049N03211571EA0152501613
B1350543933048N03211562EA0152601615
B1350553933048N03211554EA0152801617
B1350563933050N03211546EA0153001619
B1350573933051N03211540EA0153301621
B1350583933054N03211536EA0153501623
B1350593933056N03211534EA0153601624
B1351003933059N03211533EA0153701625
B1351013933062N03211534EA0153701625
B1351023933063N03211538EA0153701624
B1351033933064N03211544EA0153701624
B1351043933062N03211550EA0153801625
B1351053933059N03211556EA0153901627
B1351063933054N03211561EA0154001628
B1351073933046N03211565EA0154101629
B1351083933038N03211566EA0154301630
B1351093933030N03211564EA0154401632
B1351103933022N03211560EA0154501634
B1351113933014N03211554EA0154701635
B1351123933008N03211546EA0154901638
B1351133933002N03211538EA0155101641
B1351143932997N03211531EA0155301644
B1351153932994N03211523EA0155501646
B1351163932991N03211515EA0155701647
B1351173932989N03211507EA0155801648
B1351183932988N03211499EA0155801647
B1351193932988N03211490EA0155801647
B1351203932988N03211481EA0155901648
B1351213932989N03211474EA0156001650
B1351223932990N03211468EA0156101651
B1351233932992N03211463EA0156201651
B1351243932995N03211460EA0156201651
B1351253932998N03211458EA0156201650
B1351263933002N03211459EA0156101649
B1351273933005N03211463EA0156001648
B1351283933006N03211469EA0156001650
B1351293933006N03211473EA0156201654
B1351303933006N03211476EA0156601658
B1351313933007N03211478EA0156801659
B1351323933008N03211480EA0156901659
B1351333933009N03211484EA0156901659
B1351343933011N03211489EA0156901658
B1351353933011N03211495EA0156901659
B1351363933012N03211502EA0157001660
B1351373933011N03211508EA0157201663
B1351383933011N03211513EA0157401666
B1351393933011N03211517EA0157701668
B1351403933012N03211521EA0157801670
B1351413933013N03211525EA0157901671
B1351423933013N03211529EA0158001671
B1351433933012N03211534EA0158101672
B1351443933010N03211540EA0158201673
B1351453933006N03211546EA0158301674
B1351463933001N03211551EA0158501677
B1351473932995N03211555EA0158701679
B1351483932989N03211557EA0158901682
B1351493932982N03211557EA0159101683
B1351503932975N03211555EA0159201684
B1351513932968N03211552EA0159301685
B1351523932960N03211548EA0159401687
B1351533932954N03211541EA0159601688
B1351543932949N03211533EA0159701691
B1351553932945N03211524EA0160001693
B1351563932942N03211516EA0160201696
B1351573932941N03211508EA0160501699
B1351583932941N03211500EA0160701701
B1351593932942N03211494EA0160901703
B1352003932943N03211488EA0161101705
B1352013932946N03211484EA0161301706
B1352023932949N03211481EA0161501707
B1352033932952N03211481EA0161601708
B1352043932955N03211483EA0161701709
B1352053932958N03211486EA0161801711
B1352063932960N03211490EA0162001713
B1352073932961N03211496EA0162201716
B1352083932961N03211501EA0162401718
B1352093932959N03211507EA0162601721
B1352103932956N03211513EA0162901723
B1352113932952N03211519EA0163101726
B1352123932948N03211524EA0163301729
B1352133932942N03211527EA0163601731
B1352143932936N03211528EA0163801733
B1352153932929N03211529EA0163901734
B1352163932921N03211528EA0164001735
B1352173932913N03211527EA0164201738
B1352183932905N03211524EA0164501741
B1352193932899N03211518EA0164701745
B1352203932893N03211512EA0165001747
B1352213932889N03211504EA0165201748
B1352223932885N03211495EA0165401750
B1352233932883N03211487EA0165601753
B1352243932881N03211479EA0165901756
B1352253932880N03211471EA0166201758
B1352263932879N03211464EA0166401760
B1352273932878N03211456EA0166601762
B1352283932878N03211449EA0166701762
B1352293932879N03211442EA0166801763
B1352303932880N03211435EA0166801763
B1352313932883N03211430EA0166901764
B1352323932886N03211425EA0167001765
B1352333932888N03211422EA0167101767
B1352343932891N03211421EA0167301768
B1352353932894N03211421EA0167401768
B1352363932897N03211423EA0167401769
B1352373932900N03211424EA0167501770
B1352383932902N03211427EA0167601772
B1352393932903N03211431EA0167801774
B1352403932903N03211437EA0167901776
B1352413932901N03211443EA0168201778
B1352423932898N03211448EA0168401781
B1352433932894N03211453EA0168601784
B1352443932889N03211456EA0168901786
B1352453932883N03211459EA0169101788
B1352463932876N03211461EA0169201790
B1352473932869N03211462EA0169401792
B1352483932861N03211461EA0169601794
B1352493932854N03211459EA0169801795
B1352503932846N03211455EA0170001798
B1352513932839N03211450EA0170201801
B1352523932834N03211443EA0170301803
B1352533932829N03211435EA0170601805
B1352543932826N03211427EA0170801807
B1352553932824N03211419EA0171001809
B1352563932824N03211412EA0171101810
B1352573932823N03211404EA0171301810
B1352583932824N03211397EA0171301810
B1352593932825N03211390EA0171301811
B1353003932828N03211385EA0171401811
B1353013932830N03211381EA0171401811
B1353023932833N03211379EA0171401810
B1353033932837N03211377EA0171401811
B1353043932840N03211375EA0171501812
B1353053932844N03211374EA0171601813
B1353063932848N03211374EA0171701814
B1353073932853N03211375EA0171701815
B1353083932858N03211375EA0171901817
B1353093932862N03211375EA0172101819
B1353103932866N03211374EA0172301822
B1353113932870N03211374EA0172601825
B1353123932873N03211374EA0172801828
B1353133932876N03211374EA0173101830
B1353143932879N03211373EA0173201831
B1353153932883N03211372EA0173301832
B1353163932887N03211372EA0173401833
B1353173932890N03211372EA0173501835
B1353183932893N03211373EA0173601836
B1353193932896N03211374EA0173701836
B1353203932899N03211375EA0173701835
B1353213932903N03211375EA0173701835
B1353223932906N03211377EA0173701835
B1353233932908N03211380EA0173701836
B1353243932910N03211385EA0173701836
B1353253932910N03211391EA0173701835
B1353263932909N03211398EA0173601835
B1353273932906N03211405EA0173601835
B1353283932902N03211412EA0173601835
B1353293932895N03211418EA0173601836
B1353303932888N03211421EA0173801839
B1353313932880N03211422EA0174101842
B1353323932873N03211420EA0174401845
B1353333932866N03211416EA0174601848
B1353343932860N03211411EA0174801850
B1353353932853N03211406EA0175001851
B1353363932847N03211401EA0175101851
B1353373932841N03211394EA0175101851
B1353383932835N03211385EA0175101852
B1353393932830N03211377EA0175201853
B1353403932825N03211369EA0175301856
B1353413932822N03211361EA0175501857
B1353423932819N03211352EA0175601858
B1353433932818N03211344EA0175801859
B1353443932818N03211335EA0175901860
B1353453932818N03211328EA0176001862
B1353463932819N03211322EA0176201862
B1353473932821N03211317EA0176201862
B1353483932823N03211314EA0176201862
B1353493932826N03211311EA0176101860
B1353503932828N03211308EA0175901858
B1353513932831N03211306EA0175701856
B1353523932834N03211305EA0175601855
B1353533932837N03211305EA0175501854
B1353543932840N03211308EA0175401853
B1353553932843N03211312EA0175301853
B1353563932844N03211319EA0175301854
B1353573932843N03211325EA0175301854
B1353583932842N03211332EA0175401855
B1353593932841N03211339EA0175401855
B1354003932838N03211345EA0175401854
B1354013932835N03211351EA0175301854
B1354023932831N03211357EA0175301854
B1354033932826N03211363EA0175501857
B1354043932820N03211367EA0175701860
B1354053932814N03211370EA0176001863
B1354063932807N03211372EA0176201865
B1354073932800N03211372EA0176501867
B1354083932792N03211372EA0176701869
B1354093932785N03211370EA0176801871
B1354103932778N03211367EA0177001872
B1354113932771N03211363EA0177001873
B1354123932764N03211358EA0177101874
B1354133932758N03211352EA0177201875
B1354143932752N03211346EA0177301876
B1354153932746N03211339EA0177301877
B1354163932740N03211333EA0177401878
B1354173932734N03211326EA0177501879
B1354183932729N03211318EA0177601879
B1354193932726N03211310EA0177601879
B1354203932725N03211302EA0177701880
B1354213932725N03211295EA0177801881
B1354223932726N03211290EA0177801880
B1354233932729N03211286EA0177701880
B1354243932732N03211284EA0177701879
B1354253932735N03211282EA0177601878
B1354263932738N03211282EA0177601878
B1354273932740N03211281EA0177501877
B1354283932743N03211282EA0177501877
B1354293932746N03211283EA0177501878
B1354303932748N03211286EA0177501878
B1354313932750N03211289EA0177601879
B1354323932752N03211293EA0177701880
B1354333932753N03211297EA0177801881
B1354343932754N03211302EA0177901882
B1354353932753N03211308EA0177901882
B1354363932751N03211315EA0177901881
B1354373932748N03211322EA0177801881
B1354383932744N03211329EA0177901882
B1354393932739N03211336EA0178001884
B1354403932735N03211341EA0178101886
B1354413932730N03211346EA0178301888
B1354423932725N03211351EA0178401889
B1354433932719N03211355EA0178501889
B1354443932712N03211358EA0178501888
B1354453932705N03211359EA0178401888
B1354463932697N03211359EA0178401888
B1354473932689N03211358EA0178401888
B1354483932682N03211355EA0178401888
B1354493932674N03211351EA0178501889
B1354503932667N03211346EA0178601892
B1354513932661N03211341EA0178801894
B1354523932655N03211335EA0179001896
B1354533932650N03211328EA0179201898
B1354543932645N03211321EA0179401899
B1354553932640N03211314EA0179501901
B1354563932636N03211306EA0179801904
B1354573932631N03211298EA0180001906
B1354583932627N03211291EA0180201908
B1354593932623N03211284EA0180401909
B1355003932619N03211278EA0180401910
B1355013932615N03211272EA0180401909
B1355023932610N03211266EA0180401908
B1355033932604N03211259EA0180301908
B1355043932599N03211251EA0180301909
B1355053932595N03211243EA0180401910
B1355063932591N03211235EA0180501910
B1355073932588N03211227EA0180601911
B1355083932585N03211219EA0180701911
B1355093932582N03211211EA0180701910
B1355103932578N03211203EA0180701910
B1355113932575N03211194EA0180601909
B1355123932573N03211186EA0180601909
B1355133932573N03211178EA0180501908
B1355143932573N03211170EA0180401906
B1355153932573N03211161EA0180301904
B1355163932573N03211151EA0180101903
B1355173932572N03211141EA0180101903
B1355183932572N03211132EA0180101904
B1355193932573N03211124EA0180201906
B1355203932573N03211117EA0180301906
B1355213932573N03211109EA0180401906
B1355223932574N03211101EA0180301905
B1355233932574N03211093EA0180301904
B1355243932574N03211084EA0180201903
B1355253932574N03211076EA0180001902
B1355263932575N03211067EA0179901900
B1355273932575N03211058EA0179801899
B1355283932575N03211049EA0179601897
B1355293932575N03211040EA0179501896
B1355303932576N03211031EA0179401895
B1355313932577N03211022EA0179401894
B1355323932578N03211014EA0179401895
B1355333932578N03211006EA0179401896
B1355343932578N03210998EA0179401896
B1355353932578N03210990EA0179501896
B1355363932578N03210982EA0179501896
B1355373932578N03210974EA0179501896
B1355383932578N03210966EA0179501897
B1355393932578N03210959EA0179601898
B1355403932578N03210952EA0179701899
B1355413932578N03210945EA0179701898
B1355423932579N03210937EA0179701898
B1355433932580N03210929EA0179601898
B1355443932581N03210920EA0179701899
B1355453932582N03210913EA0179901903
B1355463932582N03210905EA0180301906
B1355473932581N03210899EA0180701911
B1355483932582N03210893EA0181001913
B1355493932582N03210887EA0181201914
B1355503932584N03210881EA0181301915
B1355513932586N03210875EA0181401916
B1355523932588N03210871EA0181501917
B1355533932591N03210869EA0181601918
B1355543932595N03210869EA0181601918
B1355553932598N03210872EA0181601917
B1355563932601N03210877EA0181601918
B1355573932604N03210882EA0181601919
B1355583932605N03210888EA0181701920
B1355593932604N03210896EA0181801921
B1356003932602N03210904EA0181801921
B1356013932598N03210913EA0181801921
B1356023932592N03210920EA0181801922
B1356033932585N03210926EA0181901923
B1356043932577N03210930EA0182001925
B1356053932568N03210932EA0182201926
B1356063932560N03210931EA0182301928
B1356073932552N03210929EA0182401928
B1356083932544N03210925EA0182401929
B1356093932536N03210919EA0182501931
B1356103932530N03210912EA0182701933
B1356113932525N03210904EA0183001937
B1356123932521N03210897EA0183301940
B1356133932517N03210890EA0183601944
B1356143932513N03210884EA0183901946
B1356153932511N03210878EA0184101948
B1356163932509N03210871EA0184201948
B1356173932508N03210864EA0184301948
B1356183932508N03210856EA0184401949
B1356193932508N03210851EA0184501951
B1356203932509N03210846EA0184601953
B1356213932510N03210843EA0184701954
B1356223932512N03210839EA0184701953
B1356233932513N03210835EA0184701953
B1356243932515N03210831EA0184601952
B1356253932516N03210828EA0184601951
B1356263932519N03210826EA0184501950
B1356273932522N03210825EA0184401949
B1356283932525N03210825EA0184301948
B1356293932528N03210825EA0184201947
B1356303932531N03210827EA0184201946
B1356313932533N03210830EA0184101945
B1356323932535N03210835EA0184001944
B1356333932536N03210840EA0183901944
B1356343932537N03210847EA0183801943
B1356353932536N03210854EA0183701942
B1356363932534N03210861EA0183601941
B1356373932530N03210869EA0183601940
B1356383932524N03210877EA0183501940
B1356393932517N03210883EA0183401939
B1356403932508N03210886EA0183401939
B1356413932499N03210886EA0183401940
B1356423932491N03210884EA0183501941
B1356433932484N03210881EA0183501942
B1356443932478N03210876EA0183601943
B1356453932472N03210870EA0183601943
B1356463932468N03210863EA0183601944
B1356473932464N03210855EA0183701944
B1356483932462N03210847EA0183701944
B1356493932459N03210840EA0183801945
B1356503932457N03210834EA0183901945
B1356513932454N03210827EA0183901945
B1356523932452N03210820EA0183801944
B1356533932450N03210813EA0183801943
B1356543932448N03210806EA0183701942
B1356553932446N03210798EA0183601941
B1356563932445N03210790EA0183501940
B1356573932444N03210782EA0183401939
B1356583932443N03210774EA0183301938
B1356593932442N03210767EA0183201937
B1357003932441N03210759EA0183101936
B1357013932440N03210751EA0183001934
B1357023932439N03210743EA0182801932
B1357033932438N03210733EA0182601932
B1357043932438N03210723EA0182601932
B1357053932436N03210714EA0182801935
B1357063932435N03210707EA0183101938
B1357073932435N03210701EA0183301940
B1357083932434N03210694EA0183401939
B1357093932434N03210687EA0183401938
B1357103932434N03210679EA0183301937
B1357113932434N03210670EA0183301937
B1357123932435N03210663EA0183301939
B1357133932436N03210657EA0183501941
B1357143932436N03210652EA0183601942
B1357153932436N03210646EA0183701941
B1357163932436N03210639EA0183701940
B1357173932436N03210631EA0183601938
B1357183932437N03210623EA0183501938
B1357193932438N03210615EA0183501939
B1357203932438N03210608EA0183601941
B1357213932439N03210602EA0183801942
B1357223932439N03210596EA0183901943
B1357233932439N03210589EA0183901943
B1357243932439N03210581EA0183901942
B1357253932439N03210573EA0183901942
B1357263932439N03210564EA0184001943
B1357273932439N03210556EA0184101945
B1357283932439N03210550EA0184301947
B1357293932439N03210544EA0184401948
B1357303932440N03210539EA0184501949
B1357313932440N03210532EA0184501948
B1357323932441N03210525EA0184401946
B1357333932443N03210518EA0184301944
B1357343932445N03210511EA0184101943
B1357353932446N03210504EA0184101943
B1357363932447N03210498EA0184101943
B1357373932447N03210492EA0184001941
B1357383932448N03210485EA0183801939
B1357393932449N03210478EA0183601936
B1357403932451N03210470EA0183301934
B1357413932453N03210462EA0183201933
B1357423932455N03210454EA0183001932
B1357433932456N03210447EA0183001932
B1357443932457N03210441EA0182901931
B1357453932458N03210434EA0182701929
B1357463932459N03210426EA0182501927
B1357473932459N03210418EA0182301924
B1357483932460N03210409EA0182001922
B1357493932461N03210401EA0181801921
B1357503932461N03210394EA0181701921
B1357513932462N03210387EA0181701920
B1357523932461N03210380EA0181601919
B1357533932460N03210373EA0181401917
B1357543932459N03210365EA0181201914
B1357553932458N03210357EA0180801910
B1357563932457N03210348EA0180501906
B1357573932456N03210339EA0180201903
B1357583932454N03210330EA0180001902
B1357593932452N03210322EA0179901900
B1358003932451N03210314EA0179701898
B1358013932450N03210306EA0179401895
B1358023932450N03210298EA0179201892
B1358033932450N03210289EA0178901889
B1358043932449N03210279EA0178601886
B1358053932448N03210270EA0178401884
B1358063932448N03210261EA0178201882
B1358073932448N03210253EA0178001879
B1358083932447N03210245EA0177801877
B1358093932447N03210237EA0177501873
B1358103932447N03210228EA0177101868
B1358113932448N03210219EA0176701864
B1358123932449N03210210EA0176201859
B1358133932450N03210200EA0175801857
B1358143932450N03210191EA0175601855
B1358153932450N03210182EA0175501854
B1358163932451N03210174EA0175401853
B1358173932451N03210166EA0175201850
B1358183932451N03210158EA0174901847
B1358193932451N03210150EA0174601844
B1358203932451N03210140EA0174301840
B1358213932451N03210131EA0174001837
B1358223932451N03210121EA0173601834
B1358233932451N03210112EA0173401831
B1358243932452N03210103EA0173201829
B1358253932452N03210094EA0173101828
B1358263932452N03210086EA0172901827
B1358273932451N03210077EA0172701825
B1358283932451N03210068EA0172501823
B1358293932450N03210059EA0172301820
B1358303932450N03210050EA0172001818
B1358313932451N03210041EA0171701815
B1358323932451N03210031EA0171601813
B1358333932451N03210023EA0171401811
B1358343932451N03210014EA0171201809
B1358353932451N03210006EA0171101806
B1358363932451N03209997EA0170801803
B1358373932451N03209988EA0170501799
B1358383932452N03209979EA0170101795
B1358393932453N03209969EA0169801792
B1358403932453N03209960EA0169501789
B1358413932454N03209950EA0169301788
B1358423932455N03209941EA0169201786
B1358433932455N03209932EA0169001785
B1358443932456N03209923EA0168901783
B1358453932456N03209914EA0168701780
B1358463932457N03209905EA0168401777
B1358473932458N03209896EA0168101774
B1358483932458N03209886EA0167701771
B1358493932459N03209876EA0167501768
B1358503932459N03209866EA0167301766
B1358513932459N03209855EA0167101765
B1358523932459N03209845EA0167001764
B1358533932460N03209836EA0167001764
B1358543932462N03209826EA0166901764
B1358553932463N03209818EA0167001765
B1358563932463N03209810EA0166901765
B1358573932462N03209803EA0166901763
B1358583932461N03209794EA0166701761
B1358593932460N03209786EA0166401757
B1359003932461N03209776EA0166201754
B1359013932461N03209766EA0165901753
B1359023932462N03209757EA0165801753
B1359033932463N03209749EA0165801754
B1359043932465N03209742EA0165901754
B1359053932466N03209735EA0165901754
B1359063932468N03209729EA0165801751
B1359073932469N03209721EA0165601749
B1359083932470N03209713EA0165301746
B1359093932472N03209706EA0165101745
B1359103932474N03209700EA0165001744
B1359113932476N03209695EA0164901743
B1359123932478N03209690EA0164801742
B1359133932480N03209684EA0164701740
B1359143932482N03209678EA0164501737
B1359153932484N03209671EA0164301736
B1359163932486N03209665EA0164101734
B1359173932488N03209658EA0164001734
B1359183932490N03209653EA0163901734
B1359193932491N03209647EA0163901733
B1359203932493N03209642EA0163701731
B1359213932494N03209636EA0163501728
B1359223932496N03209628EA0163201724
B1359233932499N03209621EA0162901721
B1359243932501N03209612EA0162701719
B1359253932503N03209605EA0162601719
B1359263932505N03209598EA0162601719
B1359273932506N03209592EA0162501719
B1359283932508N03209586EA0162401717
B1359293932510N03209579EA0162301714
B1359303932513N03209571EA0162001712
B1359313932515N03209564EA0161801709
B1359323932518N03209556EA0161601708
B1359333932520N03209550EA0161501708
B1359343932522N03209543EA0161501708
B1359353932524N03209538EA0161401706
B1359363932527N03209532EA0161201704
B1359373932529N03209526EA0161001701
B1359383932532N03209519EA0160701698
B1359393932535N03209513EA0160501696
B1359403932538N03209507EA0160401695
B1359413932541N03209502EA0160301695
B1359423932544N03209497EA0160201694
B1359433932547N03209492EA0160101693
B1359443932549N03209486EA0160001691
B1359453932552N03209480EA0159901688
B1359463932555N03209473EA0159601686
B1359473932559N03209467EA0159401684
B1359483932563N03209460EA0159201683
B1359493932566N03209453EA0159101683
B1359503932569N03209446EA0159101682
B1359513932572N03209439EA0159101682
B1359523932575N03209432EA0159001682
B1359533932578N03209426EA0159001681
B1359543932581N03209419EA0159001681
B1359553932584N03209413EA0158901680
B1359563932587N03209406EA0158901679
B1359573932590N03209399EA0158801678
B1359583932593N03209392EA0158701677
B1359593932596N03209386EA0158601677
B1400003932599N03209379EA0158501676
B1400013932602N03209373EA0158501675
B1400023932604N03209366EA0158401673
B1400033932607N03209359EA0158201671
B1400043932610N03209352EA0158001670
B1400053932614N03209346EA0157901668
B1400063932618N03209341EA0157801667
B1400073932622N03209335EA0157701667
B1400083932625N03209329EA0157601666
B1400093932628N03209323EA0157501665
B1400103932630N03209318EA0157501664
B1400113932631N03209312EA0157301661
B1400123932633N03209306EA0157001658
B1400133932635N03209299EA0156701653
B1400143932637N03209291EA0156301649
B1400153932640N03209283EA0156001646
B1400163932643N03209275EA0155701644
B1400173932645N03209269EA0155601643
B1400183932648N03209263EA0155401641
B1400193932650N03209256EA0155101638
B1400203932652N03209249EA0154801634
B1400213932655N03209241EA0154401630
B1400223932658N03209234EA0154101627
B1400233932661N03209226EA0153901625
B1400243932664N03209219EA0153701623
B1400253932666N03209212EA0153501621
B1400263932668N03209205EA0153201618
B1400273932670N03209197EA0152901614
B1400283932673N03209190EA0152601610
B1400293932676N03209182EA0152301608
B1400303932680N03209175EA0152001606
B1400313932682N03209168EA0151901604
B1400323932685N03209160EA0151701602
B1400333932687N03209153EA0151601600
B1400343932689N03209146EA0151301597
B1400353932692N03209139EA0151001594
B1400363932695N03209132EA0150701591
B1400373932698N03209124EA0150501589
B1400383932701N03209116EA0150301587
B1400393932704N03209109EA0150201586
B1400403932706N03209103EA0150001585
B1400413932709N03209098EA0149901583
B1400423932712N03209092EA0149701580
B1400433932716N03209086EA0149401578
B1400443932719N03209079EA0149101575
B1400453932722N03209072EA0149001573
B1400463932726N03209065EA0148801571
B1400473932729N03209059EA0148701571
B1400483932731N03209053EA0148501569
B1400493932734N03209047EA0148401567
B1400503932737N03209042EA0148201565
B1400513932740N03209035EA0148001562
B1400523932744N03209028EA0147701559
B1400533932748N03209021EA0147401557
B1400543932751N03209013EA0147301556
B1400553932754N03209006EA0147201556
B1400563932757N03209000EA0147101555
B1400573932760N03208995EA0147001554
B1400583932762N03208988EA0146801551
B1400593932765N03208982EA0146601548
B1401003932767N03208975EA0146301545
B1401013932771N03208968EA0146001541
B1401023932774N03208961EA0145701539
B1401033932777N03208955EA0145501537
B1401043932781N03208948EA0145301536
B1401053932784N03208942EA0145201534
B1401063932786N03208936EA0145101533
B1401073932790N03208931EA0144901531
B1401083932793N03208925EA0144801529
B1401093932796N03208919EA0144601527
B1401103932798N03208912EA0144401526
B1401113932799N03208906EA0144401526
B1401123932801N03208900EA0144301525
B1401133932803N03208893EA0144201523
B1401143932804N03208886EA0144001521
B1401153932806N03208879EA0143801518
B1401163932808N03208871EA0143501516
B1401173932811N03208863EA0143301514
B1401183932813N03208856EA0143201513
B1401193932815N03208850EA0143101512
B1401203932817N03208843EA0143001511
B1401213932819N03208836EA0142801509
B1401223932821N03208829EA0142601507
B1401233932823N03208822EA0142401504
B1401243932826N03208815EA0142201502
B1401253932828N03208808EA0142001501
B1401263932831N03208801EA0141901500
B1401273932833N03208794EA0141801499
B1401283932835N03208787EA0141701498
B1401293932837N03208781EA0141701497
B1401303932838N03208774EA0141601496
B1401313932840N03208768EA0141501494
B1401323932842N03208762EA0141301492
B1401333932844N03208756EA0141001489
B1401343932846N03208749EA0140801486
B1401353932849N03208742EA0140601485
B1401363932851N03208736EA0140401483
B1401373932854N03208730EA0140201481
B1401383932856N03208724EA0140001479
B1401393932858N03208717EA0139801476
B1401403932861N03208711EA0139501473
B1401413932864N03208704EA0139301470
B1401423932866N03208697EA0139001468
B1401433932869N03208691EA0138801467
B1401443932871N03208685EA0138701466
B1401453932873N03208679EA0138601464
B1401463932875N03208673EA0138401462
B1401473932877N03208666EA0138201459
B1401483932880N03208660EA0137901456
B1401493932883N03208653EA0137601454
B1401503932886N03208647EA0137401452
B1401513932889N03208642EA0137301451
B1401523932891N03208636EA0137201449
B1401533932892N03208630EA0137001447
B1401543932895N03208624EA0136701443
B1401553932897N03208617EA0136401439
B1401563932899N03208609EA0136001435
B1401573932901N03208600EA0135701432
B1401583932902N03208593EA0135401430
B1401593932904N03208585EA0135101428
B1402003932906N03208578EA0134901425
B1402013932908N03208571EA0134601421
B1402023932910N03208563EA0134201417
B1402033932912N03208555EA0133801414
B1402043932914N03208547EA0133601411
B1402053932916N03208539EA0133301409
B1402063932918N03208531EA0133201407
B1402073932921N03208524EA0133001406
B1402083932922N03208517EA0132801403
B1402093932924N03208509EA0132601401
B1402103932926N03208501EA0132401399
B1402113932928N03208493EA0132201396
B1402123932932N03208486EA0131901394
B1402133932935N03208480EA0131701391
B1402143932939N03208474EA0131501389
B1402153932942N03208468EA0131301387
B1402163932945N03208462EA0131101385
B1402173932948N03208456EA0130901382
B1402183932950N03208450EA0130601378
B1402193932953N03208444EA0130201374
B1402203932957N03208437EA0129801369
B1402213932962N03208431EA0129301365
B1402223932966N03208425EA0129001362
B1402233932970N03208419EA0128801360
B1402243932973N03208413EA0128601358
B1402253932975N03208406EA0128401356
B1402263932977N03208399EA0128201354
B1402273932978N03208393EA0128001351
B1402283932980N03208385EA0127701348
B1402293932982N03208377EA0127301344
B1402303932984N03208369EA0127101342
B1402313932986N03208361EA0126901341
B1402323932988N03208354EA0126701339
B1402333932990N03208348EA0126601338
B1402343932992N03208342EA0126501336
B1402353932994N03208334EA0126201333
B1402363932996N03208327EA0125901330
B1402373932999N03208319EA0125701327
B1402383933002N03208313EA0125401325
B1402393933005N03208306EA0125201322
B1402403933008N03208301EA0124901320
B1402413933011N03208295EA0124701317
B1402423933014N03208289EA0124501315
B1402433933017N03208283EA0124201312
B1402443933019N03208277EA0124001309
B1402453933022N03208271EA0123701305
B1402463933025N03208265EA0123301301
B1402473933029N03208259EA0123001298
B1402483933032N03208253EA0122601294
B1402493933036N03208246EA0122401292
B1402503933040N03208241EA0122101290
B1402513933043N03208236EA0122001288
B1402523933047N03208230EA0121701286
B1402533933050N03208225EA0121501283
B1402543933053N03208218EA0121201279
B1402553933057N03208212EA0120901277
B1402563933060N03208205EA0120701274
B1402573933064N03208198EA0120501272
B1402583933068N03208190EA0120301271
B1402593933071N03208182EA0120101269
B1403003933073N03208174EA0120001268
B1403013933075N03208166EA0119901267
B1403023933077N03208158EA0119801266
B1403033933080N03208150EA0119601264
B1403043933083N03208142EA0119401262
B1403053933085N03208133EA0119201259
B1403063933088N03208124EA0119101258
B1403073933090N03208115EA0118901257
B1403083933092N03208107EA0118801256
B1403093933095N03208099EA0118701254
B1403103933097N03208091EA0118601252
B1403113933100N03208084EA0118401250
B1403123933103N03208076EA0118201248
B1403133933106N03208068EA0118001245
B1403143933109N03208060EA0117701243
B1403153933113N03208053EA0117501241
B1403163933116N03208045EA0117301239
B1403173933119N03208037EA0117101237
B1403183933123N03208029EA0116901234
B1403193933126N03208020EA0116801232
B1403203933129N03208011EA0116501230
B1403213933132N03208003EA0116401229
B1403223933135N03207995EA0116201227
B1403233933138N03207987EA0116101226
B1403243933141N03207980EA0115901224
B1403253933144N03207972EA0115701221
B1403263933146N03207965EA0115401217
B1403273933149N03207957EA0115101213
B1403283933151N03207949EA0114701210
B1403293933154N03207940EA0114401208
B1403303933157N03207933EA0114201207
B1403313933159N03207926EA0114101205
B1403323933161N03207919EA0113901203
B1403333933163N03207912EA0113801200
B1403343933165N03207905EA0113501196
B1403353933168N03207898EA0113101193
B1403363933171N03207891EA0112801190
B1403373933174N03207884EA0112501187
B1403383933177N03207878EA0112301185
B1403393933180N03207872EA0112001182
B1403403933183N03207866EA0111801179
B1403413933187N03207860EA0111501176
B1403423933190N03207855EA0111301173
B1403433933194N03207850EA0111001170
B1403443933198N03207845EA0110801168
B1403453933202N03207840EA0110601167
B1403463933206N03207834EA0110401165
B1403473933209N03207830EA0110301163
B1403483933213N03207825EA0110101160
B1403493933217N03207820EA0109801157
B1403503933221N03207815EA0109501154
B1403513933225N03207809EA0109201150
B1403523933230N03207804EA0108901147
B1403533933234N03207800EA0108601145
B1403543933238N03207795EA0108401142
B1403553933243N03207791EA0108101139
B1403563933248N03207786EA0107801137
B1403573933252N03207780EA0107601134
B1403583933257N03207775EA0107301131
B1403593933262N03207770EA0107101128
B1404003933267N03207765EA0106801126
B1404013933272N03207760EA0106601123
B1404023933277N03207754EA0106301120
B1404033933282N03207749EA0106101118
B1404043933286N03207744EA0105901116
B1404053933290N03207739EA0105601114
B1404063933295N03207734EA0105401111
B1404073933299N03207728EA0105101108
B1404083933303N03207722EA0104901105
B1404093933307N03207715EA0104701103
B1404103933311N03207709EA0104501101
B1404113933316N03207703EA0104301099
B1404123933320N03207698EA0104101096
B1404133933324N03207692EA0103801094
B1404143933328N03207685EA0103501091
B1404153933332N03207679EA0103201088
B1404163933336N03207672EA0102901085
B1404173933340N03207666EA0102701082
B1404183933344N03207660EA0102401079
B1404193933348N03207654EA0102101076
B1404203933353N03207648EA0101801073
B1404213933357N03207642EA0101501069
B1404223933361N03207635EA0101101066
B1404233933365N03207629EA0100901064
B1404243933368N03207623EA0100701062
B1404253933371N03207617EA0100501061
B1404263933374N03207611EA0100401059
B1404273933377N03207607EA0100201056
B1404283933380N03207602EA0099801052
B1404293933384N03207598EA0099401048
B1404303933388N03207593EA0099001044
B1404313933392N03207588EA0098701040
B1404323933395N03207584EA0098401037
B1404333933399N03207581EA0098201035
B1404343933403N03207577EA0097901032
B1404353933407N03207573EA0097601028
B1404363933411N03207568EA0097201025
B1404373933415N03207563EA0097001022
B1404383933419N03207558EA0096701019
B1404393933422N03207554EA0096401016
B1404403933426N03207550EA0096101013
B1404413933430N03207546EA0095901012
B1404423933434N03207542EA0095801011
B1404433933436N03207537EA0095701011
B1404443933439N03207533EA0095701011
B1404453933442N03207528EA0095601009
B1404463933445N03207524EA0095401006
B1404473933450N03207520EA0095101004
B1404483933454N03207515EA0094901002
B1404493933457N03207510EA0094901002
B1404503933461N03207505EA0094801002
B1404513933464N03207500EA0094901003
B1404523933467N03207497EA0094901002
B1404533933470N03207494EA0094901002
B1404543933473N03207491EA0094901002
B1404553933476N03207488EA0094901002
B1404563933478N03207485EA0094901003
B1404573933481N03207483EA0094901003
B1404583933483N03207481EA0094901003
B1404593933486N03207480EA0094901004
B1405003933488N03207480EA0095001004
B1405013933490N03207480EA0095001005
B1405023933492N03207479EA0095101006
B1405033933494N03207479EA0095201007
B1405043933496N03207478EA0095201006
B1405053933498N03207479EA0095101006
B1405063933500N03207480EA0095101006
B1405073933502N03207480EA0095101006
B1405083933504N03207479EA0095001004
B1405093933507N03207478EA0094901003
B1405103933510N03207476EA0094801002
B1405113933513N03207476EA0094701002
B1405123933515N03207476EA0094601002
B1405133933518N03207475EA0094601001
B1405143933520N03207475EA0094601001
B1405153933523N03207473EA0094601000
B1405163933525N03207471EA0094601000
B1405173933527N03207470EA0094601000
B1405183933529N03207468EA0094500999
B1405193933532N03207468EA0094400998
B1405203933534N03207469EA0094300996
B1405213933537N03207470EA0094100994
B1405223933540N03207473EA0093900993
B1405233933541N03207477EA0093900993
B1405243933541N03207482EA0093900994
B1405253933540N03207487EA0093900993
B1405263933537N03207492EA0093800993
B1405273933533N03207498EA0093800993
B1405283933529N03207502EA0093900994
B1405293933523N03207506EA0093900995
B1405303933517N03207508EA0094000995
B1405313933510N03207508EA0094000996
B1405323933502N03207508EA0094000996
B1405333933495N03207505EA0094100997
B1405343933488N03207501EA0094200998
B1405353933481N03207496EA0094200998
B1405363933475N03207489EA0094200998
B1405373933470N03207482EA0094100996
B1405383933467N03207474EA0093900994
B1405393933465N03207466EA0093700992
B1405403933465N03207459EA0093400989
B1405413933467N03207453EA0093200987
B1405423933469N03207448EA0093100986
B1405433933471N03207443EA0093000986
B1405443933473N03207439EA0093000985
B1405453933476N03207436EA0092900984
B1405463933478N03207434EA0092700982
B1405473933482N03207433EA0092700981
B1405483933485N03207433EA0092500981
B1405493933488N03207434EA0092500981
B1405503933492N03207434EA0092600983
B1405513933494N03207434EA0092700984
B1405523933497N03207434EA0092800985
B1405533933499N03207433EA0092900986
B1405543933501N03207433EA0093000986
B1405553933504N03207434EA0093000985
B1405563933506N03207436EA0092900985
B1405573933509N03207437EA0092800984
B1405583933512N03207439EA0092800984
B1405593933515N03207440EA0092800984
B1406003933518N03207440EA0092800984
B1406013933520N03207440EA0092700984
B1406023933522N03207439EA0092600983
B1406033933524N03207437EA0092500980
B1406043933527N03207436EA0092300978
B1406053933531N03207436EA0092000974
B1406063933535N03207438EA0091600971
B1406073933539N03207441EA0091400969
B1406083933542N03207445EA0091200968
B1406093933544N03207448EA0091200968
B1406103933547N03207451EA0091200968
B1406113933549N03207454EA0091200967
B1406123933551N03207457EA0091100965
B1406133933554N03207460EA0091000964
B1406143933556N03207463EA0090800962
B1406153933559N03207467EA0090700961
B1406163933561N03207470EA0090600961
B1406173933564N03207473EA0090700961
B1406183933565N03207475EA0090800963
B1406193933566N03207477EA0090900964
B1406203933567N03207480EA0091000964
B1406213933569N03207483EA0091000964
B1406223933572N03207486EA0091000964
B1406233933575N03207489EA0091000964
B1406243933579N03207490EA0091000965
B1406253933582N03207491EA0091100967
B1406263933584N03207491EA0091200967
B1406273933586N03207491EA0091200966
B1406283933589N03207492EA0091000963
B1406293933593N03207493EA0090800960
B1406303933597N03207495EA0090500958
B1406313933601N03207495EA0090200957
B1406323933605N03207495EA0090200957
B1406333933608N03207494EA0090100955
B1406343933611N03207493EA0089900953
B1406353933613N03207494EA0089700950
B1406363933616N03207494EA0089400946
B1406373933620N03207494EA0089100943
B1406383933624N03207495EA0088700940
B1406393933628N03207495EA0088500938
B1406403933631N03207495EA0088300937
B1406413933635N03207497EA0088200936
B1406423933638N03207499EA0088000934
B1406433933640N03207501EA0087800931
B1406443933643N03207505EA0087600928
B1406453933646N03207509EA0087400926
B1406463933649N03207512EA0087200926
B1406473933652N03207515EA0087200925
B1406483933654N03207517EA0087100924
B1406493933656N03207519EA0086900922
B1406503933659N03207520EA0086800919
B1406513933662N03207522EA0086500916
B1406523933665N03207523EA0086300914
B1406533933668N03207525EA0086100913
B1406543933670N03207528EA0086000911
B1406553933673N03207531EA0085800909
B1406563933675N03207534EA0085600906
B1406573933678N03207538EA0085300904
B1406583933681N03207541EA0085100903
B1406593933683N03207544EA0085000902
B1407003933686N03207547EA0084900901
B1407013933688N03207551EA0084800900
B1407023933690N03207554EA0084800899
B1407033933693N03207558EA0084600898
B1407043933695N03207561EA0084600898
B1407053933698N03207564EA0084600898
B1407063933700N03207567EA0084600899
B1407073933701N03207570EA0084700900
B1407083933703N03207572EA0084800900
B1407093933705N03207575EA0084700898
B1407103933708N03207577EA0084600897
B1407113933711N03207579EA0084400895
B1407123933714N03207582EA0084300894
B1407133933717N03207584EA0084200893
B1407143933720N03207585EA0084200893
B1407153933722N03207586EA0084200893
B1407163933725N03207586EA0084200892
B1407173933728N03207586EA0084000891
B1407183933732N03207586EA0083900890
B1407193933735N03207584EA0083800890
B1407203933738N03207583EA0083800889
B1407213933740N03207581EA0083800889
B1407223933743N03207580EA0083700887
B1407233933746N03207579EA0083500885
B1407243933748N03207579EA0083300883
B1407253933751N03207578EA0083100881
B1407263933754N03207577EA0083000879
B1407273933758N03207576EA0082800877
B1407283933761N03207575EA0082700875
B1407293933764N03207574EA0082500874
B1407303933767N03207573EA0082400873
B1407313933770N03207572EA0082300871
B1407323933773N03207571EA0082100869
B1407333933776N03207570EA0081900867
B1407343933779N03207570EA0081700865
B1407353933782N03207570EA0081600863
B1407363933786N03207570EA0081500862
B1407373933789N03207570EA0081300860
B1407383933792N03207571EA0081200859
B1407393933794N03207572EA0081000857
B1407403933798N03207574EA0080900856
B1407413933801N03207575EA0080700854
B1407423933804N03207576EA0080600854
B1407433933807N03207577EA0080600854
B1407443933809N03207578EA0080600853
B1407453933811N03207579EA0080500852
B1407463933813N03207579EA0080400850
B1407473933814N03207580EA0080200848
B1407483933816N03207581EA0080000846
B1407493933819N03207582EA0079800843
B1407503933822N03207583EA0079500840
B1407513933825N03207585EA0079200837
B1407523933828N03207588EA0079000834
B1407533933831N03207590EA0078900833
B1407543933834N03207593EA0078800833
B1407553933836N03207595EA0078800833
B1407563933838N03207596EA0078700832
B1407573933840N03207596EA0078600831
B1407583933842N03207596EA0078600830
B1407593933843N03207595EA0078400829
B1408003933843N03207595EA0078400829
B1408013933843N03207595EA0078500829
B1408023933843N03207595EA0078500829
B1408033933843N03207595EA0078500829
B1408043933843N03207595EA0078400829
B1408053933843N03207595EA0078400829
B1408063933843N03207595EA0078400829
B1408073933843N03207595EA0078400829
B1408083933843N03207595EA0078500829
B1408093933843N03207595EA0078500829
B1408103933843N03207595EA0078500828
B1408113933843N03207595EA0078500829
B1408123933843N03207595EA0078500829
B1408133933843N03207595EA0078500829
B1408143933843N03207594EA0078500829
B1408153933843N03207594EA0078500829
B1408163933843N03207594EA0078500829
B1408173933843N03207594EA0078500829
B1408183933844N03207594EA0078500829
B1408193933844N03207594EA0078500829
B1408203933844N03207594EA0078500830
B1408213933844N03207594EA0078500830
B1408223933844N03207594EA0078500830
B1408233933844N03207594EA0078500830
B1408243933844N03207594EA0078500830
B1408253933844N03207594EA0078500830
B1408263933844N03207594EA0078500830
B1408273933844N03207594EA0078500830
B1408283933844N03207594EA0078500830
B1408293933844N03207594EA0078500830
B1408303933844N03207594EA0078500830
B1408313933844N03207594EA0078500830
B1408323933844N03207594EA0078500830
B1408333933844N03207594EA0078500830
B1408343933844N03207594EA0078500831
B1408353933844N03207594EA0078500831
B1408363933844N03207594EA0078500831
B1408373933844N03207594EA0078400830
B1408383933844N03207594EA0078500830
B1408393933844N03207594EA0078400830
B1408403933844N03207594EA0078500831
B1408413933844N03207594EA0078500831
B1408423933844N03207594EA0078500832
B1408433933844N03207594EA0078400832
B1408443933844N03207594EA0078500832
B1408453933844N03207594EA0078500832
B1408463933844N03207594EA0078500833
B1408473933844N03207594EA0078500833
B1408483933844N03207594EA0078500834
B1408493933844N03207594EA0078500834
B1408503933844N03207594EA0078500834
B1408513933844N03207594EA0078500834
B1408523933844N03207594EA0078500835
B1408533933844N03207594EA0078500835
B1408543933844N03207594EA0078500835
B1408553933844N03207594EA0078500835
B1408563933844N03207594EA0078500835
B1408573933844N03207594EA0078500835
B1408583933844N03207594EA0078500836
B1408593933844N03207594EA0078500836
B1409003933844N03207594EA0078500836
B1409013933844N03207594EA0078500836
B1409023933844N03207594EA0078500836
B1409033933844N03207594EA0078500836
B1409043933844N03207594EA0078500836
B1409053933844N03207594EA0078500836
B1409063933844N03207594EA0078500836
B1409073933844N03207594EA0078500836
B1409083933844N03207594EA0078500834
B1409093933844N03207594EA0078500834
B1409103933844N03207594EA0078500834
B1409113933844N03207594EA0078500834
B1409123933844N03207594EA0078500833
B1409133933844N03207594EA0078500833
G281b0235b1d7fc5a9f9727cd574b8d3c6dd8639fd404a2174f4c7c006f9116d3
